Workbook

Sheet التعليمات
B1: 📘 نظام تتبع المستخلصات متعدد المشاريع — دليل الاستخدام والربط
B2: ="تقارير المستخلصات المجمعة لكل المشاريع | تاريخ التقرير: "&TEXT(TODAY(),"yyyy/mm/dd")
B3: 🏠 الإجمالي العام | C3: 📊 تقرير المشروع 01
B5: مكونات النظام (فولدر رئيسي: ملف التقارير + فولدر مستقل لكل مشروع)
B6: Projects_Billing_Reports.xlsx | C6: ملف التقارير (هذا الملف): 50 شيتات تقرير — شيت لكل مشروع — والشيت الأخير «الإجمالي العام» يجمع كل المشاريع.
B7: Project_01/IPC_Project_01.xlsx … Project_50/IPC_Project_50.xlsx | C7: ملف مستخلصات لكل مشروع: بيانات العقد، جدول الكميات، التغييرية، الاستقطاعات، 20 شيت مستخلص مترابطة، وسجل المستخلصات.
B9: طريقة العمل
B10: 1. افتح ملف المشروع | C10: مثلاً Project_01/IPC_Project_01.xlsx — أدخل بيانات العقد وجدول الكميات مرة واحدة، وضع مستندات المشروع (عقود، محاضر، فواتير) في نفس فولدره.
B11: 2. اعمل المستخلص | C11: في شيت «مستخلص NN»: الفترة والتواريخ والكميات الحالية والمواد والغرامات والتحصيل. السابق يُسحب آلياً من المستخلص الذي قبله.
B12: 3. احفظ الملف | C12: كل الحسابات تتجمع في «سجل المستخلصات» داخل ملف المشروع.
B13: 4. افتح ملف التقارير | C13: اضغط «تمكين المحتوى» ثم «تحديث» عند ظهور رسالة الروابط — تنتقل الأرقام آلياً لتقرير المشروع وللإجمالي العام. (يمكن أيضاً: بيانات ← تحرير الارتباطات ← تحديث القيم).
B14: مشروع جديد | C14: المشاريع 4 إلى 50 قوالب فارغة جاهزة كل منها في فولدره: افتح ملف المشروع وابدأ بإدخال البيانات، وسيظهر آلياً في التقارير.
B15: تغيير مكان الملفات | C15: انقل الفولدر الرئيسي كاملاً بما فيه فولدرات المشاريع. لا تغيّر أسماء الفولدرات أو الملفات؛ وإن لزم: بيانات ← تحرير الارتباطات ← تغيير المصدر.
B17: التوافق مع الأنظمة السعودية
B18: ضريبة القيمة المضافة | C18: 15% (نظام ضريبة القيمة المضافة). وعاء الضريبة = صافي المستخلص بعد استرداد الدفعة المقدمة، ويشمل المحتجزات إذا فُوترت مع المستخلص، ولا تُخفضه غرامات التأخير افتراضياً — كلها قابلة للضبط في «بيانات العقد».
B19: الفاتورة الضريبية | C19: يُسجل رقم وتاريخ الفاتورة الضريبية لكل مستخلص. الفاتورة نفسها تُصدر من نظام فوترة إلكترونية متوافق مع متطلبات «فاتورة» لهيئة الزكاة والضريبة والجمارك (رمز QR والربط في المرحلة الثانية) — المستخلص ليس بديلاً عنها.
B20: الرقم الضريبي | C20: 15 رقماً يبدأ وينتهي بالرقم 3 — مع تحقق آلي من الصيغة للمقاول وصاحب العمل.
B21: الدفعة المقدمة | C21: في العقود الحكومية لا تتجاوز 10% من قيمة العقد وبمقابل ضمان بنكي مساوٍ لها، وتُسترد من المستخلصات.
B22: الضمان النهائي | C22: 5% من قيمة العقد (خطاب ضمان بنكي) مع تنبيه آلي قبل انتهاء الصلاحية بـ 30 يوماً.
B23: غرامات التأخير | C23: حد أقصى قابل للضبط (افتراضياً 10% من قيمة العقد) مع تنبيه عند تجاوزه.
B24: ضريبة الاستقطاع | C24: لا تُطبق على المقاول المقيم (0%)، وتُستخدم فقط للمدفوعات لغير المقيم وفق نظام ضريبة الدخل.
B25: المستندات النظامية | C25: قائمة تحقق لكل مستخلص: الزكاة، التأمينات الاجتماعية (GOSI)، نطاقات، السجل التجاري والغرفة، الضمانات، التأمين (CAR).
B26: التاريخ الهجري | C26: تظهر فترة كل مستخلص بالتاريخ الهجري بجوار الميلادي.
B27: تنبيه مهم | C27: النسب والحدود الافتراضية مبنية على الممارسة الشائعة؛ تُراجع مع شروط عقدك والمستشار القانوني والضريبي قبل الاعتماد.
B29: منطق الاحتساب (كل القيم تراكمية — الحالي = التراكمي − السابق)
B30: قيمة الأعمال | C30: Σ (الكمية التراكمية لكل بند × سعر الوحدة)، والكمية التراكمية = السابقة + الحالية.
B31: نسبة الإنجاز | C31: (الأعمال + التغييرية المدرجة) ÷ (قيمة العقد الأصلية + التغييرية المدرجة).
B32: استرداد الدفعة المقدمة | C32: MIN(قيمة الدفعة ، MAX(0 ، الأعمال − نسبة البدء × العقد) × نسبة الاسترداد)، ويُسترد الرصيد كاملاً عند نسبة الاسترداد الكامل.
B33: ضمان الأعمال | C33: MIN(إجمالي القيمة × نسبة الضمان ، الحد الأقصى) − المفرج عنه تراكمياً.
B34: الاستقطاعات الفنية | C34: المستقطع حتى المستخلص − المفرج عنه حتى المستخلص.
B35: الضرائب | C35: ض.ق.م على الصافي (+ الضمان إن كان الإعداد «نعم»)، وضريبة الاستقطاع (لغير المقيم فقط) على الصافي قبل خصم الضمان، والغرامات لا تُخفض وعاء الضريبة افتراضياً.
B36: SPI | C36: الإنجاز الفعلي ÷ المخطط — أقل من 1 = تأخر.
B37: الموازنة والربحية | C37: BAC = التكلفة المباشرة + العمومية + الطوارئ. الربح = إجمالي قيمة الأعمال − التكلفة الفعلية. CPI = (BAC × نسبة الإنجاز) ÷ التكلفة الفعلية؛ أقل من 0.95 = تجاوز. EAC = BAC ÷ CPI.
B38: الإجمالي العام | C38: متوسطات الإنجاز مرجحة بقيمة العقد المعدلة لكل مشروع.

Sheet مشروع 01
B1: ="📊 "&IF('[1]بيانات العقد'!$C$5="","مشروع رقم 01 — غير مُفعّل",'[1]بيانات العقد'!$C$5)
B2: ="تقارير المستخلصات المجمعة لكل المشاريع | تاريخ التقرير: "&TEXT(TODAY(),"yyyy/mm/dd")
B3: 🏠 الإجمالي العام | D3: المشروع التالي ► | F3: 📂 فتح ملف المستخلصات: Project_01/IPC_Project_01.xlsx | N3: يُحدَّث آلياً من ملف المستخلصات (تمكين المحتوى ← تحديث الروابط)
AA4: بيانات مرتبطة من ملف المستخلصات
B5: المشروع | C5: =IF('[1]بيانات العقد'!$C$5="","",'[1]بيانات العقد'!$C$5) | G5: رقم العقد | H5: =IF('[1]بيانات العقد'!$C$6="","",'[1]بيانات العقد'!$C$6) | L5: صاحب العمل | M5: =IF('[1]بيانات العقد'!$C$7="","",'[1]بيانات العقد'!$C$7) | R5: الاستشاري | S5: =IF('[1]بيانات العقد'!$C$8="","",'[1]بيانات العقد'!$C$8) | AA5: قيمة العقد الأصلية | AB5: =N('[1]بيانات العقد'!$C$16)
B6: المقاول | C6: =IF('[1]بيانات العقد'!$C$9="","",'[1]بيانات العقد'!$C$9) | G6: تاريخ البدء | H6: =IF('[1]بيانات العقد'!$C$11="","",'[1]بيانات العقد'!$C$11) | L6: الانتهاء التعاقدي | M6: =IF('[1]بيانات العقد'!$C$13="","",'[1]بيانات العقد'!$C$13) | R6: العملة | S6: =IF('[1]بيانات العقد'!$C$14="","",'[1]بيانات العقد'!$C$14) | AA6: صافي التغييرية المعتمدة | AB6: =N('[1]بيانات العقد'!$C$17)
AA7: قيمة العقد المعدلة | AB7: =N('[1]بيانات العقد'!$C$18)
B8: قيمة العقد الأصلية | F8: صافي الأوامر التغييرية | J8: قيمة العقد المعدلة | N8: إجمالي قيمة الأعمال التراكمية | R8: الأعمال المتبقية | V8: آخر مستخلص فعال | AA8: نسبة الدفعة المقدمة | AB8: =N('[1]بيانات العقد'!$C$20)
B9: =$AB$5 | F9: =$AB$6 | J9: =$AB$7 | N9: =IF($V$9=0,0,N(INDEX($J$25:$J$44,$V$9))) | R9: =MAX(0,$AB$7-IF($V$9=0,0,N(INDEX($G$25:$G$44,$V$9)))-IF($V$9=0,0,N(INDEX($H$25:$H$44,$V$9)))) | V9: =SUMPRODUCT(MAX((C25:C44<>"")*B25:B44)) | AA9: قيمة الدفعة المقدمة | AB9: =N('[1]بيانات العقد'!$C$21)
AA10: نسبة ضمان الأعمال | AB10: =N('[1]بيانات العقد'!$C$27)
B11: نسبة الإنجاز الفعلية | F11: نسبة الإنجاز المخططة | J11: الانحراف (فعلي - مخطط) | N11: نسبة المدة المنقضية | R11: مؤشر أداء الجدول (SPI) | V11: حالة المشروع | AA11: الحد الأقصى للضمان | AB11: =N('[1]بيانات العقد'!$C$29)
B12: =IF($V$9=0,0,N(INDEX($K$25:$K$44,$V$9))) | F12: =IF($V$9=0,0,N(INDEX($L$25:$L$44,$V$9))) | J12: =B12-F12 | N12: =IF(OR($V$9=0,$AB$14="",$AB$15=""),0,MIN(1,MAX(0,(INDEX(C25:C44,$V$9)-$AB$14+1)/($AB$15-$AB$14+1)))) | R12: =IF(F12>0,B12/F12,0) | V12: =IF($AB$7=0,"غير مُفعّل",IF($V$9=0,"لم يبدأ الصرف",IF(J12<-0.05,"⚠ متأخر",IF(J12<0,"متأخر قليلاً","✔ مطابق / متقدم")))) | AA12: ضريبة القيمة المضافة | AB12: =N('[1]بيانات العقد'!$C$31)
AA13: ضريبة الاستقطاع (غير المقيم) | AB13: =N('[1]بيانات العقد'!$C$33)
B14: صافي المستحق التراكمي | F14: إجمالي المحصل | J14: مستحقات غير محصلة | N14: نسبة التحصيل | R14: متوسط مدة التحصيل (يوم) | V14: تاريخ آخر مستخلص | AA14: تاريخ البدء | AB14: =IF('[1]بيانات العقد'!$C$11="","",'[1]بيانات العقد'!$C$11)
B15: =IF($V$9=0,0,N(INDEX($T$25:$T$44,$V$9))) | F15: =V45 | J15: =W45 | N15: =IF(B15>0,F15/B15,0) | R15: =X45 | V15: =IF($V$9=0,"",INDEX(C25:C44,$V$9)) | AA15: تاريخ الانتهاء التعاقدي | AB15: =IF('[1]بيانات العقد'!$C$13="","",'[1]بيانات العقد'!$C$13)
AA16: المدة (شهر) | AB16: =IF('[1]بيانات العقد'!$C$12="","",'[1]بيانات العقد'!$C$12)
B17: ضمان الأعمال المحتجز | F17: رصيد الدفعة المقدمة غير المسترد | J17: الاستقطاعات الفنية المحتجزة | N17: الغرامات والخصومات | R17: مستحق آخر مستخلص | V17: عدد المستخلصات المعتمدة | AA17: نوع العقد | AB17: =IF('[1]بيانات العقد'!$C$36="","",'[1]بيانات العقد'!$C$36)
B18: =IF($V$9=0,0,N(INDEX($O$25:$O$44,$V$9))) | F18: =MAX(0,$AB$9-IF($V$9=0,0,N(INDEX($N$25:$N$44,$V$9)))) | J18: =IF($V$9=0,0,N(INDEX($P$25:$P$44,$V$9))) | N18: =IF($V$9=0,0,N(INDEX($Q$25:$Q$44,$V$9))) | R18: =IF($V$9=0,0,N(INDEX($U$25:$U$44,$V$9))) | V18: =COUNTIF(E25:E44,"معتمد") | AA18: الرقم الضريبي للمقاول | AB18: =IF('[1]بيانات العقد'!$C$37="","",'[1]بيانات العقد'!$C$37)
AA19: الرقم الضريبي لصاحب العمل | AB19: =IF('[1]بيانات العقد'!$C$39="","",'[1]بيانات العقد'!$C$39)
B20: الموازنة التقديرية (BAC) | F20: التكلفة الفعلية التراكمية | J20: الربح الفعلي التراكمي | N20: هامش الربح الفعلي | R20: مؤشر أداء التكلفة (CPI) | V20: الربح المتوقع عند الإنجاز | AA20: انتهاء الضمان النهائي | AB20: =IF('[1]بيانات العقد'!$C$42="","",'[1]بيانات العقد'!$C$42)
B21: =N('[1]الموازنة والتكاليف'!$D$66) | F21: =N('[1]الموازنة والتكاليف'!$D$70) | J21: =N('[1]الموازنة والتكاليف'!$D$72) | N21: =N('[1]الموازنة والتكاليف'!$D$73) | R21: =N('[1]الموازنة والتكاليف'!$D$74) | V21: =N('[1]الموازنة والتكاليف'!$D$76) | AA21: انتهاء ضمان الدفعة المقدمة | AB21: =IF('[1]بيانات العقد'!$C$43="","",'[1]بيانات العقد'!$C$43)
AA22: حالة غرامات التأخير | AB22: =IF('[1]بيانات العقد'!$C$47="","",'[1]بيانات العقد'!$C$47)
B23: سجل المستخلصات (مرتبط)
B24: رقم المستخلص | C24: الفترة إلى | D24: تاريخ الاعتماد | E24: حالة المستخلص | F24: أعمال الفترة | G24: الأعمال المنفذة التراكمية | H24: التغييرية التراكمية | I24: رصيد المواد بالموقع | J24: إجمالي القيمة التراكمية | K24: نسبة الإنجاز الفعلية | L24: نسبة الإنجاز المخططة | M24: الانحراف | N24: استرداد الدفعة المقدمة | O24: صافي الضمان المحتجز | P24: الاستقطاعات الفنية | Q24: الغرامات والخصومات | R24: ضريبة القيمة المضافة | S24: ضريبة الاستقطاع | T24: صافي المستحق التراكمي | U24: المستحق للمستخلص الحالي | V24: المحصل | W24: المتبقي | X24: مدة التحصيل (يوم) | Y24: حالة التحصيل | AA24: التنبيهات النظامية
B25: 1 | C25: =IF('[1]سجل المستخلصات'!$C$6="","",'[1]سجل المستخلصات'!$C$6) | D25: =IF('[1]سجل المستخلصات'!$E$6="","",'[1]سجل المستخلصات'!$E$6) | E25: =IF('[1]سجل المستخلصات'!$F$6="","",'[1]سجل المستخلصات'!$F$6) | F25: =IF('[1]سجل المستخلصات'!$H$6="","",'[1]سجل المستخلصات'!$H$6) | G25: =IF('[1]سجل المستخلصات'!$G$6="","",'[1]سجل المستخلصات'!$G$6) | H25: =IF('[1]سجل المستخلصات'!$I$6="","",'[1]سجل المستخلصات'!$I$6) | I25: =IF('[1]سجل المستخلصات'!$J$6="","",'[1]سجل المستخلصات'!$J$6) | J25: =IF('[1]سجل المستخلصات'!$K$6="","",'[1]سجل المستخلصات'!$K$6) | K25: =IF('[1]سجل المستخلصات'!$L$6="","",'[1]سجل المستخلصات'!$L$6) | L25: =IF('[1]سجل المستخلصات'!$M$6="","",'[1]سجل المستخلصات'!$M$6) | M25: =IF('[1]سجل المستخلصات'!$N$6="","",'[1]سجل المستخلصات'!$N$6) | N25: =IF('[1]سجل المستخلصات'!$O$6="","",'[1]سجل المستخلصات'!$O$6) | O25: =IF('[1]سجل المستخلصات'!$R$6="","",'[1]سجل المستخلصات'!$R$6) | P25: =IF('[1]سجل المستخلصات'!$S$6="","",'[1]سجل المستخلصات'!$S$6) | Q25: =IF('[1]سجل المستخلصات'!$T$6="","",'[1]سجل المستخلصات'!$T$6) | R25: =IF('[1]سجل المستخلصات'!$V$6="","",'[1]سجل المستخلصات'!$V$6) | S25: =IF('[1]سجل المستخلصات'!$W$6="","",'[1]سجل المستخلصات'!$W$6) | T25: =IF('[1]سجل المستخلصات'!$X$6="","",'[1]سجل المستخلصات'!$X$6) | U25: =IF('[1]سجل المستخلصات'!$Z$6="","",'[1]سجل المستخلصات'!$Z$6) | V25: =IF('[1]سجل المستخلصات'!$AA$6="","",'[1]سجل المستخلصات'!$AA$6) | W25: =IF('[1]سجل المستخلصات'!$AC$6="","",'[1]سجل المستخلصات'!$AC$6) | X25: =IF('[1]سجل المستخلصات'!$AD$6="","",'[1]سجل المستخلصات'!$AD$6) | Y25: =IF('[1]سجل المستخلصات'!$AE$6="","",'[1]سجل المستخلصات'!$AE$6) | AA25: =IF($AB$7=0,"",IF(AND($AB$20<>"",N($AB$20)-TODAY()<=30),"⚠ الضمان النهائي ينتهي خلال 30 يوماً — ","")&IF(AND($AB$21<>"",N($AB$21)-TODAY()<=30,$F$18>0),"⚠ ضمان الدفعة المقدمة ينتهي والرصيد لم يُسترد — ","")&IF(ISNUMBER(SEARCH("⚠",$AB$22)),"⚠ الغرامات تجاوزت الحد الأقصى — ","")&IF($J$15>0,"مستحقات غير محصلة","")&"")
B26: 2 | C26: =IF('[1]سجل المستخلصات'!$C$7="","",'[1]سجل المستخلصات'!$C$7) | D26: =IF('[1]سجل المستخلصات'!$E$7="","",'[1]سجل المستخلصات'!$E$7) | E26: =IF('[1]سجل المستخلصات'!$F$7="","",'[1]سجل المستخلصات'!$F$7) | F26: =IF('[1]سجل المستخلصات'!$H$7="","",'[1]سجل المستخلصات'!$H$7) | G26: =IF('[1]سجل المستخلصات'!$G$7="","",'[1]سجل المستخلصات'!$G$7) | H26: =IF('[1]سجل المستخلصات'!$I$7="","",'[1]سجل المستخلصات'!$I$7) | I26: =IF('[1]سجل المستخلصات'!$J$7="","",'[1]سجل المستخلصات'!$J$7) | J26: =IF('[1]سجل المستخلصات'!$K$7="","",'[1]سجل المستخلصات'!$K$7) | K26: =IF('[1]سجل المستخلصات'!$L$7="","",'[1]سجل المستخلصات'!$L$7) | L26: =IF('[1]سجل المستخلصات'!$M$7="","",'[1]سجل المستخلصات'!$M$7) | M26: =IF('[1]سجل المستخلصات'!$N$7="","",'[1]سجل المستخلصات'!$N$7) | N26: =IF('[1]سجل المستخلصات'!$O$7="","",'[1]سجل المستخلصات'!$O$7) | O26: =IF('[1]سجل المستخلصات'!$R$7="","",'[1]سجل المستخلصات'!$R$7) | P26: =IF('[1]سجل المستخلصات'!$S$7="","",'[1]سجل المستخلصات'!$S$7) | Q26: =IF('[1]سجل المستخلصات'!$T$7="","",'[1]سجل المستخلصات'!$T$7) | R26: =IF('[1]سجل المستخلصات'!$V$7="","",'[1]سجل المستخلصات'!$V$7) | S26: =IF('[1]سجل المستخلصات'!$W$7="","",'[1]سجل المستخلصات'!$W$7) | T26: =IF('[1]سجل المستخلصات'!$X$7="","",'[1]سجل المستخلصات'!$X$7) | U26: =IF('[1]سجل المستخلصات'!$Z$7="","",'[1]سجل المستخلصات'!$Z$7) | V26: =IF('[1]سجل المستخلصات'!$AA$7="","",'[1]سجل المستخلصات'!$AA$7) | W26: =IF('[1]سجل المستخلصات'!$AC$7="","",'[1]سجل المستخلصات'!$AC$7) | X26: =IF('[1]سجل المستخلصات'!$AD$7="","",'[1]سجل المستخلصات'!$AD$7) | Y26: =IF('[1]سجل المستخلصات'!$AE$7="","",'[1]سجل المستخلصات'!$AE$7)
B27: 3 | C27: =IF('[1]سجل المستخلصات'!$C$8="","",'[1]سجل المستخلصات'!$C$8) | D27: =IF('[1]سجل المستخلصات'!$E$8="","",'[1]سجل المستخلصات'!$E$8) | E27: =IF('[1]سجل المستخلصات'!$F$8="","",'[1]سجل المستخلصات'!$F$8) | F27: =IF('[1]سجل المستخلصات'!$H$8="","",'[1]سجل المستخلصات'!$H$8) | G27: =IF('[1]سجل المستخلصات'!$G$8="","",'[1]سجل المستخلصات'!$G$8) | H27: =IF('[1]سجل المستخلصات'!$I$8="","",'[1]سجل المستخلصات'!$I$8) | I27: =IF('[1]سجل المستخلصات'!$J$8="","",'[1]سجل المستخلصات'!$J$8) | J27: =IF('[1]سجل المستخلصات'!$K$8="","",'[1]سجل المستخلصات'!$K$8) | K27: =IF('[1]سجل المستخلصات'!$L$8="","",'[1]سجل المستخلصات'!$L$8) | L27: =IF('[1]سجل المستخلصات'!$M$8="","",'[1]سجل المستخلصات'!$M$8) | M27: =IF('[1]سجل المستخلصات'!$N$8="","",'[1]سجل المستخلصات'!$N$8) | N27: =IF('[1]سجل المستخلصات'!$O$8="","",'[1]سجل المستخلصات'!$O$8) | O27: =IF('[1]سجل المستخلصات'!$R$8="","",'[1]سجل المستخلصات'!$R$8) | P27: =IF('[1]سجل المستخلصات'!$S$8="","",'[1]سجل المستخلصات'!$S$8) | Q27: =IF('[1]سجل المستخلصات'!$T$8="","",'[1]سجل المستخلصات'!$T$8) | R27: =IF('[1]سجل المستخلصات'!$V$8="","",'[1]سجل المستخلصات'!$V$8) | S27: =IF('[1]سجل المستخلصات'!$W$8="","",'[1]سجل المستخلصات'!$W$8) | T27: =IF('[1]سجل المستخلصات'!$X$8="","",'[1]سجل المستخلصات'!$X$8) | U27: =IF('[1]سجل المستخلصات'!$Z$8="","",'[1]سجل المستخلصات'!$Z$8) | V27: =IF('[1]سجل المستخلصات'!$AA$8="","",'[1]سجل المستخلصات'!$AA$8) | W27: =IF('[1]سجل المستخلصات'!$AC$8="","",'[1]سجل المستخلصات'!$AC$8) | X27: =IF('[1]سجل المستخلصات'!$AD$8="","",'[1]سجل المستخلصات'!$AD$8) | Y27: =IF('[1]سجل المستخلصات'!$AE$8="","",'[1]سجل المستخلصات'!$AE$8)
B28: 4 | C28: =IF('[1]سجل المستخلصات'!$C$9="","",'[1]سجل المستخلصات'!$C$9) | D28: =IF('[1]سجل المستخلصات'!$E$9="","",'[1]سجل المستخلصات'!$E$9) | E28: =IF('[1]سجل المستخلصات'!$F$9="","",'[1]سجل المستخلصات'!$F$9) | F28: =IF('[1]سجل المستخلصات'!$H$9="","",'[1]سجل المستخلصات'!$H$9) | G28: =IF('[1]سجل المستخلصات'!$G$9="","",'[1]سجل المستخلصات'!$G$9) | H28: =IF('[1]سجل المستخلصات'!$I$9="","",'[1]سجل المستخلصات'!$I$9) | I28: =IF('[1]سجل المستخلصات'!$J$9="","",'[1]سجل المستخلصات'!$J$9) | J28: =IF('[1]سجل المستخلصات'!$K$9="","",'[1]سجل المستخلصات'!$K$9) | K28: =IF('[1]سجل المستخلصات'!$L$9="","",'[1]سجل المستخلصات'!$L$9) | L28: =IF('[1]سجل المستخلصات'!$M$9="","",'[1]سجل المستخلصات'!$M$9) | M28: =IF('[1]سجل المستخلصات'!$N$9="","",'[1]سجل المستخلصات'!$N$9) | N28: =IF('[1]سجل المستخلصات'!$O$9="","",'[1]سجل المستخلصات'!$O$9) | O28: =IF('[1]سجل المستخلصات'!$R$9="","",'[1]سجل المستخلصات'!$R$9) | P28: =IF('[1]سجل المستخلصات'!$S$9="","",'[1]سجل المستخلصات'!$S$9) | Q28: =IF('[1]سجل المستخلصات'!$T$9="","",'[1]سجل المستخلصات'!$T$9) | R28: =IF('[1]سجل المستخلصات'!$V$9="","",'[1]سجل المستخلصات'!$V$9) | S28: =IF('[1]سجل المستخلصات'!$W$9="","",'[1]سجل المستخلصات'!$W$9) | T28: =IF('[1]سجل المستخلصات'!$X$9="","",'[1]سجل المستخلصات'!$X$9) | U28: =IF('[1]سجل المستخلصات'!$Z$9="","",'[1]سجل المستخلصات'!$Z$9) | V28: =IF('[1]سجل المستخلصات'!$AA$9="","",'[1]سجل المستخلصات'!$AA$9) | W28: =IF('[1]سجل المستخلصات'!$AC$9="","",'[1]سجل المستخلصات'!$AC$9) | X28: =IF('[1]سجل المستخلصات'!$AD$9="","",'[1]سجل المستخلصات'!$AD$9) | Y28: =IF('[1]سجل المستخلصات'!$AE$9="","",'[1]سجل المستخلصات'!$AE$9)
B29: 5 | C29: =IF('[1]سجل المستخلصات'!$C$10="","",'[1]سجل المستخلصات'!$C$10) | D29: =IF('[1]سجل المستخلصات'!$E$10="","",'[1]سجل المستخلصات'!$E$10) | E29: =IF('[1]سجل المستخلصات'!$F$10="","",'[1]سجل المستخلصات'!$F$10) | F29: =IF('[1]سجل المستخلصات'!$H$10="","",'[1]سجل المستخلصات'!$H$10) | G29: =IF('[1]سجل المستخلصات'!$G$10="","",'[1]سجل المستخلصات'!$G$10) | H29: =IF('[1]سجل المستخلصات'!$I$10="","",'[1]سجل المستخلصات'!$I$10) | I29: =IF('[1]سجل المستخلصات'!$J$10="","",'[1]سجل المستخلصات'!$J$10) | J29: =IF('[1]سجل المستخلصات'!$K$10="","",'[1]سجل المستخلصات'!$K$10) | K29: =IF('[1]سجل المستخلصات'!$L$10="","",'[1]سجل المستخلصات'!$L$10) | L29: =IF('[1]سجل المستخلصات'!$M$10="","",'[1]سجل المستخلصات'!$M$10) | M29: =IF('[1]سجل المستخلصات'!$N$10="","",'[1]سجل المستخلصات'!$N$10) | N29: =IF('[1]سجل المستخلصات'!$O$10="","",'[1]سجل المستخلصات'!$O$10) | O29: =IF('[1]سجل المستخلصات'!$R$10="","",'[1]سجل المستخلصات'!$R$10) | P29: =IF('[1]سجل المستخلصات'!$S$10="","",'[1]سجل المستخلصات'!$S$10) | Q29: =IF('[1]سجل المستخلصات'!$T$10="","",'[1]سجل المستخلصات'!$T$10) | R29: =IF('[1]سجل المستخلصات'!$V$10="","",'[1]سجل المستخلصات'!$V$10) | S29: =IF('[1]سجل المستخلصات'!$W$10="","",'[1]سجل المستخلصات'!$W$10) | T29: =IF('[1]سجل المستخلصات'!$X$10="","",'[1]سجل المستخلصات'!$X$10) | U29: =IF('[1]سجل المستخلصات'!$Z$10="","",'[1]سجل المستخلصات'!$Z$10) | V29: =IF('[1]سجل المستخلصات'!$AA$10="","",'[1]سجل المستخلصات'!$AA$10) | W29: =IF('[1]سجل المستخلصات'!$AC$10="","",'[1]سجل المستخلصات'!$AC$10) | X29: =IF('[1]سجل المستخلصات'!$AD$10="","",'[1]سجل المستخلصات'!$AD$10) | Y29: =IF('[1]سجل المستخلصات'!$AE$10="","",'[1]سجل المستخلصات'!$AE$10)
B30: 6 | C30: =IF('[1]سجل المستخلصات'!$C$11="","",'[1]سجل المستخلصات'!$C$11) | D30: =IF('[1]سجل المستخلصات'!$E$11="","",'[1]سجل المستخلصات'!$E$11) | E30: =IF('[1]سجل المستخلصات'!$F$11="","",'[1]سجل المستخلصات'!$F$11) | F30: =IF('[1]سجل المستخلصات'!$H$11="","",'[1]سجل المستخلصات'!$H$11) | G30: =IF('[1]سجل المستخلصات'!$G$11="","",'[1]سجل المستخلصات'!$G$11) | H30: =IF('[1]سجل المستخلصات'!$I$11="","",'[1]سجل المستخلصات'!$I$11) | I30: =IF('[1]سجل المستخلصات'!$J$11="","",'[1]سجل المستخلصات'!$J$11) | J30: =IF('[1]سجل المستخلصات'!$K$11="","",'[1]سجل المستخلصات'!$K$11) | K30: =IF('[1]سجل المستخلصات'!$L$11="","",'[1]سجل المستخلصات'!$L$11) | L30: =IF('[1]سجل المستخلصات'!$M$11="","",'[1]سجل المستخلصات'!$M$11) | M30: =IF('[1]سجل المستخلصات'!$N$11="","",'[1]سجل المستخلصات'!$N$11) | N30: =IF('[1]سجل المستخلصات'!$O$11="","",'[1]سجل المستخلصات'!$O$11) | O30: =IF('[1]سجل المستخلصات'!$R$11="","",'[1]سجل المستخلصات'!$R$11) | P30: =IF('[1]سجل المستخلصات'!$S$11="","",'[1]سجل المستخلصات'!$S$11) | Q30: =IF('[1]سجل المستخلصات'!$T$11="","",'[1]سجل المستخلصات'!$T$11) | R30: =IF('[1]سجل المستخلصات'!$V$11="","",'[1]سجل المستخلصات'!$V$11) | S30: =IF('[1]سجل المستخلصات'!$W$11="","",'[1]سجل المستخلصات'!$W$11) | T30: =IF('[1]سجل المستخلصات'!$X$11="","",'[1]سجل المستخلصات'!$X$11) | U30: =IF('[1]سجل المستخلصات'!$Z$11="","",'[1]سجل المستخلصات'!$Z$11) | V30: =IF('[1]سجل المستخلصات'!$AA$11="","",'[1]سجل المستخلصات'!$AA$11) | W30: =IF('[1]سجل المستخلصات'!$AC$11="","",'[1]سجل المستخلصات'!$AC$11) | X30: =IF('[1]سجل المستخلصات'!$AD$11="","",'[1]سجل المستخلصات'!$AD$11) | Y30: =IF('[1]سجل المستخلصات'!$AE$11="","",'[1]سجل المستخلصات'!$AE$11)
B31: 7 | C31: =IF('[1]سجل المستخلصات'!$C$12="","",'[1]سجل المستخلصات'!$C$12) | D31: =IF('[1]سجل المستخلصات'!$E$12="","",'[1]سجل المستخلصات'!$E$12) | E31: =IF('[1]سجل المستخلصات'!$F$12="","",'[1]سجل المستخلصات'!$F$12) | F31: =IF('[1]سجل المستخلصات'!$H$12="","",'[1]سجل المستخلصات'!$H$12) | G31: =IF('[1]سجل المستخلصات'!$G$12="","",'[1]سجل المستخلصات'!$G$12) | H31: =IF('[1]سجل المستخلصات'!$I$12="","",'[1]سجل المستخلصات'!$I$12) | I31: =IF('[1]سجل المستخلصات'!$J$12="","",'[1]سجل المستخلصات'!$J$12) | J31: =IF('[1]سجل المستخلصات'!$K$12="","",'[1]سجل المستخلصات'!$K$12) | K31: =IF('[1]سجل المستخلصات'!$L$12="","",'[1]سجل المستخلصات'!$L$12) | L31: =IF('[1]سجل المستخلصات'!$M$12="","",'[1]سجل المستخلصات'!$M$12) | M31: =IF('[1]سجل المستخلصات'!$N$12="","",'[1]سجل المستخلصات'!$N$12) | N31: =IF('[1]سجل المستخلصات'!$O$12="","",'[1]سجل المستخلصات'!$O$12) | O31: =IF('[1]سجل المستخلصات'!$R$12="","",'[1]سجل المستخلصات'!$R$12) | P31: =IF('[1]سجل المستخلصات'!$S$12="","",'[1]سجل المستخلصات'!$S$12) | Q31: =IF('[1]سجل المستخلصات'!$T$12="","",'[1]سجل المستخلصات'!$T$12) | R31: =IF('[1]سجل المستخلصات'!$V$12="","",'[1]سجل المستخلصات'!$V$12) | S31: =IF('[1]سجل المستخلصات'!$W$12="","",'[1]سجل المستخلصات'!$W$12) | T31: =IF('[1]سجل المستخلصات'!$X$12="","",'[1]سجل المستخلصات'!$X$12) | U31: =IF('[1]سجل المستخلصات'!$Z$12="","",'[1]سجل المستخلصات'!$Z$12) | V31: =IF('[1]سجل المستخلصات'!$AA$12="","",'[1]سجل المستخلصات'!$AA$12) | W31: =IF('[1]سجل المستخلصات'!$AC$12="","",'[1]سجل المستخلصات'!$AC$12) | X31: =IF('[1]سجل المستخلصات'!$AD$12="","",'[1]سجل المستخلصات'!$AD$12) | Y31: =IF('[1]سجل المستخلصات'!$AE$12="","",'[1]سجل المستخلصات'!$AE$12)
B32: 8 | C32: =IF('[1]سجل المستخلصات'!$C$13="","",'[1]سجل المستخلصات'!$C$13) | D32: =IF('[1]سجل المستخلصات'!$E$13="","",'[1]سجل المستخلصات'!$E$13) | E32: =IF('[1]سجل المستخلصات'!$F$13="","",'[1]سجل المستخلصات'!$F$13) | F32: =IF('[1]سجل المستخلصات'!$H$13="","",'[1]سجل المستخلصات'!$H$13) | G32: =IF('[1]سجل المستخلصات'!$G$13="","",'[1]سجل المستخلصات'!$G$13) | H32: =IF('[1]سجل المستخلصات'!$I$13="","",'[1]سجل المستخلصات'!$I$13) | I32: =IF('[1]سجل المستخلصات'!$J$13="","",'[1]سجل المستخلصات'!$J$13) | J32: =IF('[1]سجل المستخلصات'!$K$13="","",'[1]سجل المستخلصات'!$K$13) | K32: =IF('[1]سجل المستخلصات'!$L$13="","",'[1]سجل المستخلصات'!$L$13) | L32: =IF('[1]سجل المستخلصات'!$M$13="","",'[1]سجل المستخلصات'!$M$13) | M32: =IF('[1]سجل المستخلصات'!$N$13="","",'[1]سجل المستخلصات'!$N$13) | N32: =IF('[1]سجل المستخلصات'!$O$13="","",'[1]سجل المستخلصات'!$O$13) | O32: =IF('[1]سجل المستخلصات'!$R$13="","",'[1]سجل المستخلصات'!$R$13) | P32: =IF('[1]سجل المستخلصات'!$S$13="","",'[1]سجل المستخلصات'!$S$13) | Q32: =IF('[1]سجل المستخلصات'!$T$13="","",'[1]سجل المستخلصات'!$T$13) | R32: =IF('[1]سجل المستخلصات'!$V$13="","",'[1]سجل المستخلصات'!$V$13) | S32: =IF('[1]سجل المستخلصات'!$W$13="","",'[1]سجل المستخلصات'!$W$13) | T32: =IF('[1]سجل المستخلصات'!$X$13="","",'[1]سجل المستخلصات'!$X$13) | U32: =IF('[1]سجل المستخلصات'!$Z$13="","",'[1]سجل المستخلصات'!$Z$13) | V32: =IF('[1]سجل المستخلصات'!$AA$13="","",'[1]سجل المستخلصات'!$AA$13) | W32: =IF('[1]سجل المستخلصات'!$AC$13="","",'[1]سجل المستخلصات'!$AC$13) | X32: =IF('[1]سجل المستخلصات'!$AD$13="","",'[1]سجل المستخلصات'!$AD$13) | Y32: =IF('[1]سجل المستخلصات'!$AE$13="","",'[1]سجل المستخلصات'!$AE$13)
B33: 9 | C33: =IF('[1]سجل المستخلصات'!$C$14="","",'[1]سجل المستخلصات'!$C$14) | D33: =IF('[1]سجل المستخلصات'!$E$14="","",'[1]سجل المستخلصات'!$E$14) | E33: =IF('[1]سجل المستخلصات'!$F$14="","",'[1]سجل المستخلصات'!$F$14) | F33: =IF('[1]سجل المستخلصات'!$H$14="","",'[1]سجل المستخلصات'!$H$14) | G33: =IF('[1]سجل المستخلصات'!$G$14="","",'[1]سجل المستخلصات'!$G$14) | H33: =IF('[1]سجل المستخلصات'!$I$14="","",'[1]سجل المستخلصات'!$I$14) | I33: =IF('[1]سجل المستخلصات'!$J$14="","",'[1]سجل المستخلصات'!$J$14) | J33: =IF('[1]سجل المستخلصات'!$K$14="","",'[1]سجل المستخلصات'!$K$14) | K33: =IF('[1]سجل المستخلصات'!$L$14="","",'[1]سجل المستخلصات'!$L$14) | L33: =IF('[1]سجل المستخلصات'!$M$14="","",'[1]سجل المستخلصات'!$M$14) | M33: =IF('[1]سجل المستخلصات'!$N$14="","",'[1]سجل المستخلصات'!$N$14) | N33: =IF('[1]سجل المستخلصات'!$O$14="","",'[1]سجل المستخلصات'!$O$14) | O33: =IF('[1]سجل المستخلصات'!$R$14="","",'[1]سجل المستخلصات'!$R$14) | P33: =IF('[1]سجل المستخلصات'!$S$14="","",'[1]سجل المستخلصات'!$S$14) | Q33: =IF('[1]سجل المستخلصات'!$T$14="","",'[1]سجل المستخلصات'!$T$14) | R33: =IF('[1]سجل المستخلصات'!$V$14="","",'[1]سجل المستخلصات'!$V$14) | S33: =IF('[1]سجل المستخلصات'!$W$14="","",'[1]سجل المستخلصات'!$W$14) | T33: =IF('[1]سجل المستخلصات'!$X$14="","",'[1]سجل المستخلصات'!$X$14) | U33: =IF('[1]سجل المستخلصات'!$Z$14="","",'[1]سجل المستخلصات'!$Z$14) | V33: =IF('[1]سجل المستخلصات'!$AA$14="","",'[1]سجل المستخلصات'!$AA$14) | W33: =IF('[1]سجل المستخلصات'!$AC$14="","",'[1]سجل المستخلصات'!$AC$14) | X33: =IF('[1]سجل المستخلصات'!$AD$14="","",'[1]سجل المستخلصات'!$AD$14) | Y33: =IF('[1]سجل المستخلصات'!$AE$14="","",'[1]سجل المستخلصات'!$AE$14)
B34: 10 | C34: =IF('[1]سجل المستخلصات'!$C$15="","",'[1]سجل المستخلصات'!$C$15) | D34: =IF('[1]سجل المستخلصات'!$E$15="","",'[1]سجل المستخلصات'!$E$15) | E34: =IF('[1]سجل المستخلصات'!$F$15="","",'[1]سجل المستخلصات'!$F$15) | F34: =IF('[1]سجل المستخلصات'!$H$15="","",'[1]سجل المستخلصات'!$H$15) | G34: =IF('[1]سجل المستخلصات'!$G$15="","",'[1]سجل المستخلصات'!$G$15) | H34: =IF('[1]سجل المستخلصات'!$I$15="","",'[1]سجل المستخلصات'!$I$15) | I34: =IF('[1]سجل المستخلصات'!$J$15="","",'[1]سجل المستخلصات'!$J$15) | J34: =IF('[1]سجل المستخلصات'!$K$15="","",'[1]سجل المستخلصات'!$K$15) | K34: =IF('[1]سجل المستخلصات'!$L$15="","",'[1]سجل المستخلصات'!$L$15) | L34: =IF('[1]سجل المستخلصات'!$M$15="","",'[1]سجل المستخلصات'!$M$15) | M34: =IF('[1]سجل المستخلصات'!$N$15="","",'[1]سجل المستخلصات'!$N$15) | N34: =IF('[1]سجل المستخلصات'!$O$15="","",'[1]سجل المستخلصات'!$O$15) | O34: =IF('[1]سجل المستخلصات'!$R$15="","",'[1]سجل المستخلصات'!$R$15) | P34: =IF('[1]سجل المستخلصات'!$S$15="","",'[1]سجل المستخلصات'!$S$15) | Q34: =IF('[1]سجل المستخلصات'!$T$15="","",'[1]سجل المستخلصات'!$T$15) | R34: =IF('[1]سجل المستخلصات'!$V$15="","",'[1]سجل المستخلصات'!$V$15) | S34: =IF('[1]سجل المستخلصات'!$W$15="","",'[1]سجل المستخلصات'!$W$15) | T34: =IF('[1]سجل المستخلصات'!$X$15="","",'[1]سجل المستخلصات'!$X$15) | U34: =IF('[1]سجل المستخلصات'!$Z$15="","",'[1]سجل المستخلصات'!$Z$15) | V34: =IF('[1]سجل المستخلصات'!$AA$15="","",'[1]سجل المستخلصات'!$AA$15) | W34: =IF('[1]سجل المستخلصات'!$AC$15="","",'[1]سجل المستخلصات'!$AC$15) | X34: =IF('[1]سجل المستخلصات'!$AD$15="","",'[1]سجل المستخلصات'!$AD$15) | Y34: =IF('[1]سجل المستخلصات'!$AE$15="","",'[1]سجل المستخلصات'!$AE$15)
B35: 11 | C35: =IF('[1]سجل المستخلصات'!$C$16="","",'[1]سجل المستخلصات'!$C$16) | D35: =IF('[1]سجل المستخلصات'!$E$16="","",'[1]سجل المستخلصات'!$E$16) | E35: =IF('[1]سجل المستخلصات'!$F$16="","",'[1]سجل المستخلصات'!$F$16) | F35: =IF('[1]سجل المستخلصات'!$H$16="","",'[1]سجل المستخلصات'!$H$16) | G35: =IF('[1]سجل المستخلصات'!$G$16="","",'[1]سجل المستخلصات'!$G$16) | H35: =IF('[1]سجل المستخلصات'!$I$16="","",'[1]سجل المستخلصات'!$I$16) | I35: =IF('[1]سجل المستخلصات'!$J$16="","",'[1]سجل المستخلصات'!$J$16) | J35: =IF('[1]سجل المستخلصات'!$K$16="","",'[1]سجل المستخلصات'!$K$16) | K35: =IF('[1]سجل المستخلصات'!$L$16="","",'[1]سجل المستخلصات'!$L$16) | L35: =IF('[1]سجل المستخلصات'!$M$16="","",'[1]سجل المستخلصات'!$M$16) | M35: =IF('[1]سجل المستخلصات'!$N$16="","",'[1]سجل المستخلصات'!$N$16) | N35: =IF('[1]سجل المستخلصات'!$O$16="","",'[1]سجل المستخلصات'!$O$16) | O35: =IF('[1]سجل المستخلصات'!$R$16="","",'[1]سجل المستخلصات'!$R$16) | P35: =IF('[1]سجل المستخلصات'!$S$16="","",'[1]سجل المستخلصات'!$S$16) | Q35: =IF('[1]سجل المستخلصات'!$T$16="","",'[1]سجل المستخلصات'!$T$16) | R35: =IF('[1]سجل المستخلصات'!$V$16="","",'[1]سجل المستخلصات'!$V$16) | S35: =IF('[1]سجل المستخلصات'!$W$16="","",'[1]سجل المستخلصات'!$W$16) | T35: =IF('[1]سجل المستخلصات'!$X$16="","",'[1]سجل المستخلصات'!$X$16) | U35: =IF('[1]سجل المستخلصات'!$Z$16="","",'[1]سجل المستخلصات'!$Z$16) | V35: =IF('[1]سجل المستخلصات'!$AA$16="","",'[1]سجل المستخلصات'!$AA$16) | W35: =IF('[1]سجل المستخلصات'!$AC$16="","",'[1]سجل المستخلصات'!$AC$16) | X35: =IF('[1]سجل المستخلصات'!$AD$16="","",'[1]سجل المستخلصات'!$AD$16) | Y35: =IF('[1]سجل المستخلصات'!$AE$16="","",'[1]سجل المستخلصات'!$AE$16)
B36: 12 | C36: =IF('[1]سجل المستخلصات'!$C$17="","",'[1]سجل المستخلصات'!$C$17) | D36: =IF('[1]سجل المستخلصات'!$E$17="","",'[1]سجل المستخلصات'!$E$17) | E36: =IF('[1]سجل المستخلصات'!$F$17="","",'[1]سجل المستخلصات'!$F$17) | F36: =IF('[1]سجل المستخلصات'!$H$17="","",'[1]سجل المستخلصات'!$H$17) | G36: =IF('[1]سجل المستخلصات'!$G$17="","",'[1]سجل المستخلصات'!$G$17) | H36: =IF('[1]سجل المستخلصات'!$I$17="","",'[1]سجل المستخلصات'!$I$17) | I36: =IF('[1]سجل المستخلصات'!$J$17="","",'[1]سجل المستخلصات'!$J$17) | J36: =IF('[1]سجل المستخلصات'!$K$17="","",'[1]سجل المستخلصات'!$K$17) | K36: =IF('[1]سجل المستخلصات'!$L$17="","",'[1]سجل المستخلصات'!$L$17) | L36: =IF('[1]سجل المستخلصات'!$M$17="","",'[1]سجل المستخلصات'!$M$17) | M36: =IF('[1]سجل المستخلصات'!$N$17="","",'[1]سجل المستخلصات'!$N$17) | N36: =IF('[1]سجل المستخلصات'!$O$17="","",'[1]سجل المستخلصات'!$O$17) | O36: =IF('[1]سجل المستخلصات'!$R$17="","",'[1]سجل المستخلصات'!$R$17) | P36: =IF('[1]سجل المستخلصات'!$S$17="","",'[1]سجل المستخلصات'!$S$17) | Q36: =IF('[1]سجل المستخلصات'!$T$17="","",'[1]سجل المستخلصات'!$T$17) | R36: =IF('[1]سجل المستخلصات'!$V$17="","",'[1]سجل المستخلصات'!$V$17) | S36: =IF('[1]سجل المستخلصات'!$W$17="","",'[1]سجل المستخلصات'!$W$17) | T36: =IF('[1]سجل المستخلصات'!$X$17="","",'[1]سجل المستخلصات'!$X$17) | U36: =IF('[1]سجل المستخلصات'!$Z$17="","",'[1]سجل المستخلصات'!$Z$17) | V36: =IF('[1]سجل المستخلصات'!$AA$17="","",'[1]سجل المستخلصات'!$AA$17) | W36: =IF('[1]سجل المستخلصات'!$AC$17="","",'[1]سجل المستخلصات'!$AC$17) | X36: =IF('[1]سجل المستخلصات'!$AD$17="","",'[1]سجل المستخلصات'!$AD$17) | Y36: =IF('[1]سجل المستخلصات'!$AE$17="","",'[1]سجل المستخلصات'!$AE$17)
B37: 13 | C37: =IF('[1]سجل المستخلصات'!$C$18="","",'[1]سجل المستخلصات'!$C$18) | D37: =IF('[1]سجل المستخلصات'!$E$18="","",'[1]سجل المستخلصات'!$E$18) | E37: =IF('[1]سجل المستخلصات'!$F$18="","",'[1]سجل المستخلصات'!$F$18) | F37: =IF('[1]سجل المستخلصات'!$H$18="","",'[1]سجل المستخلصات'!$H$18) | G37: =IF('[1]سجل المستخلصات'!$G$18="","",'[1]سجل المستخلصات'!$G$18) | H37: =IF('[1]سجل المستخلصات'!$I$18="","",'[1]سجل المستخلصات'!$I$18) | I37: =IF('[1]سجل المستخلصات'!$J$18="","",'[1]سجل المستخلصات'!$J$18) | J37: =IF('[1]سجل المستخلصات'!$K$18="","",'[1]سجل المستخلصات'!$K$18) | K37: =IF('[1]سجل المستخلصات'!$L$18="","",'[1]سجل المستخلصات'!$L$18) | L37: =IF('[1]سجل المستخلصات'!$M$18="","",'[1]سجل المستخلصات'!$M$18) | M37: =IF('[1]سجل المستخلصات'!$N$18="","",'[1]سجل المستخلصات'!$N$18) | N37: =IF('[1]سجل المستخلصات'!$O$18="","",'[1]سجل المستخلصات'!$O$18) | O37: =IF('[1]سجل المستخلصات'!$R$18="","",'[1]سجل المستخلصات'!$R$18) | P37: =IF('[1]سجل المستخلصات'!$S$18="","",'[1]سجل المستخلصات'!$S$18) | Q37: =IF('[1]سجل المستخلصات'!$T$18="","",'[1]سجل المستخلصات'!$T$18) | R37: =IF('[1]سجل المستخلصات'!$V$18="","",'[1]سجل المستخلصات'!$V$18) | S37: =IF('[1]سجل المستخلصات'!$W$18="","",'[1]سجل المستخلصات'!$W$18) | T37: =IF('[1]سجل المستخلصات'!$X$18="","",'[1]سجل المستخلصات'!$X$18) | U37: =IF('[1]سجل المستخلصات'!$Z$18="","",'[1]سجل المستخلصات'!$Z$18) | V37: =IF('[1]سجل المستخلصات'!$AA$18="","",'[1]سجل المستخلصات'!$AA$18) | W37: =IF('[1]سجل المستخلصات'!$AC$18="","",'[1]سجل المستخلصات'!$AC$18) | X37: =IF('[1]سجل المستخلصات'!$AD$18="","",'[1]سجل المستخلصات'!$AD$18) | Y37: =IF('[1]سجل المستخلصات'!$AE$18="","",'[1]سجل المستخلصات'!$AE$18)
B38: 14 | C38: =IF('[1]سجل المستخلصات'!$C$19="","",'[1]سجل المستخلصات'!$C$19) | D38: =IF('[1]سجل المستخلصات'!$E$19="","",'[1]سجل المستخلصات'!$E$19) | E38: =IF('[1]سجل المستخلصات'!$F$19="","",'[1]سجل المستخلصات'!$F$19) | F38: =IF('[1]سجل المستخلصات'!$H$19="","",'[1]سجل المستخلصات'!$H$19) | G38: =IF('[1]سجل المستخلصات'!$G$19="","",'[1]سجل المستخلصات'!$G$19) | H38: =IF('[1]سجل المستخلصات'!$I$19="","",'[1]سجل المستخلصات'!$I$19) | I38: =IF('[1]سجل المستخلصات'!$J$19="","",'[1]سجل المستخلصات'!$J$19) | J38: =IF('[1]سجل المستخلصات'!$K$19="","",'[1]سجل المستخلصات'!$K$19) | K38: =IF('[1]سجل المستخلصات'!$L$19="","",'[1]سجل المستخلصات'!$L$19) | L38: =IF('[1]سجل المستخلصات'!$M$19="","",'[1]سجل المستخلصات'!$M$19) | M38: =IF('[1]سجل المستخلصات'!$N$19="","",'[1]سجل المستخلصات'!$N$19) | N38: =IF('[1]سجل المستخلصات'!$O$19="","",'[1]سجل المستخلصات'!$O$19) | O38: =IF('[1]سجل المستخلصات'!$R$19="","",'[1]سجل المستخلصات'!$R$19) | P38: =IF('[1]سجل المستخلصات'!$S$19="","",'[1]سجل المستخلصات'!$S$19) | Q38: =IF('[1]سجل المستخلصات'!$T$19="","",'[1]سجل المستخلصات'!$T$19) | R38: =IF('[1]سجل المستخلصات'!$V$19="","",'[1]سجل المستخلصات'!$V$19) | S38: =IF('[1]سجل المستخلصات'!$W$19="","",'[1]سجل المستخلصات'!$W$19) | T38: =IF('[1]سجل المستخلصات'!$X$19="","",'[1]سجل المستخلصات'!$X$19) | U38: =IF('[1]سجل المستخلصات'!$Z$19="","",'[1]سجل المستخلصات'!$Z$19) | V38: =IF('[1]سجل المستخلصات'!$AA$19="","",'[1]سجل المستخلصات'!$AA$19) | W38: =IF('[1]سجل المستخلصات'!$AC$19="","",'[1]سجل المستخلصات'!$AC$19) | X38: =IF('[1]سجل المستخلصات'!$AD$19="","",'[1]سجل المستخلصات'!$AD$19) | Y38: =IF('[1]سجل المستخلصات'!$AE$19="","",'[1]سجل المستخلصات'!$AE$19)
B39: 15 | C39: =IF('[1]سجل المستخلصات'!$C$20="","",'[1]سجل المستخلصات'!$C$20) | D39: =IF('[1]سجل المستخلصات'!$E$20="","",'[1]سجل المستخلصات'!$E$20) | E39: =IF('[1]سجل المستخلصات'!$F$20="","",'[1]سجل المستخلصات'!$F$20) | F39: =IF('[1]سجل المستخلصات'!$H$20="","",'[1]سجل المستخلصات'!$H$20) | G39: =IF('[1]سجل المستخلصات'!$G$20="","",'[1]سجل المستخلصات'!$G$20) | H39: =IF('[1]سجل المستخلصات'!$I$20="","",'[1]سجل المستخلصات'!$I$20) | I39: =IF('[1]سجل المستخلصات'!$J$20="","",'[1]سجل المستخلصات'!$J$20) | J39: =IF('[1]سجل المستخلصات'!$K$20="","",'[1]سجل المستخلصات'!$K$20) | K39: =IF('[1]سجل المستخلصات'!$L$20="","",'[1]سجل المستخلصات'!$L$20) | L39: =IF('[1]سجل المستخلصات'!$M$20="","",'[1]سجل المستخلصات'!$M$20) | M39: =IF('[1]سجل المستخلصات'!$N$20="","",'[1]سجل المستخلصات'!$N$20) | N39: =IF('[1]سجل المستخلصات'!$O$20="","",'[1]سجل المستخلصات'!$O$20) | O39: =IF('[1]سجل المستخلصات'!$R$20="","",'[1]سجل المستخلصات'!$R$20) | P39: =IF('[1]سجل المستخلصات'!$S$20="","",'[1]سجل المستخلصات'!$S$20) | Q39: =IF('[1]سجل المستخلصات'!$T$20="","",'[1]سجل المستخلصات'!$T$20) | R39: =IF('[1]سجل المستخلصات'!$V$20="","",'[1]سجل المستخلصات'!$V$20) | S39: =IF('[1]سجل المستخلصات'!$W$20="","",'[1]سجل المستخلصات'!$W$20) | T39: =IF('[1]سجل المستخلصات'!$X$20="","",'[1]سجل المستخلصات'!$X$20) | U39: =IF('[1]سجل المستخلصات'!$Z$20="","",'[1]سجل المستخلصات'!$Z$20) | V39: =IF('[1]سجل المستخلصات'!$AA$20="","",'[1]سجل المستخلصات'!$AA$20) | W39: =IF('[1]سجل المستخلصات'!$AC$20="","",'[1]سجل المستخلصات'!$AC$20) | X39: =IF('[1]سجل المستخلصات'!$AD$20="","",'[1]سجل المستخلصات'!$AD$20) | Y39: =IF('[1]سجل المستخلصات'!$AE$20="","",'[1]سجل المستخلصات'!$AE$20)
B40: 16 | C40: =IF('[1]سجل المستخلصات'!$C$21="","",'[1]سجل المستخلصات'!$C$21) | D40: =IF('[1]سجل المستخلصات'!$E$21="","",'[1]سجل المستخلصات'!$E$21) | E40: =IF('[1]سجل المستخلصات'!$F$21="","",'[1]سجل المستخلصات'!$F$21) | F40: =IF('[1]سجل المستخلصات'!$H$21="","",'[1]سجل المستخلصات'!$H$21) | G40: =IF('[1]سجل المستخلصات'!$G$21="","",'[1]سجل المستخلصات'!$G$21) | H40: =IF('[1]سجل المستخلصات'!$I$21="","",'[1]سجل المستخلصات'!$I$21) | I40: =IF('[1]سجل المستخلصات'!$J$21="","",'[1]سجل المستخلصات'!$J$21) | J40: =IF('[1]سجل المستخلصات'!$K$21="","",'[1]سجل المستخلصات'!$K$21) | K40: =IF('[1]سجل المستخلصات'!$L$21="","",'[1]سجل المستخلصات'!$L$21) | L40: =IF('[1]سجل المستخلصات'!$M$21="","",'[1]سجل المستخلصات'!$M$21) | M40: =IF('[1]سجل المستخلصات'!$N$21="","",'[1]سجل المستخلصات'!$N$21) | N40: =IF('[1]سجل المستخلصات'!$O$21="","",'[1]سجل المستخلصات'!$O$21) | O40: =IF('[1]سجل المستخلصات'!$R$21="","",'[1]سجل المستخلصات'!$R$21) | P40: =IF('[1]سجل المستخلصات'!$S$21="","",'[1]سجل المستخلصات'!$S$21) | Q40: =IF('[1]سجل المستخلصات'!$T$21="","",'[1]سجل المستخلصات'!$T$21) | R40: =IF('[1]سجل المستخلصات'!$V$21="","",'[1]سجل المستخلصات'!$V$21) | S40: =IF('[1]سجل المستخلصات'!$W$21="","",'[1]سجل المستخلصات'!$W$21) | T40: =IF('[1]سجل المستخلصات'!$X$21="","",'[1]سجل المستخلصات'!$X$21) | U40: =IF('[1]سجل المستخلصات'!$Z$21="","",'[1]سجل المستخلصات'!$Z$21) | V40: =IF('[1]سجل المستخلصات'!$AA$21="","",'[1]سجل المستخلصات'!$AA$21) | W40: =IF('[1]سجل المستخلصات'!$AC$21="","",'[1]سجل المستخلصات'!$AC$21) | X40: =IF('[1]سجل المستخلصات'!$AD$21="","",'[1]سجل المستخلصات'!$AD$21) | Y40: =IF('[1]سجل المستخلصات'!$AE$21="","",'[1]سجل المستخلصات'!$AE$21)
B41: 17 | C41: =IF('[1]سجل المستخلصات'!$C$22="","",'[1]سجل المستخلصات'!$C$22) | D41: =IF('[1]سجل المستخلصات'!$E$22="","",'[1]سجل المستخلصات'!$E$22) | E41: =IF('[1]سجل المستخلصات'!$F$22="","",'[1]سجل المستخلصات'!$F$22) | F41: =IF('[1]سجل المستخلصات'!$H$22="","",'[1]سجل المستخلصات'!$H$22) | G41: =IF('[1]سجل المستخلصات'!$G$22="","",'[1]سجل المستخلصات'!$G$22) | H41: =IF('[1]سجل المستخلصات'!$I$22="","",'[1]سجل المستخلصات'!$I$22) | I41: =IF('[1]سجل المستخلصات'!$J$22="","",'[1]سجل المستخلصات'!$J$22) | J41: =IF('[1]سجل المستخلصات'!$K$22="","",'[1]سجل المستخلصات'!$K$22) | K41: =IF('[1]سجل المستخلصات'!$L$22="","",'[1]سجل المستخلصات'!$L$22) | L41: =IF('[1]سجل المستخلصات'!$M$22="","",'[1]سجل المستخلصات'!$M$22) | M41: =IF('[1]سجل المستخلصات'!$N$22="","",'[1]سجل المستخلصات'!$N$22) | N41: =IF('[1]سجل المستخلصات'!$O$22="","",'[1]سجل المستخلصات'!$O$22) | O41: =IF('[1]سجل المستخلصات'!$R$22="","",'[1]سجل المستخلصات'!$R$22) | P41: =IF('[1]سجل المستخلصات'!$S$22="","",'[1]سجل المستخلصات'!$S$22) | Q41: =IF('[1]سجل المستخلصات'!$T$22="","",'[1]سجل المستخلصات'!$T$22) | R41: =IF('[1]سجل المستخلصات'!$V$22="","",'[1]سجل المستخلصات'!$V$22) | S41: =IF('[1]سجل المستخلصات'!$W$22="","",'[1]سجل المستخلصات'!$W$22) | T41: =IF('[1]سجل المستخلصات'!$X$22="","",'[1]سجل المستخلصات'!$X$22) | U41: =IF('[1]سجل المستخلصات'!$Z$22="","",'[1]سجل المستخلصات'!$Z$22) | V41: =IF('[1]سجل المستخلصات'!$AA$22="","",'[1]سجل المستخلصات'!$AA$22) | W41: =IF('[1]سجل المستخلصات'!$AC$22="","",'[1]سجل المستخلصات'!$AC$22) | X41: =IF('[1]سجل المستخلصات'!$AD$22="","",'[1]سجل المستخلصات'!$AD$22) | Y41: =IF('[1]سجل المستخلصات'!$AE$22="","",'[1]سجل المستخلصات'!$AE$22)
B42: 18 | C42: =IF('[1]سجل المستخلصات'!$C$23="","",'[1]سجل المستخلصات'!$C$23) | D42: =IF('[1]سجل المستخلصات'!$E$23="","",'[1]سجل المستخلصات'!$E$23) | E42: =IF('[1]سجل المستخلصات'!$F$23="","",'[1]سجل المستخلصات'!$F$23) | F42: =IF('[1]سجل المستخلصات'!$H$23="","",'[1]سجل المستخلصات'!$H$23) | G42: =IF('[1]سجل المستخلصات'!$G$23="","",'[1]سجل المستخلصات'!$G$23) | H42: =IF('[1]سجل المستخلصات'!$I$23="","",'[1]سجل المستخلصات'!$I$23) | I42: =IF('[1]سجل المستخلصات'!$J$23="","",'[1]سجل المستخلصات'!$J$23) | J42: =IF('[1]سجل المستخلصات'!$K$23="","",'[1]سجل المستخلصات'!$K$23) | K42: =IF('[1]سجل المستخلصات'!$L$23="","",'[1]سجل المستخلصات'!$L$23) | L42: =IF('[1]سجل المستخلصات'!$M$23="","",'[1]سجل المستخلصات'!$M$23) | M42: =IF('[1]سجل المستخلصات'!$N$23="","",'[1]سجل المستخلصات'!$N$23) | N42: =IF('[1]سجل المستخلصات'!$O$23="","",'[1]سجل المستخلصات'!$O$23) | O42: =IF('[1]سجل المستخلصات'!$R$23="","",'[1]سجل المستخلصات'!$R$23) | P42: =IF('[1]سجل المستخلصات'!$S$23="","",'[1]سجل المستخلصات'!$S$23) | Q42: =IF('[1]سجل المستخلصات'!$T$23="","",'[1]سجل المستخلصات'!$T$23) | R42: =IF('[1]سجل المستخلصات'!$V$23="","",'[1]سجل المستخلصات'!$V$23) | S42: =IF('[1]سجل المستخلصات'!$W$23="","",'[1]سجل المستخلصات'!$W$23) | T42: =IF('[1]سجل المستخلصات'!$X$23="","",'[1]سجل المستخلصات'!$X$23) | U42: =IF('[1]سجل المستخلصات'!$Z$23="","",'[1]سجل المستخلصات'!$Z$23) | V42: =IF('[1]سجل المستخلصات'!$AA$23="","",'[1]سجل المستخلصات'!$AA$23) | W42: =IF('[1]سجل المستخلصات'!$AC$23="","",'[1]سجل المستخلصات'!$AC$23) | X42: =IF('[1]سجل المستخلصات'!$AD$23="","",'[1]سجل المستخلصات'!$AD$23) | Y42: =IF('[1]سجل المستخلصات'!$AE$23="","",'[1]سجل المستخلصات'!$AE$23)
B43: 19 | C43: =IF('[1]سجل المستخلصات'!$C$24="","",'[1]سجل المستخلصات'!$C$24) | D43: =IF('[1]سجل المستخلصات'!$E$24="","",'[1]سجل المستخلصات'!$E$24) | E43: =IF('[1]سجل المستخلصات'!$F$24="","",'[1]سجل المستخلصات'!$F$24) | F43: =IF('[1]سجل المستخلصات'!$H$24="","",'[1]سجل المستخلصات'!$H$24) | G43: =IF('[1]سجل المستخلصات'!$G$24="","",'[1]سجل المستخلصات'!$G$24) | H43: =IF('[1]سجل المستخلصات'!$I$24="","",'[1]سجل المستخلصات'!$I$24) | I43: =IF('[1]سجل المستخلصات'!$J$24="","",'[1]سجل المستخلصات'!$J$24) | J43: =IF('[1]سجل المستخلصات'!$K$24="","",'[1]سجل المستخلصات'!$K$24) | K43: =IF('[1]سجل المستخلصات'!$L$24="","",'[1]سجل المستخلصات'!$L$24) | L43: =IF('[1]سجل المستخلصات'!$M$24="","",'[1]سجل المستخلصات'!$M$24) | M43: =IF('[1]سجل المستخلصات'!$N$24="","",'[1]سجل المستخلصات'!$N$24) | N43: =IF('[1]سجل المستخلصات'!$O$24="","",'[1]سجل المستخلصات'!$O$24) | O43: =IF('[1]سجل المستخلصات'!$R$24="","",'[1]سجل المستخلصات'!$R$24) | P43: =IF('[1]سجل المستخلصات'!$S$24="","",'[1]سجل المستخلصات'!$S$24) | Q43: =IF('[1]سجل المستخلصات'!$T$24="","",'[1]سجل المستخلصات'!$T$24) | R43: =IF('[1]سجل المستخلصات'!$V$24="","",'[1]سجل المستخلصات'!$V$24) | S43: =IF('[1]سجل المستخلصات'!$W$24="","",'[1]سجل المستخلصات'!$W$24) | T43: =IF('[1]سجل المستخلصات'!$X$24="","",'[1]سجل المستخلصات'!$X$24) | U43: =IF('[1]سجل المستخلصات'!$Z$24="","",'[1]سجل المستخلصات'!$Z$24) | V43: =IF('[1]سجل المستخلصات'!$AA$24="","",'[1]سجل المستخلصات'!$AA$24) | W43: =IF('[1]سجل المستخلصات'!$AC$24="","",'[1]سجل المستخلصات'!$AC$24) | X43: =IF('[1]سجل المستخلصات'!$AD$24="","",'[1]سجل المستخلصات'!$AD$24) | Y43: =IF('[1]سجل المستخلصات'!$AE$24="","",'[1]سجل المستخلصات'!$AE$24)
B44: 20 | C44: =IF('[1]سجل المستخلصات'!$C$25="","",'[1]سجل المستخلصات'!$C$25) | D44: =IF('[1]سجل المستخلصات'!$E$25="","",'[1]سجل المستخلصات'!$E$25) | E44: =IF('[1]سجل المستخلصات'!$F$25="","",'[1]سجل المستخلصات'!$F$25) | F44: =IF('[1]سجل المستخلصات'!$H$25="","",'[1]سجل المستخلصات'!$H$25) | G44: =IF('[1]سجل المستخلصات'!$G$25="","",'[1]سجل المستخلصات'!$G$25) | H44: =IF('[1]سجل المستخلصات'!$I$25="","",'[1]سجل المستخلصات'!$I$25) | I44: =IF('[1]سجل المستخلصات'!$J$25="","",'[1]سجل المستخلصات'!$J$25) | J44: =IF('[1]سجل المستخلصات'!$K$25="","",'[1]سجل المستخلصات'!$K$25) | K44: =IF('[1]سجل المستخلصات'!$L$25="","",'[1]سجل المستخلصات'!$L$25) | L44: =IF('[1]سجل المستخلصات'!$M$25="","",'[1]سجل المستخلصات'!$M$25) | M44: =IF('[1]سجل المستخلصات'!$N$25="","",'[1]سجل المستخلصات'!$N$25) | N44: =IF('[1]سجل المستخلصات'!$O$25="","",'[1]سجل المستخلصات'!$O$25) | O44: =IF('[1]سجل المستخلصات'!$R$25="","",'[1]سجل المستخلصات'!$R$25) | P44: =IF('[1]سجل المستخلصات'!$S$25="","",'[1]سجل المستخلصات'!$S$25) | Q44: =IF('[1]سجل المستخلصات'!$T$25="","",'[1]سجل المستخلصات'!$T$25) | R44: =IF('[1]سجل المستخلصات'!$V$25="","",'[1]سجل المستخلصات'!$V$25) | S44: =IF('[1]سجل المستخلصات'!$W$25="","",'[1]سجل المستخلصات'!$W$25) | T44: =IF('[1]سجل المستخلصات'!$X$25="","",'[1]سجل المستخلصات'!$X$25) | U44: =IF('[1]سجل المستخلصات'!$Z$25="","",'[1]سجل المستخلصات'!$Z$25) | V44: =IF('[1]سجل المستخلصات'!$AA$25="","",'[1]سجل المستخلصات'!$AA$25) | W44: =IF('[1]سجل المستخلصات'!$AC$25="","",'[1]سجل المستخلصات'!$AC$25) | X44: =IF('[1]سجل المستخلصات'!$AD$25="","",'[1]سجل المستخلصات'!$AD$25) | Y44: =IF('[1]سجل المستخلصات'!$AE$25="","",'[1]سجل المستخلصات'!$AE$25)
B45: الإجمالي | F45: =SUM(F25:F44) | G45: =IF($V$9=0,0,N(INDEX($G$25:$G$44,$V$9))) | H45: =IF($V$9=0,0,N(INDEX($H$25:$H$44,$V$9))) | I45: =IF($V$9=0,0,N(INDEX($I$25:$I$44,$V$9))) | J45: =IF($V$9=0,0,N(INDEX($J$25:$J$44,$V$9))) | K45: =IF($V$9=0,0,N(INDEX($K$25:$K$44,$V$9))) | N45: =IF($V$9=0,0,N(INDEX($N$25:$N$44,$V$9))) | O45: =IF($V$9=0,0,N(INDEX($O$25:$O$44,$V$9))) | P45: =IF($V$9=0,0,N(INDEX($P$25:$P$44,$V$9))) | Q45: =IF($V$9=0,0,N(INDEX($Q$25:$Q$44,$V$9))) | R45: =IF($V$9=0,0,N(INDEX($R$25:$R$44,$V$9))) | S45: =IF($V$9=0,0,N(INDEX($S$25:$S$44,$V$9))) | T45: =IF($V$9=0,0,N(INDEX($T$25:$T$44,$V$9))) | U45: =SUM(U25:U44) | V45: =SUM(V25:V44) | W45: =SUM(W25:W44) | X45: =IFERROR(AVERAGE(X25:X44),0)
B48: الإنجاز حسب أقسام الأعمال
B49: القسم | E49: القيمة التعاقدية | F49: القيمة المنفذة | G49: نسبة الإنجاز
B50: =IF('[1]سجل المستخلصات'!$B$32="","",'[1]سجل المستخلصات'!$B$32) | E50: =N('[1]سجل المستخلصات'!$E$32) | F50: =N('[1]سجل المستخلصات'!$F$32) | G50: =IF(E50>0,F50/E50,0)
B51: =IF('[1]سجل المستخلصات'!$B$33="","",'[1]سجل المستخلصات'!$B$33) | E51: =N('[1]سجل المستخلصات'!$E$33) | F51: =N('[1]سجل المستخلصات'!$F$33) | G51: =IF(E51>0,F51/E51,0)
B52: =IF('[1]سجل المستخلصات'!$B$34="","",'[1]سجل المستخلصات'!$B$34) | E52: =N('[1]سجل المستخلصات'!$E$34) | F52: =N('[1]سجل المستخلصات'!$F$34) | G52: =IF(E52>0,F52/E52,0)
B53: =IF('[1]سجل المستخلصات'!$B$35="","",'[1]سجل المستخلصات'!$B$35) | E53: =N('[1]سجل المستخلصات'!$E$35) | F53: =N('[1]سجل المستخلصات'!$F$35) | G53: =IF(E53>0,F53/E53,0)
B54: =IF('[1]سجل المستخلصات'!$B$36="","",'[1]سجل المستخلصات'!$B$36) | E54: =N('[1]سجل المستخلصات'!$E$36) | F54: =N('[1]سجل المستخلصات'!$F$36) | G54: =IF(E54>0,F54/E54,0)
B55: =IF('[1]سجل المستخلصات'!$B$37="","",'[1]سجل المستخلصات'!$B$37) | E55: =N('[1]سجل المستخلصات'!$E$37) | F55: =N('[1]سجل المستخلصات'!$F$37) | G55: =IF(E55>0,F55/E55,0)
B56: =IF('[1]سجل المستخلصات'!$B$38="","",'[1]سجل المستخلصات'!$B$38) | E56: =N('[1]سجل المستخلصات'!$E$38) | F56: =N('[1]سجل المستخلصات'!$F$38) | G56: =IF(E56>0,F56/E56,0)
B57: =IF('[1]سجل المستخلصات'!$B$39="","",'[1]سجل المستخلصات'!$B$39) | E57: =N('[1]سجل المستخلصات'!$E$39) | F57: =N('[1]سجل المستخلصات'!$F$39) | G57: =IF(E57>0,F57/E57,0)
B58: =IF('[1]سجل المستخلصات'!$B$40="","",'[1]سجل المستخلصات'!$B$40) | E58: =N('[1]سجل المستخلصات'!$E$40) | F58: =N('[1]سجل المستخلصات'!$F$40) | G58: =IF(E58>0,F58/E58,0)
B59: =IF('[1]سجل المستخلصات'!$B$41="","",'[1]سجل المستخلصات'!$B$41) | E59: =N('[1]سجل المستخلصات'!$E$41) | F59: =N('[1]سجل المستخلصات'!$F$41) | G59: =IF(E59>0,F59/E59,0)
B60: =IF('[1]سجل المستخلصات'!$B$42="","",'[1]سجل المستخلصات'!$B$42) | E60: =N('[1]سجل المستخلصات'!$E$42) | F60: =N('[1]سجل المستخلصات'!$F$42) | G60: =IF(E60>0,F60/E60,0)
B61: =IF('[1]سجل المستخلصات'!$B$43="","",'[1]سجل المستخلصات'!$B$43) | E61: =N('[1]سجل المستخلصات'!$E$43) | F61: =N('[1]سجل المستخلصات'!$F$43) | G61: =IF(E61>0,F61/E61,0)

Sheet مشروع 02
B1: ="📊 "&IF('[2]بيانات العقد'!$C$5="","مشروع رقم 02 — غير مُفعّل",'[2]بيانات العقد'!$C$5)
B2: ="تقارير المستخلصات المجمعة لكل المشاريع | تاريخ التقرير: "&TEXT(TODAY(),"yyyy/mm/dd")
B3: 🏠 الإجمالي العام | C3: ◄ المشروع السابق | D3: المشروع التالي ► | F3: 📂 فتح ملف المستخلصات: Project_02/IPC_Project_02.xlsx | N3: يُحدَّث آلياً من ملف المستخلصات (تمكين المحتوى ← تحديث الروابط)
AA4: بيانات مرتبطة من ملف المستخلصات
B5: المشروع | C5: =IF('[2]بيانات العقد'!$C$5="","",'[2]بيانات العقد'!$C$5) | G5: رقم العقد | H5: =IF('[2]بيانات العقد'!$C$6="","",'[2]بيانات العقد'!$C$6) | L5: صاحب العمل | M5: =IF('[2]بيانات العقد'!$C$7="","",'[2]بيانات العقد'!$C$7) | R5: الاستشاري | S5: =IF('[2]بيانات العقد'!$C$8="","",'[2]بيانات العقد'!$C$8) | AA5: قيمة العقد الأصلية | AB5: =N('[2]بيانات العقد'!$C$16)
B6: المقاول | C6: =IF('[2]بيانات العقد'!$C$9="","",'[2]بيانات العقد'!$C$9) | G6: تاريخ البدء | H6: =IF('[2]بيانات العقد'!$C$11="","",'[2]بيانات العقد'!$C$11) | L6: الانتهاء التعاقدي | M6: =IF('[2]بيانات العقد'!$C$13="","",'[2]بيانات العقد'!$C$13) | R6: العملة | S6: =IF('[2]بيانات العقد'!$C$14="","",'[2]بيانات العقد'!$C$14) | AA6: صافي التغييرية المعتمدة | AB6: =N('[2]بيانات العقد'!$C$17)
AA7: قيمة العقد المعدلة | AB7: =N('[2]بيانات العقد'!$C$18)
B8: قيمة العقد الأصلية | F8: صافي الأوامر التغييرية | J8: قيمة العقد المعدلة | N8: إجمالي قيمة الأعمال التراكمية | R8: الأعمال المتبقية | V8: آخر مستخلص فعال | AA8: نسبة الدفعة المقدمة | AB8: =N('[2]بيانات العقد'!$C$20)
B9: =$AB$5 | F9: =$AB$6 | J9: =$AB$7 | N9: =IF($V$9=0,0,N(INDEX($J$25:$J$44,$V$9))) | R9: =MAX(0,$AB$7-IF($V$9=0,0,N(INDEX($G$25:$G$44,$V$9)))-IF($V$9=0,0,N(INDEX($H$25:$H$44,$V$9)))) | V9: =SUMPRODUCT(MAX((C25:C44<>"")*B25:B44)) | AA9: قيمة الدفعة المقدمة | AB9: =N('[2]بيانات العقد'!$C$21)
AA10: نسبة ضمان الأعمال | AB10: =N('[2]بيانات العقد'!$C$27)
B11: نسبة الإنجاز الفعلية | F11: نسبة الإنجاز المخططة | J11: الانحراف (فعلي - مخطط) | N11: نسبة المدة المنقضية | R11: مؤشر أداء الجدول (SPI) | V11: حالة المشروع | AA11: الحد الأقصى للضمان | AB11: =N('[2]بيانات العقد'!$C$29)
B12: =IF($V$9=0,0,N(INDEX($K$25:$K$44,$V$9))) | F12: =IF($V$9=0,0,N(INDEX($L$25:$L$44,$V$9))) | J12: =B12-F12 | N12: =IF(OR($V$9=0,$AB$14="",$AB$15=""),0,MIN(1,MAX(0,(INDEX(C25:C44,$V$9)-$AB$14+1)/($AB$15-$AB$14+1)))) | R12: =IF(F12>0,B12/F12,0) | V12: =IF($AB$7=0,"غير مُفعّل",IF($V$9=0,"لم يبدأ الصرف",IF(J12<-0.05,"⚠ متأخر",IF(J12<0,"متأخر قليلاً","✔ مطابق / متقدم")))) | AA12: ضريبة القيمة المضافة | AB12: =N('[2]بيانات العقد'!$C$31)
AA13: ضريبة الاستقطاع (غير المقيم) | AB13: =N('[2]بيانات العقد'!$C$33)
B14: صافي المستحق التراكمي | F14: إجمالي المحصل | J14: مستحقات غير محصلة | N14: نسبة التحصيل | R14: متوسط مدة التحصيل (يوم) | V14: تاريخ آخر مستخلص | AA14: تاريخ البدء | AB14: =IF('[2]بيانات العقد'!$C$11="","",'[2]بيانات العقد'!$C$11)
B15: =IF($V$9=0,0,N(INDEX($T$25:$T$44,$V$9))) | F15: =V45 | J15: =W45 | N15: =IF(B15>0,F15/B15,0) | R15: =X45 | V15: =IF($V$9=0,"",INDEX(C25:C44,$V$9)) | AA15: تاريخ الانتهاء التعاقدي | AB15: =IF('[2]بيانات العقد'!$C$13="","",'[2]بيانات العقد'!$C$13)
AA16: المدة (شهر) | AB16: =IF('[2]بيانات العقد'!$C$12="","",'[2]بيانات العقد'!$C$12)
B17: ضمان الأعمال المحتجز | F17: رصيد الدفعة المقدمة غير المسترد | J17: الاستقطاعات الفنية المحتجزة | N17: الغرامات والخصومات | R17: مستحق آخر مستخلص | V17: عدد المستخلصات المعتمدة | AA17: نوع العقد | AB17: =IF('[2]بيانات العقد'!$C$36="","",'[2]بيانات العقد'!$C$36)
B18: =IF($V$9=0,0,N(INDEX($O$25:$O$44,$V$9))) | F18: =MAX(0,$AB$9-IF($V$9=0,0,N(INDEX($N$25:$N$44,$V$9)))) | J18: =IF($V$9=0,0,N(INDEX($P$25:$P$44,$V$9))) | N18: =IF($V$9=0,0,N(INDEX($Q$25:$Q$44,$V$9))) | R18: =IF($V$9=0,0,N(INDEX($U$25:$U$44,$V$9))) | V18: =COUNTIF(E25:E44,"معتمد") | AA18: الرقم الضريبي للمقاول | AB18: =IF('[2]بيانات العقد'!$C$37="","",'[2]بيانات العقد'!$C$37)
AA19: الرقم الضريبي لصاحب العمل | AB19: =IF('[2]بيانات العقد'!$C$39="","",'[2]بيانات العقد'!$C$39)
B20: الموازنة التقديرية (BAC) | F20: التكلفة الفعلية التراكمية | J20: الربح الفعلي التراكمي | N20: هامش الربح الفعلي | R20: مؤشر أداء التكلفة (CPI) | V20: الربح المتوقع عند الإنجاز | AA20: انتهاء الضمان النهائي | AB20: =IF('[2]بيانات العقد'!$C$42="","",'[2]بيانات العقد'!$C$42)
B21: =N('[2]الموازنة والتكاليف'!$D$66) | F21: =N('[2]الموازنة والتكاليف'!$D$70) | J21: =N('[2]الموازنة والتكاليف'!$D$72) | N21: =N('[2]الموازنة والتكاليف'!$D$73) | R21: =N('[2]الموازنة والتكاليف'!$D$74) | V21: =N('[2]الموازنة والتكاليف'!$D$76) | AA21: انتهاء ضمان الدفعة المقدمة | AB21: =IF('[2]بيانات العقد'!$C$43="","",'[2]بيانات العقد'!$C$43)
AA22: حالة غرامات التأخير | AB22: =IF('[2]بيانات العقد'!$C$47="","",'[2]بيانات العقد'!$C$47)
B23: سجل المستخلصات (مرتبط)
B24: رقم المستخلص | C24: الفترة إلى | D24: تاريخ الاعتماد | E24: حالة المستخلص | F24: أعمال الفترة | G24: الأعمال المنفذة التراكمية | H24: التغييرية التراكمية | I24: رصيد المواد بالموقع | J24: إجمالي القيمة التراكمية | K24: نسبة الإنجاز الفعلية | L24: نسبة الإنجاز المخططة | M24: الانحراف | N24: استرداد الدفعة المقدمة | O24: صافي الضمان المحتجز | P24: الاستقطاعات الفنية | Q24: الغرامات والخصومات | R24: ضريبة القيمة المضافة | S24: ضريبة الاستقطاع | T24: صافي المستحق التراكمي | U24: المستحق للمستخلص الحالي | V24: المحصل | W24: المتبقي | X24: مدة التحصيل (يوم) | Y24: حالة التحصيل | AA24: التنبيهات النظامية
B25: 1 | C25: =IF('[2]سجل المستخلصات'!$C$6="","",'[2]سجل المستخلصات'!$C$6) | D25: =IF('[2]سجل المستخلصات'!$E$6="","",'[2]سجل المستخلصات'!$E$6) | E25: =IF('[2]سجل المستخلصات'!$F$6="","",'[2]سجل المستخلصات'!$F$6) | F25: =IF('[2]سجل المستخلصات'!$H$6="","",'[2]سجل المستخلصات'!$H$6) | G25: =IF('[2]سجل المستخلصات'!$G$6="","",'[2]سجل المستخلصات'!$G$6) | H25: =IF('[2]سجل المستخلصات'!$I$6="","",'[2]سجل المستخلصات'!$I$6) | I25: =IF('[2]سجل المستخلصات'!$J$6="","",'[2]سجل المستخلصات'!$J$6) | J25: =IF('[2]سجل المستخلصات'!$K$6="","",'[2]سجل المستخلصات'!$K$6) | K25: =IF('[2]سجل المستخلصات'!$L$6="","",'[2]سجل المستخلصات'!$L$6) | L25: =IF('[2]سجل المستخلصات'!$M$6="","",'[2]سجل المستخلصات'!$M$6) | M25: =IF('[2]سجل المستخلصات'!$N$6="","",'[2]سجل المستخلصات'!$N$6) | N25: =IF('[2]سجل المستخلصات'!$O$6="","",'[2]سجل المستخلصات'!$O$6) | O25: =IF('[2]سجل المستخلصات'!$R$6="","",'[2]سجل المستخلصات'!$R$6) | P25: =IF('[2]سجل المستخلصات'!$S$6="","",'[2]سجل المستخلصات'!$S$6) | Q25: =IF('[2]سجل المستخلصات'!$T$6="","",'[2]سجل المستخلصات'!$T$6) | R25: =IF('[2]سجل المستخلصات'!$V$6="","",'[2]سجل المستخلصات'!$V$6) | S25: =IF('[2]سجل المستخلصات'!$W$6="","",'[2]سجل المستخلصات'!$W$6) | T25: =IF('[2]سجل المستخلصات'!$X$6="","",'[2]سجل المستخلصات'!$X$6) | U25: =IF('[2]سجل المستخلصات'!$Z$6="","",'[2]سجل المستخلصات'!$Z$6) | V25: =IF('[2]سجل المستخلصات'!$AA$6="","",'[2]سجل المستخلصات'!$AA$6) | W25: =IF('[2]سجل المستخلصات'!$AC$6="","",'[2]سجل المستخلصات'!$AC$6) | X25: =IF('[2]سجل المستخلصات'!$AD$6="","",'[2]سجل المستخلصات'!$AD$6) | Y25: =IF('[2]سجل المستخلصات'!$AE$6="","",'[2]سجل المستخلصات'!$AE$6) | AA25: =IF($AB$7=0,"",IF(AND($AB$20<>"",N($AB$20)-TODAY()<=30),"⚠ الضمان النهائي ينتهي خلال 30 يوماً — ","")&IF(AND($AB$21<>"",N($AB$21)-TODAY()<=30,$F$18>0),"⚠ ضمان الدفعة المقدمة ينتهي والرصيد لم يُسترد — ","")&IF(ISNUMBER(SEARCH("⚠",$AB$22)),"⚠ الغرامات تجاوزت الحد الأقصى — ","")&IF($J$15>0,"مستحقات غير محصلة","")&"")
B26: 2 | C26: =IF('[2]سجل المستخلصات'!$C$7="","",'[2]سجل المستخلصات'!$C$7) | D26: =IF('[2]سجل المستخلصات'!$E$7="","",'[2]سجل المستخلصات'!$E$7) | E26: =IF('[2]سجل المستخلصات'!$F$7="","",'[2]سجل المستخلصات'!$F$7) | F26: =IF('[2]سجل المستخلصات'!$H$7="","",'[2]سجل المستخلصات'!$H$7) | G26: =IF('[2]سجل المستخلصات'!$G$7="","",'[2]سجل المستخلصات'!$G$7) | H26: =IF('[2]سجل المستخلصات'!$I$7="","",'[2]سجل المستخلصات'!$I$7) | I26: =IF('[2]سجل المستخلصات'!$J$7="","",'[2]سجل المستخلصات'!$J$7) | J26: =IF('[2]سجل المستخلصات'!$K$7="","",'[2]سجل المستخلصات'!$K$7) | K26: =IF('[2]سجل المستخلصات'!$L$7="","",'[2]سجل المستخلصات'!$L$7) | L26: =IF('[2]سجل المستخلصات'!$M$7="","",'[2]سجل المستخلصات'!$M$7) | M26: =IF('[2]سجل المستخلصات'!$N$7="","",'[2]سجل المستخلصات'!$N$7) | N26: =IF('[2]سجل المستخلصات'!$O$7="","",'[2]سجل المستخلصات'!$O$7) | O26: =IF('[2]سجل المستخلصات'!$R$7="","",'[2]سجل المستخلصات'!$R$7) | P26: =IF('[2]سجل المستخلصات'!$S$7="","",'[2]سجل المستخلصات'!$S$7) | Q26: =IF('[2]سجل المستخلصات'!$T$7="","",'[2]سجل المستخلصات'!$T$7) | R26: =IF('[2]سجل المستخلصات'!$V$7="","",'[2]سجل المستخلصات'!$V$7) | S26: =IF('[2]سجل المستخلصات'!$W$7="","",'[2]سجل المستخلصات'!$W$7) | T26: =IF('[2]سجل المستخلصات'!$X$7="","",'[2]سجل المستخلصات'!$X$7) | U26: =IF('[2]سجل المستخلصات'!$Z$7="","",'[2]سجل المستخلصات'!$Z$7) | V26: =IF('[2]سجل المستخلصات'!$AA$7="","",'[2]سجل المستخلصات'!$AA$7) | W26: =IF('[2]سجل المستخلصات'!$AC$7="","",'[2]سجل المستخلصات'!$AC$7) | X26: =IF('[2]سجل المستخلصات'!$AD$7="","",'[2]سجل المستخلصات'!$AD$7) | Y26: =IF('[2]سجل المستخلصات'!$AE$7="","",'[2]سجل المستخلصات'!$AE$7)
B27: 3 | C27: =IF('[2]سجل المستخلصات'!$C$8="","",'[2]سجل المستخلصات'!$C$8) | D27: =IF('[2]سجل المستخلصات'!$E$8="","",'[2]سجل المستخلصات'!$E$8) | E27: =IF('[2]سجل المستخلصات'!$F$8="","",'[2]سجل المستخلصات'!$F$8) | F27: =IF('[2]سجل المستخلصات'!$H$8="","",'[2]سجل المستخلصات'!$H$8) | G27: =IF('[2]سجل المستخلصات'!$G$8="","",'[2]سجل المستخلصات'!$G$8) | H27: =IF('[2]سجل المستخلصات'!$I$8="","",'[2]سجل المستخلصات'!$I$8) | I27: =IF('[2]سجل المستخلصات'!$J$8="","",'[2]سجل المستخلصات'!$J$8) | J27: =IF('[2]سجل المستخلصات'!$K$8="","",'[2]سجل المستخلصات'!$K$8) | K27: =IF('[2]سجل المستخلصات'!$L$8="","",'[2]سجل المستخلصات'!$L$8) | L27: =IF('[2]سجل المستخلصات'!$M$8="","",'[2]سجل المستخلصات'!$M$8) | M27: =IF('[2]سجل المستخلصات'!$N$8="","",'[2]سجل المستخلصات'!$N$8) | N27: =IF('[2]سجل المستخلصات'!$O$8="","",'[2]سجل المستخلصات'!$O$8) | O27: =IF('[2]سجل المستخلصات'!$R$8="","",'[2]سجل المستخلصات'!$R$8) | P27: =IF('[2]سجل المستخلصات'!$S$8="","",'[2]سجل المستخلصات'!$S$8) | Q27: =IF('[2]سجل المستخلصات'!$T$8="","",'[2]سجل المستخلصات'!$T$8) | R27: =IF('[2]سجل المستخلصات'!$V$8="","",'[2]سجل المستخلصات'!$V$8) | S27: =IF('[2]سجل المستخلصات'!$W$8="","",'[2]سجل المستخلصات'!$W$8) | T27: =IF('[2]سجل المستخلصات'!$X$8="","",'[2]سجل المستخلصات'!$X$8) | U27: =IF('[2]سجل المستخلصات'!$Z$8="","",'[2]سجل المستخلصات'!$Z$8) | V27: =IF('[2]سجل المستخلصات'!$AA$8="","",'[2]سجل المستخلصات'!$AA$8) | W27: =IF('[2]سجل المستخلصات'!$AC$8="","",'[2]سجل المستخلصات'!$AC$8) | X27: =IF('[2]سجل المستخلصات'!$AD$8="","",'[2]سجل المستخلصات'!$AD$8) | Y27: =IF('[2]سجل المستخلصات'!$AE$8="","",'[2]سجل المستخلصات'!$AE$8)
B28: 4 | C28: =IF('[2]سجل المستخلصات'!$C$9="","",'[2]سجل المستخلصات'!$C$9) | D28: =IF('[2]سجل المستخلصات'!$E$9="","",'[2]سجل المستخلصات'!$E$9) | E28: =IF('[2]سجل المستخلصات'!$F$9="","",'[2]سجل المستخلصات'!$F$9) | F28: =IF('[2]سجل المستخلصات'!$H$9="","",'[2]سجل المستخلصات'!$H$9) | G28: =IF('[2]سجل المستخلصات'!$G$9="","",'[2]سجل المستخلصات'!$G$9) | H28: =IF('[2]سجل المستخلصات'!$I$9="","",'[2]سجل المستخلصات'!$I$9) | I28: =IF('[2]سجل المستخلصات'!$J$9="","",'[2]سجل المستخلصات'!$J$9) | J28: =IF('[2]سجل المستخلصات'!$K$9="","",'[2]سجل المستخلصات'!$K$9) | K28: =IF('[2]سجل المستخلصات'!$L$9="","",'[2]سجل المستخلصات'!$L$9) | L28: =IF('[2]سجل المستخلصات'!$M$9="","",'[2]سجل المستخلصات'!$M$9) | M28: =IF('[2]سجل المستخلصات'!$N$9="","",'[2]سجل المستخلصات'!$N$9) | N28: =IF('[2]سجل المستخلصات'!$O$9="","",'[2]سجل المستخلصات'!$O$9) | O28: =IF('[2]سجل المستخلصات'!$R$9="","",'[2]سجل المستخلصات'!$R$9) | P28: =IF('[2]سجل المستخلصات'!$S$9="","",'[2]سجل المستخلصات'!$S$9) | Q28: =IF('[2]سجل المستخلصات'!$T$9="","",'[2]سجل المستخلصات'!$T$9) | R28: =IF('[2]سجل المستخلصات'!$V$9="","",'[2]سجل المستخلصات'!$V$9) | S28: =IF('[2]سجل المستخلصات'!$W$9="","",'[2]سجل المستخلصات'!$W$9) | T28: =IF('[2]سجل المستخلصات'!$X$9="","",'[2]سجل المستخلصات'!$X$9) | U28: =IF('[2]سجل المستخلصات'!$Z$9="","",'[2]سجل المستخلصات'!$Z$9) | V28: =IF('[2]سجل المستخلصات'!$AA$9="","",'[2]سجل المستخلصات'!$AA$9) | W28: =IF('[2]سجل المستخلصات'!$AC$9="","",'[2]سجل المستخلصات'!$AC$9) | X28: =IF('[2]سجل المستخلصات'!$AD$9="","",'[2]سجل المستخلصات'!$AD$9) | Y28: =IF('[2]سجل المستخلصات'!$AE$9="","",'[2]سجل المستخلصات'!$AE$9)
B29: 5 | C29: =IF('[2]سجل المستخلصات'!$C$10="","",'[2]سجل المستخلصات'!$C$10) | D29: =IF('[2]سجل المستخلصات'!$E$10="","",'[2]سجل المستخلصات'!$E$10) | E29: =IF('[2]سجل المستخلصات'!$F$10="","",'[2]سجل المستخلصات'!$F$10) | F29: =IF('[2]سجل المستخلصات'!$H$10="","",'[2]سجل المستخلصات'!$H$10) | G29: =IF('[2]سجل المستخلصات'!$G$10="","",'[2]سجل المستخلصات'!$G$10) | H29: =IF('[2]سجل المستخلصات'!$I$10="","",'[2]سجل المستخلصات'!$I$10) | I29: =IF('[2]سجل المستخلصات'!$J$10="","",'[2]سجل المستخلصات'!$J$10) | J29: =IF('[2]سجل المستخلصات'!$K$10="","",'[2]سجل المستخلصات'!$K$10) | K29: =IF('[2]سجل المستخلصات'!$L$10="","",'[2]سجل المستخلصات'!$L$10) | L29: =IF('[2]سجل المستخلصات'!$M$10="","",'[2]سجل المستخلصات'!$M$10) | M29: =IF('[2]سجل المستخلصات'!$N$10="","",'[2]سجل المستخلصات'!$N$10) | N29: =IF('[2]سجل المستخلصات'!$O$10="","",'[2]سجل المستخلصات'!$O$10) | O29: =IF('[2]سجل المستخلصات'!$R$10="","",'[2]سجل المستخلصات'!$R$10) | P29: =IF('[2]سجل المستخلصات'!$S$10="","",'[2]سجل المستخلصات'!$S$10) | Q29: =IF('[2]سجل المستخلصات'!$T$10="","",'[2]سجل المستخلصات'!$T$10) | R29: =IF('[2]سجل المستخلصات'!$V$10="","",'[2]سجل المستخلصات'!$V$10) | S29: =IF('[2]سجل المستخلصات'!$W$10="","",'[2]سجل المستخلصات'!$W$10) | T29: =IF('[2]سجل المستخلصات'!$X$10="","",'[2]سجل المستخلصات'!$X$10) | U29: =IF('[2]سجل المستخلصات'!$Z$10="","",'[2]سجل المستخلصات'!$Z$10) | V29: =IF('[2]سجل المستخلصات'!$AA$10="","",'[2]سجل المستخلصات'!$AA$10) | W29: =IF('[2]سجل المستخلصات'!$AC$10="","",'[2]سجل المستخلصات'!$AC$10) | X29: =IF('[2]سجل المستخلصات'!$AD$10="","",'[2]سجل المستخلصات'!$AD$10) | Y29: =IF('[2]سجل المستخلصات'!$AE$10="","",'[2]سجل المستخلصات'!$AE$10)
B30: 6 | C30: =IF('[2]سجل المستخلصات'!$C$11="","",'[2]سجل المستخلصات'!$C$11) | D30: =IF('[2]سجل المستخلصات'!$E$11="","",'[2]سجل المستخلصات'!$E$11) | E30: =IF('[2]سجل المستخلصات'!$F$11="","",'[2]سجل المستخلصات'!$F$11) | F30: =IF('[2]سجل المستخلصات'!$H$11="","",'[2]سجل المستخلصات'!$H$11) | G30: =IF('[2]سجل المستخلصات'!$G$11="","",'[2]سجل المستخلصات'!$G$11) | H30: =IF('[2]سجل المستخلصات'!$I$11="","",'[2]سجل المستخلصات'!$I$11) | I30: =IF('[2]سجل المستخلصات'!$J$11="","",'[2]سجل المستخلصات'!$J$11) | J30: =IF('[2]سجل المستخلصات'!$K$11="","",'[2]سجل المستخلصات'!$K$11) | K30: =IF('[2]سجل المستخلصات'!$L$11="","",'[2]سجل المستخلصات'!$L$11) | L30: =IF('[2]سجل المستخلصات'!$M$11="","",'[2]سجل المستخلصات'!$M$11) | M30: =IF('[2]سجل المستخلصات'!$N$11="","",'[2]سجل المستخلصات'!$N$11) | N30: =IF('[2]سجل المستخلصات'!$O$11="","",'[2]سجل المستخلصات'!$O$11) | O30: =IF('[2]سجل المستخلصات'!$R$11="","",'[2]سجل المستخلصات'!$R$11) | P30: =IF('[2]سجل المستخلصات'!$S$11="","",'[2]سجل المستخلصات'!$S$11) | Q30: =IF('[2]سجل المستخلصات'!$T$11="","",'[2]سجل المستخلصات'!$T$11) | R30: =IF('[2]سجل المستخلصات'!$V$11="","",'[2]سجل المستخلصات'!$V$11) | S30: =IF('[2]سجل المستخلصات'!$W$11="","",'[2]سجل المستخلصات'!$W$11) | T30: =IF('[2]سجل المستخلصات'!$X$11="","",'[2]سجل المستخلصات'!$X$11) | U30: =IF('[2]سجل المستخلصات'!$Z$11="","",'[2]سجل المستخلصات'!$Z$11) | V30: =IF('[2]سجل المستخلصات'!$AA$11="","",'[2]سجل المستخلصات'!$AA$11) | W30: =IF('[2]سجل المستخلصات'!$AC$11="","",'[2]سجل المستخلصات'!$AC$11) | X30: =IF('[2]سجل المستخلصات'!$AD$11="","",'[2]سجل المستخلصات'!$AD$11) | Y30: =IF('[2]سجل المستخلصات'!$AE$11="","",'[2]سجل المستخلصات'!$AE$11)
B31: 7 | C31: =IF('[2]سجل المستخلصات'!$C$12="","",'[2]سجل المستخلصات'!$C$12) | D31: =IF('[2]سجل المستخلصات'!$E$12="","",'[2]سجل المستخلصات'!$E$12) | E31: =IF('[2]سجل المستخلصات'!$F$12="","",'[2]سجل المستخلصات'!$F$12) | F31: =IF('[2]سجل المستخلصات'!$H$12="","",'[2]سجل المستخلصات'!$H$12) | G31: =IF('[2]سجل المستخلصات'!$G$12="","",'[2]سجل المستخلصات'!$G$12) | H31: =IF('[2]سجل المستخلصات'!$I$12="","",'[2]سجل المستخلصات'!$I$12) | I31: =IF('[2]سجل المستخلصات'!$J$12="","",'[2]سجل المستخلصات'!$J$12) | J31: =IF('[2]سجل المستخلصات'!$K$12="","",'[2]سجل المستخلصات'!$K$12) | K31: =IF('[2]سجل المستخلصات'!$L$12="","",'[2]سجل المستخلصات'!$L$12) | L31: =IF('[2]سجل المستخلصات'!$M$12="","",'[2]سجل المستخلصات'!$M$12) | M31: =IF('[2]سجل المستخلصات'!$N$12="","",'[2]سجل المستخلصات'!$N$12) | N31: =IF('[2]سجل المستخلصات'!$O$12="","",'[2]سجل المستخلصات'!$O$12) | O31: =IF('[2]سجل المستخلصات'!$R$12="","",'[2]سجل المستخلصات'!$R$12) | P31: =IF('[2]سجل المستخلصات'!$S$12="","",'[2]سجل المستخلصات'!$S$12) | Q31: =IF('[2]سجل المستخلصات'!$T$12="","",'[2]سجل المستخلصات'!$T$12) | R31: =IF('[2]سجل المستخلصات'!$V$12="","",'[2]سجل المستخلصات'!$V$12) | S31: =IF('[2]سجل المستخلصات'!$W$12="","",'[2]سجل المستخلصات'!$W$12) | T31: =IF('[2]سجل المستخلصات'!$X$12="","",'[2]سجل المستخلصات'!$X$12) | U31: =IF('[2]سجل المستخلصات'!$Z$12="","",'[2]سجل المستخلصات'!$Z$12) | V31: =IF('[2]سجل المستخلصات'!$AA$12="","",'[2]سجل المستخلصات'!$AA$12) | W31: =IF('[2]سجل المستخلصات'!$AC$12="","",'[2]سجل المستخلصات'!$AC$12) | X31: =IF('[2]سجل المستخلصات'!$AD$12="","",'[2]سجل المستخلصات'!$AD$12) | Y31: =IF('[2]سجل المستخلصات'!$AE$12="","",'[2]سجل المستخلصات'!$AE$12)
B32: 8 | C32: =IF('[2]سجل المستخلصات'!$C$13="","",'[2]سجل المستخلصات'!$C$13) | D32: =IF('[2]سجل المستخلصات'!$E$13="","",'[2]سجل المستخلصات'!$E$13) | E32: =IF('[2]سجل المستخلصات'!$F$13="","",'[2]سجل المستخلصات'!$F$13) | F32: =IF('[2]سجل المستخلصات'!$H$13="","",'[2]سجل المستخلصات'!$H$13) | G32: =IF('[2]سجل المستخلصات'!$G$13="","",'[2]سجل المستخلصات'!$G$13) | H32: =IF('[2]سجل المستخلصات'!$I$13="","",'[2]سجل المستخلصات'!$I$13) | I32: =IF('[2]سجل المستخلصات'!$J$13="","",'[2]سجل المستخلصات'!$J$13) | J32: =IF('[2]سجل المستخلصات'!$K$13="","",'[2]سجل المستخلصات'!$K$13) | K32: =IF('[2]سجل المستخلصات'!$L$13="","",'[2]سجل المستخلصات'!$L$13) | L32: =IF('[2]سجل المستخلصات'!$M$13="","",'[2]سجل المستخلصات'!$M$13) | M32: =IF('[2]سجل المستخلصات'!$N$13="","",'[2]سجل المستخلصات'!$N$13) | N32: =IF('[2]سجل المستخلصات'!$O$13="","",'[2]سجل المستخلصات'!$O$13) | O32: =IF('[2]سجل المستخلصات'!$R$13="","",'[2]سجل المستخلصات'!$R$13) | P32: =IF('[2]سجل المستخلصات'!$S$13="","",'[2]سجل المستخلصات'!$S$13) | Q32: =IF('[2]سجل المستخلصات'!$T$13="","",'[2]سجل المستخلصات'!$T$13) | R32: =IF('[2]سجل المستخلصات'!$V$13="","",'[2]سجل المستخلصات'!$V$13) | S32: =IF('[2]سجل المستخلصات'!$W$13="","",'[2]سجل المستخلصات'!$W$13) | T32: =IF('[2]سجل المستخلصات'!$X$13="","",'[2]سجل المستخلصات'!$X$13) | U32: =IF('[2]سجل المستخلصات'!$Z$13="","",'[2]سجل المستخلصات'!$Z$13) | V32: =IF('[2]سجل المستخلصات'!$AA$13="","",'[2]سجل المستخلصات'!$AA$13) | W32: =IF('[2]سجل المستخلصات'!$AC$13="","",'[2]سجل المستخلصات'!$AC$13) | X32: =IF('[2]سجل المستخلصات'!$AD$13="","",'[2]سجل المستخلصات'!$AD$13) | Y32: =IF('[2]سجل المستخلصات'!$AE$13="","",'[2]سجل المستخلصات'!$AE$13)
B33: 9 | C33: =IF('[2]سجل المستخلصات'!$C$14="","",'[2]سجل المستخلصات'!$C$14) | D33: =IF('[2]سجل المستخلصات'!$E$14="","",'[2]سجل المستخلصات'!$E$14) | E33: =IF('[2]سجل المستخلصات'!$F$14="","",'[2]سجل المستخلصات'!$F$14) | F33: =IF('[2]سجل المستخلصات'!$H$14="","",'[2]سجل المستخلصات'!$H$14) | G33: =IF('[2]سجل المستخلصات'!$G$14="","",'[2]سجل المستخلصات'!$G$14) | H33: =IF('[2]سجل المستخلصات'!$I$14="","",'[2]سجل المستخلصات'!$I$14) | I33: =IF('[2]سجل المستخلصات'!$J$14="","",'[2]سجل المستخلصات'!$J$14) | J33: =IF('[2]سجل المستخلصات'!$K$14="","",'[2]سجل المستخلصات'!$K$14) | K33: =IF('[2]سجل المستخلصات'!$L$14="","",'[2]سجل المستخلصات'!$L$14) | L33: =IF('[2]سجل المستخلصات'!$M$14="","",'[2]سجل المستخلصات'!$M$14) | M33: =IF('[2]سجل المستخلصات'!$N$14="","",'[2]سجل المستخلصات'!$N$14) | N33: =IF('[2]سجل المستخلصات'!$O$14="","",'[2]سجل المستخلصات'!$O$14) | O33: =IF('[2]سجل المستخلصات'!$R$14="","",'[2]سجل المستخلصات'!$R$14) | P33: =IF('[2]سجل المستخلصات'!$S$14="","",'[2]سجل المستخلصات'!$S$14) | Q33: =IF('[2]سجل المستخلصات'!$T$14="","",'[2]سجل المستخلصات'!$T$14) | R33: =IF('[2]سجل المستخلصات'!$V$14="","",'[2]سجل المستخلصات'!$V$14) | S33: =IF('[2]سجل المستخلصات'!$W$14="","",'[2]سجل المستخلصات'!$W$14) | T33: =IF('[2]سجل المستخلصات'!$X$14="","",'[2]سجل المستخلصات'!$X$14) | U33: =IF('[2]سجل المستخلصات'!$Z$14="","",'[2]سجل المستخلصات'!$Z$14) | V33: =IF('[2]سجل المستخلصات'!$AA$14="","",'[2]سجل المستخلصات'!$AA$14) | W33: =IF('[2]سجل المستخلصات'!$AC$14="","",'[2]سجل المستخلصات'!$AC$14) | X33: =IF('[2]سجل المستخلصات'!$AD$14="","",'[2]سجل المستخلصات'!$AD$14) | Y33: =IF('[2]سجل المستخلصات'!$AE$14="","",'[2]سجل المستخلصات'!$AE$14)
B34: 10 | C34: =IF('[2]سجل المستخلصات'!$C$15="","",'[2]سجل المستخلصات'!$C$15) | D34: =IF('[2]سجل المستخلصات'!$E$15="","",'[2]سجل المستخلصات'!$E$15) | E34: =IF('[2]سجل المستخلصات'!$F$15="","",'[2]سجل المستخلصات'!$F$15) | F34: =IF('[2]سجل المستخلصات'!$H$15="","",'[2]سجل المستخلصات'!$H$15) | G34: =IF('[2]سجل المستخلصات'!$G$15="","",'[2]سجل المستخلصات'!$G$15) | H34: =IF('[2]سجل المستخلصات'!$I$15="","",'[2]سجل المستخلصات'!$I$15) | I34: =IF('[2]سجل المستخلصات'!$J$15="","",'[2]سجل المستخلصات'!$J$15) | J34: =IF('[2]سجل المستخلصات'!$K$15="","",'[2]سجل المستخلصات'!$K$15) | K34: =IF('[2]سجل المستخلصات'!$L$15="","",'[2]سجل المستخلصات'!$L$15) | L34: =IF('[2]سجل المستخلصات'!$M$15="","",'[2]سجل المستخلصات'!$M$15) | M34: =IF('[2]سجل المستخلصات'!$N$15="","",'[2]سجل المستخلصات'!$N$15) | N34: =IF('[2]سجل المستخلصات'!$O$15="","",'[2]سجل المستخلصات'!$O$15) | O34: =IF('[2]سجل المستخلصات'!$R$15="","",'[2]سجل المستخلصات'!$R$15) | P34: =IF('[2]سجل المستخلصات'!$S$15="","",'[2]سجل المستخلصات'!$S$15) | Q34: =IF('[2]سجل المستخلصات'!$T$15="","",'[2]سجل المستخلصات'!$T$15) | R34: =IF('[2]سجل المستخلصات'!$V$15="","",'[2]سجل المستخلصات'!$V$15) | S34: =IF('[2]سجل المستخلصات'!$W$15="","",'[2]سجل المستخلصات'!$W$15) | T34: =IF('[2]سجل المستخلصات'!$X$15="","",'[2]سجل المستخلصات'!$X$15) | U34: =IF('[2]سجل المستخلصات'!$Z$15="","",'[2]سجل المستخلصات'!$Z$15) | V34: =IF('[2]سجل المستخلصات'!$AA$15="","",'[2]سجل المستخلصات'!$AA$15) | W34: =IF('[2]سجل المستخلصات'!$AC$15="","",'[2]سجل المستخلصات'!$AC$15) | X34: =IF('[2]سجل المستخلصات'!$AD$15="","",'[2]سجل المستخلصات'!$AD$15) | Y34: =IF('[2]سجل المستخلصات'!$AE$15="","",'[2]سجل المستخلصات'!$AE$15)
B35: 11 | C35: =IF('[2]سجل المستخلصات'!$C$16="","",'[2]سجل المستخلصات'!$C$16) | D35: =IF('[2]سجل المستخلصات'!$E$16="","",'[2]سجل المستخلصات'!$E$16) | E35: =IF('[2]سجل المستخلصات'!$F$16="","",'[2]سجل المستخلصات'!$F$16) | F35: =IF('[2]سجل المستخلصات'!$H$16="","",'[2]سجل المستخلصات'!$H$16) | G35: =IF('[2]سجل المستخلصات'!$G$16="","",'[2]سجل المستخلصات'!$G$16) | H35: =IF('[2]سجل المستخلصات'!$I$16="","",'[2]سجل المستخلصات'!$I$16) | I35: =IF('[2]سجل المستخلصات'!$J$16="","",'[2]سجل المستخلصات'!$J$16) | J35: =IF('[2]سجل المستخلصات'!$K$16="","",'[2]سجل المستخلصات'!$K$16) | K35: =IF('[2]سجل المستخلصات'!$L$16="","",'[2]سجل المستخلصات'!$L$16) | L35: =IF('[2]سجل المستخلصات'!$M$16="","",'[2]سجل المستخلصات'!$M$16) | M35: =IF('[2]سجل المستخلصات'!$N$16="","",'[2]سجل المستخلصات'!$N$16) | N35: =IF('[2]سجل المستخلصات'!$O$16="","",'[2]سجل المستخلصات'!$O$16) | O35: =IF('[2]سجل المستخلصات'!$R$16="","",'[2]سجل المستخلصات'!$R$16) | P35: =IF('[2]سجل المستخلصات'!$S$16="","",'[2]سجل المستخلصات'!$S$16) | Q35: =IF('[2]سجل المستخلصات'!$T$16="","",'[2]سجل المستخلصات'!$T$16) | R35: =IF('[2]سجل المستخلصات'!$V$16="","",'[2]سجل المستخلصات'!$V$16) | S35: =IF('[2]سجل المستخلصات'!$W$16="","",'[2]سجل المستخلصات'!$W$16) | T35: =IF('[2]سجل المستخلصات'!$X$16="","",'[2]سجل المستخلصات'!$X$16) | U35: =IF('[2]سجل المستخلصات'!$Z$16="","",'[2]سجل المستخلصات'!$Z$16) | V35: =IF('[2]سجل المستخلصات'!$AA$16="","",'[2]سجل المستخلصات'!$AA$16) | W35: =IF('[2]سجل المستخلصات'!$AC$16="","",'[2]سجل المستخلصات'!$AC$16) | X35: =IF('[2]سجل المستخلصات'!$AD$16="","",'[2]سجل المستخلصات'!$AD$16) | Y35: =IF('[2]سجل المستخلصات'!$AE$16="","",'[2]سجل المستخلصات'!$AE$16)
B36: 12 | C36: =IF('[2]سجل المستخلصات'!$C$17="","",'[2]سجل المستخلصات'!$C$17) | D36: =IF('[2]سجل المستخلصات'!$E$17="","",'[2]سجل المستخلصات'!$E$17) | E36: =IF('[2]سجل المستخلصات'!$F$17="","",'[2]سجل المستخلصات'!$F$17) | F36: =IF('[2]سجل المستخلصات'!$H$17="","",'[2]سجل المستخلصات'!$H$17) | G36: =IF('[2]سجل المستخلصات'!$G$17="","",'[2]سجل المستخلصات'!$G$17) | H36: =IF('[2]سجل المستخلصات'!$I$17="","",'[2]سجل المستخلصات'!$I$17) | I36: =IF('[2]سجل المستخلصات'!$J$17="","",'[2]سجل المستخلصات'!$J$17) | J36: =IF('[2]سجل المستخلصات'!$K$17="","",'[2]سجل المستخلصات'!$K$17) | K36: =IF('[2]سجل المستخلصات'!$L$17="","",'[2]سجل المستخلصات'!$L$17) | L36: =IF('[2]سجل المستخلصات'!$M$17="","",'[2]سجل المستخلصات'!$M$17) | M36: =IF('[2]سجل المستخلصات'!$N$17="","",'[2]سجل المستخلصات'!$N$17) | N36: =IF('[2]سجل المستخلصات'!$O$17="","",'[2]سجل المستخلصات'!$O$17) | O36: =IF('[2]سجل المستخلصات'!$R$17="","",'[2]سجل المستخلصات'!$R$17) | P36: =IF('[2]سجل المستخلصات'!$S$17="","",'[2]سجل المستخلصات'!$S$17) | Q36: =IF('[2]سجل المستخلصات'!$T$17="","",'[2]سجل المستخلصات'!$T$17) | R36: =IF('[2]سجل المستخلصات'!$V$17="","",'[2]سجل المستخلصات'!$V$17) | S36: =IF('[2]سجل المستخلصات'!$W$17="","",'[2]سجل المستخلصات'!$W$17) | T36: =IF('[2]سجل المستخلصات'!$X$17="","",'[2]سجل المستخلصات'!$X$17) | U36: =IF('[2]سجل المستخلصات'!$Z$17="","",'[2]سجل المستخلصات'!$Z$17) | V36: =IF('[2]سجل المستخلصات'!$AA$17="","",'[2]سجل المستخلصات'!$AA$17) | W36: =IF('[2]سجل المستخلصات'!$AC$17="","",'[2]سجل المستخلصات'!$AC$17) | X36: =IF('[2]سجل المستخلصات'!$AD$17="","",'[2]سجل المستخلصات'!$AD$17) | Y36: =IF('[2]سجل المستخلصات'!$AE$17="","",'[2]سجل المستخلصات'!$AE$17)
B37: 13 | C37: =IF('[2]سجل المستخلصات'!$C$18="","",'[2]سجل المستخلصات'!$C$18) | D37: =IF('[2]سجل المستخلصات'!$E$18="","",'[2]سجل المستخلصات'!$E$18) | E37: =IF('[2]سجل المستخلصات'!$F$18="","",'[2]سجل المستخلصات'!$F$18) | F37: =IF('[2]سجل المستخلصات'!$H$18="","",'[2]سجل المستخلصات'!$H$18) | G37: =IF('[2]سجل المستخلصات'!$G$18="","",'[2]سجل المستخلصات'!$G$18) | H37: =IF('[2]سجل المستخلصات'!$I$18="","",'[2]سجل المستخلصات'!$I$18) | I37: =IF('[2]سجل المستخلصات'!$J$18="","",'[2]سجل المستخلصات'!$J$18) | J37: =IF('[2]سجل المستخلصات'!$K$18="","",'[2]سجل المستخلصات'!$K$18) | K37: =IF('[2]سجل المستخلصات'!$L$18="","",'[2]سجل المستخلصات'!$L$18) | L37: =IF('[2]سجل المستخلصات'!$M$18="","",'[2]سجل المستخلصات'!$M$18) | M37: =IF('[2]سجل المستخلصات'!$N$18="","",'[2]سجل المستخلصات'!$N$18) | N37: =IF('[2]سجل المستخلصات'!$O$18="","",'[2]سجل المستخلصات'!$O$18) | O37: =IF('[2]سجل المستخلصات'!$R$18="","",'[2]سجل المستخلصات'!$R$18) | P37: =IF('[2]سجل المستخلصات'!$S$18="","",'[2]سجل المستخلصات'!$S$18) | Q37: =IF('[2]سجل المستخلصات'!$T$18="","",'[2]سجل المستخلصات'!$T$18) | R37: =IF('[2]سجل المستخلصات'!$V$18="","",'[2]سجل المستخلصات'!$V$18) | S37: =IF('[2]سجل المستخلصات'!$W$18="","",'[2]سجل المستخلصات'!$W$18) | T37: =IF('[2]سجل المستخلصات'!$X$18="","",'[2]سجل المستخلصات'!$X$18) | U37: =IF('[2]سجل المستخلصات'!$Z$18="","",'[2]سجل المستخلصات'!$Z$18) | V37: =IF('[2]سجل المستخلصات'!$AA$18="","",'[2]سجل المستخلصات'!$AA$18) | W37: =IF('[2]سجل المستخلصات'!$AC$18="","",'[2]سجل المستخلصات'!$AC$18) | X37: =IF('[2]سجل المستخلصات'!$AD$18="","",'[2]سجل المستخلصات'!$AD$18) | Y37: =IF('[2]سجل المستخلصات'!$AE$18="","",'[2]سجل المستخلصات'!$AE$18)
B38: 14 | C38: =IF('[2]سجل المستخلصات'!$C$19="","",'[2]سجل المستخلصات'!$C$19) | D38: =IF('[2]سجل المستخلصات'!$E$19="","",'[2]سجل المستخلصات'!$E$19) | E38: =IF('[2]سجل المستخلصات'!$F$19="","",'[2]سجل المستخلصات'!$F$19) | F38: =IF('[2]سجل المستخلصات'!$H$19="","",'[2]سجل المستخلصات'!$H$19) | G38: =IF('[2]سجل المستخلصات'!$G$19="","",'[2]سجل المستخلصات'!$G$19) | H38: =IF('[2]سجل المستخلصات'!$I$19="","",'[2]سجل المستخلصات'!$I$19) | I38: =IF('[2]سجل المستخلصات'!$J$19="","",'[2]سجل المستخلصات'!$J$19) | J38: =IF('[2]سجل المستخلصات'!$K$19="","",'[2]سجل المستخلصات'!$K$19) | K38: =IF('[2]سجل المستخلصات'!$L$19="","",'[2]سجل المستخلصات'!$L$19) | L38: =IF('[2]سجل المستخلصات'!$M$19="","",'[2]سجل المستخلصات'!$M$19) | M38: =IF('[2]سجل المستخلصات'!$N$19="","",'[2]سجل المستخلصات'!$N$19) | N38: =IF('[2]سجل المستخلصات'!$O$19="","",'[2]سجل المستخلصات'!$O$19) | O38: =IF('[2]سجل المستخلصات'!$R$19="","",'[2]سجل المستخلصات'!$R$19) | P38: =IF('[2]سجل المستخلصات'!$S$19="","",'[2]سجل المستخلصات'!$S$19) | Q38: =IF('[2]سجل المستخلصات'!$T$19="","",'[2]سجل المستخلصات'!$T$19) | R38: =IF('[2]سجل المستخلصات'!$V$19="","",'[2]سجل المستخلصات'!$V$19) | S38: =IF('[2]سجل المستخلصات'!$W$19="","",'[2]سجل المستخلصات'!$W$19) | T38: =IF('[2]سجل المستخلصات'!$X$19="","",'[2]سجل المستخلصات'!$X$19) | U38: =IF('[2]سجل المستخلصات'!$Z$19="","",'[2]سجل المستخلصات'!$Z$19) | V38: =IF('[2]سجل المستخلصات'!$AA$19="","",'[2]سجل المستخلصات'!$AA$19) | W38: =IF('[2]سجل المستخلصات'!$AC$19="","",'[2]سجل المستخلصات'!$AC$19) | X38: =IF('[2]سجل المستخلصات'!$AD$19="","",'[2]سجل المستخلصات'!$AD$19) | Y38: =IF('[2]سجل المستخلصات'!$AE$19="","",'[2]سجل المستخلصات'!$AE$19)
B39: 15 | C39: =IF('[2]سجل المستخلصات'!$C$20="","",'[2]سجل المستخلصات'!$C$20) | D39: =IF('[2]سجل المستخلصات'!$E$20="","",'[2]سجل المستخلصات'!$E$20) | E39: =IF('[2]سجل المستخلصات'!$F$20="","",'[2]سجل المستخلصات'!$F$20) | F39: =IF('[2]سجل المستخلصات'!$H$20="","",'[2]سجل المستخلصات'!$H$20) | G39: =IF('[2]سجل المستخلصات'!$G$20="","",'[2]سجل المستخلصات'!$G$20) | H39: =IF('[2]سجل المستخلصات'!$I$20="","",'[2]سجل المستخلصات'!$I$20) | I39: =IF('[2]سجل المستخلصات'!$J$20="","",'[2]سجل المستخلصات'!$J$20) | J39: =IF('[2]سجل المستخلصات'!$K$20="","",'[2]سجل المستخلصات'!$K$20) | K39: =IF('[2]سجل المستخلصات'!$L$20="","",'[2]سجل المستخلصات'!$L$20) | L39: =IF('[2]سجل المستخلصات'!$M$20="","",'[2]سجل المستخلصات'!$M$20) | M39: =IF('[2]سجل المستخلصات'!$N$20="","",'[2]سجل المستخلصات'!$N$20) | N39: =IF('[2]سجل المستخلصات'!$O$20="","",'[2]سجل المستخلصات'!$O$20) | O39: =IF('[2]سجل المستخلصات'!$R$20="","",'[2]سجل المستخلصات'!$R$20) | P39: =IF('[2]سجل المستخلصات'!$S$20="","",'[2]سجل المستخلصات'!$S$20) | Q39: =IF('[2]سجل المستخلصات'!$T$20="","",'[2]سجل المستخلصات'!$T$20) | R39: =IF('[2]سجل المستخلصات'!$V$20="","",'[2]سجل المستخلصات'!$V$20) | S39: =IF('[2]سجل المستخلصات'!$W$20="","",'[2]سجل المستخلصات'!$W$20) | T39: =IF('[2]سجل المستخلصات'!$X$20="","",'[2]سجل المستخلصات'!$X$20) | U39: =IF('[2]سجل المستخلصات'!$Z$20="","",'[2]سجل المستخلصات'!$Z$20) | V39: =IF('[2]سجل المستخلصات'!$AA$20="","",'[2]سجل المستخلصات'!$AA$20) | W39: =IF('[2]سجل المستخلصات'!$AC$20="","",'[2]سجل المستخلصات'!$AC$20) | X39: =IF('[2]سجل المستخلصات'!$AD$20="","",'[2]سجل المستخلصات'!$AD$20) | Y39: =IF('[2]سجل المستخلصات'!$AE$20="","",'[2]سجل المستخلصات'!$AE$20)
B40: 16 | C40: =IF('[2]سجل المستخلصات'!$C$21="","",'[2]سجل المستخلصات'!$C$21) | D40: =IF('[2]سجل المستخلصات'!$E$21="","",'[2]سجل المستخلصات'!$E$21) | E40: =IF('[2]سجل المستخلصات'!$F$21="","",'[2]سجل المستخلصات'!$F$21) | F40: =IF('[2]سجل المستخلصات'!$H$21="","",'[2]سجل المستخلصات'!$H$21) | G40: =IF('[2]سجل المستخلصات'!$G$21="","",'[2]سجل المستخلصات'!$G$21) | H40: =IF('[2]سجل المستخلصات'!$I$21="","",'[2]سجل المستخلصات'!$I$21) | I40: =IF('[2]سجل المستخلصات'!$J$21="","",'[2]سجل المستخلصات'!$J$21) | J40: =IF('[2]سجل المستخلصات'!$K$21="","",'[2]سجل المستخلصات'!$K$21) | K40: =IF('[2]سجل المستخلصات'!$L$21="","",'[2]سجل المستخلصات'!$L$21) | L40: =IF('[2]سجل المستخلصات'!$M$21="","",'[2]سجل المستخلصات'!$M$21) | M40: =IF('[2]سجل المستخلصات'!$N$21="","",'[2]سجل المستخلصات'!$N$21) | N40: =IF('[2]سجل المستخلصات'!$O$21="","",'[2]سجل المستخلصات'!$O$21) | O40: =IF('[2]سجل المستخلصات'!$R$21="","",'[2]سجل المستخلصات'!$R$21) | P40: =IF('[2]سجل المستخلصات'!$S$21="","",'[2]سجل المستخلصات'!$S$21) | Q40: =IF('[2]سجل المستخلصات'!$T$21="","",'[2]سجل المستخلصات'!$T$21) | R40: =IF('[2]سجل المستخلصات'!$V$21="","",'[2]سجل المستخلصات'!$V$21) | S40: =IF('[2]سجل المستخلصات'!$W$21="","",'[2]سجل المستخلصات'!$W$21) | T40: =IF('[2]سجل المستخلصات'!$X$21="","",'[2]سجل المستخلصات'!$X$21) | U40: =IF('[2]سجل المستخلصات'!$Z$21="","",'[2]سجل المستخلصات'!$Z$21) | V40: =IF('[2]سجل المستخلصات'!$AA$21="","",'[2]سجل المستخلصات'!$AA$21) | W40: =IF('[2]سجل المستخلصات'!$AC$21="","",'[2]سجل المستخلصات'!$AC$21) | X40: =IF('[2]سجل المستخلصات'!$AD$21="","",'[2]سجل المستخلصات'!$AD$21) | Y40: =IF('[2]سجل المستخلصات'!$AE$21="","",'[2]سجل المستخلصات'!$AE$21)
B41: 17 | C41: =IF('[2]سجل المستخلصات'!$C$22="","",'[2]سجل المستخلصات'!$C$22) | D41: =IF('[2]سجل المستخلصات'!$E$22="","",'[2]سجل المستخلصات'!$E$22) | E41: =IF('[2]سجل المستخلصات'!$F$22="","",'[2]سجل المستخلصات'!$F$22) | F41: =IF('[2]سجل المستخلصات'!$H$22="","",'[2]سجل المستخلصات'!$H$22) | G41: =IF('[2]سجل المستخلصات'!$G$22="","",'[2]سجل المستخلصات'!$G$22) | H41: =IF('[2]سجل المستخلصات'!$I$22="","",'[2]سجل المستخلصات'!$I$22) | I41: =IF('[2]سجل المستخلصات'!$J$22="","",'[2]سجل المستخلصات'!$J$22) | J41: =IF('[2]سجل المستخلصات'!$K$22="","",'[2]سجل المستخلصات'!$K$22) | K41: =IF('[2]سجل المستخلصات'!$L$22="","",'[2]سجل المستخلصات'!$L$22) | L41: =IF('[2]سجل المستخلصات'!$M$22="","",'[2]سجل المستخلصات'!$M$22) | M41: =IF('[2]سجل المستخلصات'!$N$22="","",'[2]سجل المستخلصات'!$N$22) | N41: =IF('[2]سجل المستخلصات'!$O$22="","",'[2]سجل المستخلصات'!$O$22) | O41: =IF('[2]سجل المستخلصات'!$R$22="","",'[2]سجل المستخلصات'!$R$22) | P41: =IF('[2]سجل المستخلصات'!$S$22="","",'[2]سجل المستخلصات'!$S$22) | Q41: =IF('[2]سجل المستخلصات'!$T$22="","",'[2]سجل المستخلصات'!$T$22) | R41: =IF('[2]سجل المستخلصات'!$V$22="","",'[2]سجل المستخلصات'!$V$22) | S41: =IF('[2]سجل المستخلصات'!$W$22="","",'[2]سجل المستخلصات'!$W$22) | T41: =IF('[2]سجل المستخلصات'!$X$22="","",'[2]سجل المستخلصات'!$X$22) | U41: =IF('[2]سجل المستخلصات'!$Z$22="","",'[2]سجل المستخلصات'!$Z$22) | V41: =IF('[2]سجل المستخلصات'!$AA$22="","",'[2]سجل المستخلصات'!$AA$22) | W41: =IF('[2]سجل المستخلصات'!$AC$22="","",'[2]سجل المستخلصات'!$AC$22) | X41: =IF('[2]سجل المستخلصات'!$AD$22="","",'[2]سجل المستخلصات'!$AD$22) | Y41: =IF('[2]سجل المستخلصات'!$AE$22="","",'[2]سجل المستخلصات'!$AE$22)
B42: 18 | C42: =IF('[2]سجل المستخلصات'!$C$23="","",'[2]سجل المستخلصات'!$C$23) | D42: =IF('[2]سجل المستخلصات'!$E$23="","",'[2]سجل المستخلصات'!$E$23) | E42: =IF('[2]سجل المستخلصات'!$F$23="","",'[2]سجل المستخلصات'!$F$23) | F42: =IF('[2]سجل المستخلصات'!$H$23="","",'[2]سجل المستخلصات'!$H$23) | G42: =IF('[2]سجل المستخلصات'!$G$23="","",'[2]سجل المستخلصات'!$G$23) | H42: =IF('[2]سجل المستخلصات'!$I$23="","",'[2]سجل المستخلصات'!$I$23) | I42: =IF('[2]سجل المستخلصات'!$J$23="","",'[2]سجل المستخلصات'!$J$23) | J42: =IF('[2]سجل المستخلصات'!$K$23="","",'[2]سجل المستخلصات'!$K$23) | K42: =IF('[2]سجل المستخلصات'!$L$23="","",'[2]سجل المستخلصات'!$L$23) | L42: =IF('[2]سجل المستخلصات'!$M$23="","",'[2]سجل المستخلصات'!$M$23) | M42: =IF('[2]سجل المستخلصات'!$N$23="","",'[2]سجل المستخلصات'!$N$23) | N42: =IF('[2]سجل المستخلصات'!$O$23="","",'[2]سجل المستخلصات'!$O$23) | O42: =IF('[2]سجل المستخلصات'!$R$23="","",'[2]سجل المستخلصات'!$R$23) | P42: =IF('[2]سجل المستخلصات'!$S$23="","",'[2]سجل المستخلصات'!$S$23) | Q42: =IF('[2]سجل المستخلصات'!$T$23="","",'[2]سجل المستخلصات'!$T$23) | R42: =IF('[2]سجل المستخلصات'!$V$23="","",'[2]سجل المستخلصات'!$V$23) | S42: =IF('[2]سجل المستخلصات'!$W$23="","",'[2]سجل المستخلصات'!$W$23) | T42: =IF('[2]سجل المستخلصات'!$X$23="","",'[2]سجل المستخلصات'!$X$23) | U42: =IF('[2]سجل المستخلصات'!$Z$23="","",'[2]سجل المستخلصات'!$Z$23) | V42: =IF('[2]سجل المستخلصات'!$AA$23="","",'[2]سجل المستخلصات'!$AA$23) | W42: =IF('[2]سجل المستخلصات'!$AC$23="","",'[2]سجل المستخلصات'!$AC$23) | X42: =IF('[2]سجل المستخلصات'!$AD$23="","",'[2]سجل المستخلصات'!$AD$23) | Y42: =IF('[2]سجل المستخلصات'!$AE$23="","",'[2]سجل المستخلصات'!$AE$23)
B43: 19 | C43: =IF('[2]سجل المستخلصات'!$C$24="","",'[2]سجل المستخلصات'!$C$24) | D43: =IF('[2]سجل المستخلصات'!$E$24="","",'[2]سجل المستخلصات'!$E$24) | E43: =IF('[2]سجل المستخلصات'!$F$24="","",'[2]سجل المستخلصات'!$F$24) | F43: =IF('[2]سجل المستخلصات'!$H$24="","",'[2]سجل المستخلصات'!$H$24) | G43: =IF('[2]سجل المستخلصات'!$G$24="","",'[2]سجل المستخلصات'!$G$24) | H43: =IF('[2]سجل المستخلصات'!$I$24="","",'[2]سجل المستخلصات'!$I$24) | I43: =IF('[2]سجل المستخلصات'!$J$24="","",'[2]سجل المستخلصات'!$J$24) | J43: =IF('[2]سجل المستخلصات'!$K$24="","",'[2]سجل المستخلصات'!$K$24) | K43: =IF('[2]سجل المستخلصات'!$L$24="","",'[2]سجل المستخلصات'!$L$24) | L43: =IF('[2]سجل المستخلصات'!$M$24="","",'[2]سجل المستخلصات'!$M$24) | M43: =IF('[2]سجل المستخلصات'!$N$24="","",'[2]سجل المستخلصات'!$N$24) | N43: =IF('[2]سجل المستخلصات'!$O$24="","",'[2]سجل المستخلصات'!$O$24) | O43: =IF('[2]سجل المستخلصات'!$R$24="","",'[2]سجل المستخلصات'!$R$24) | P43: =IF('[2]سجل المستخلصات'!$S$24="","",'[2]سجل المستخلصات'!$S$24) | Q43: =IF('[2]سجل المستخلصات'!$T$24="","",'[2]سجل المستخلصات'!$T$24) | R43: =IF('[2]سجل المستخلصات'!$V$24="","",'[2]سجل المستخلصات'!$V$24) | S43: =IF('[2]سجل المستخلصات'!$W$24="","",'[2]سجل المستخلصات'!$W$24) | T43: =IF('[2]سجل المستخلصات'!$X$24="","",'[2]سجل المستخلصات'!$X$24) | U43: =IF('[2]سجل المستخلصات'!$Z$24="","",'[2]سجل المستخلصات'!$Z$24) | V43: =IF('[2]سجل المستخلصات'!$AA$24="","",'[2]سجل المستخلصات'!$AA$24) | W43: =IF('[2]سجل المستخلصات'!$AC$24="","",'[2]سجل المستخلصات'!$AC$24) | X43: =IF('[2]سجل المستخلصات'!$AD$24="","",'[2]سجل المستخلصات'!$AD$24) | Y43: =IF('[2]سجل المستخلصات'!$AE$24="","",'[2]سجل المستخلصات'!$AE$24)
B44: 20 | C44: =IF('[2]سجل المستخلصات'!$C$25="","",'[2]سجل المستخلصات'!$C$25) | D44: =IF('[2]سجل المستخلصات'!$E$25="","",'[2]سجل المستخلصات'!$E$25) | E44: =IF('[2]سجل المستخلصات'!$F$25="","",'[2]سجل المستخلصات'!$F$25) | F44: =IF('[2]سجل المستخلصات'!$H$25="","",'[2]سجل المستخلصات'!$H$25) | G44: =IF('[2]سجل المستخلصات'!$G$25="","",'[2]سجل المستخلصات'!$G$25) | H44: =IF('[2]سجل المستخلصات'!$I$25="","",'[2]سجل المستخلصات'!$I$25) | I44: =IF('[2]سجل المستخلصات'!$J$25="","",'[2]سجل المستخلصات'!$J$25) | J44: =IF('[2]سجل المستخلصات'!$K$25="","",'[2]سجل المستخلصات'!$K$25) | K44: =IF('[2]سجل المستخلصات'!$L$25="","",'[2]سجل المستخلصات'!$L$25) | L44: =IF('[2]سجل المستخلصات'!$M$25="","",'[2]سجل المستخلصات'!$M$25) | M44: =IF('[2]سجل المستخلصات'!$N$25="","",'[2]سجل المستخلصات'!$N$25) | N44: =IF('[2]سجل المستخلصات'!$O$25="","",'[2]سجل المستخلصات'!$O$25) | O44: =IF('[2]سجل المستخلصات'!$R$25="","",'[2]سجل المستخلصات'!$R$25) | P44: =IF('[2]سجل المستخلصات'!$S$25="","",'[2]سجل المستخلصات'!$S$25) | Q44: =IF('[2]سجل المستخلصات'!$T$25="","",'[2]سجل المستخلصات'!$T$25) | R44: =IF('[2]سجل المستخلصات'!$V$25="","",'[2]سجل المستخلصات'!$V$25) | S44: =IF('[2]سجل المستخلصات'!$W$25="","",'[2]سجل المستخلصات'!$W$25) | T44: =IF('[2]سجل المستخلصات'!$X$25="","",'[2]سجل المستخلصات'!$X$25) | U44: =IF('[2]سجل المستخلصات'!$Z$25="","",'[2]سجل المستخلصات'!$Z$25) | V44: =IF('[2]سجل المستخلصات'!$AA$25="","",'[2]سجل المستخلصات'!$AA$25) | W44: =IF('[2]سجل المستخلصات'!$AC$25="","",'[2]سجل المستخلصات'!$AC$25) | X44: =IF('[2]سجل المستخلصات'!$AD$25="","",'[2]سجل المستخلصات'!$AD$25) | Y44: =IF('[2]سجل المستخلصات'!$AE$25="","",'[2]سجل المستخلصات'!$AE$25)
B45: الإجمالي | F45: =SUM(F25:F44) | G45: =IF($V$9=0,0,N(INDEX($G$25:$G$44,$V$9))) | H45: =IF($V$9=0,0,N(INDEX($H$25:$H$44,$V$9))) | I45: =IF($V$9=0,0,N(INDEX($I$25:$I$44,$V$9))) | J45: =IF($V$9=0,0,N(INDEX($J$25:$J$44,$V$9))) | K45: =IF($V$9=0,0,N(INDEX($K$25:$K$44,$V$9))) | N45: =IF($V$9=0,0,N(INDEX($N$25:$N$44,$V$9))) | O45: =IF($V$9=0,0,N(INDEX($O$25:$O$44,$V$9))) | P45: =IF($V$9=0,0,N(INDEX($P$25:$P$44,$V$9))) | Q45: =IF($V$9=0,0,N(INDEX($Q$25:$Q$44,$V$9))) | R45: =IF($V$9=0,0,N(INDEX($R$25:$R$44,$V$9))) | S45: =IF($V$9=0,0,N(INDEX($S$25:$S$44,$V$9))) | T45: =IF($V$9=0,0,N(INDEX($T$25:$T$44,$V$9))) | U45: =SUM(U25:U44) | V45: =SUM(V25:V44) | W45: =SUM(W25:W44) | X45: =IFERROR(AVERAGE(X25:X44),0)
B48: الإنجاز حسب أقسام الأعمال
B49: القسم | E49: القيمة التعاقدية | F49: القيمة المنفذة | G49: نسبة الإنجاز
B50: =IF('[2]سجل المستخلصات'!$B$32="","",'[2]سجل المستخلصات'!$B$32) | E50: =N('[2]سجل المستخلصات'!$E$32) | F50: =N('[2]سجل المستخلصات'!$F$32) | G50: =IF(E50>0,F50/E50,0)
B51: =IF('[2]سجل المستخلصات'!$B$33="","",'[2]سجل المستخلصات'!$B$33) | E51: =N('[2]سجل المستخلصات'!$E$33) | F51: =N('[2]سجل المستخلصات'!$F$33) | G51: =IF(E51>0,F51/E51,0)
B52: =IF('[2]سجل المستخلصات'!$B$34="","",'[2]سجل المستخلصات'!$B$34) | E52: =N('[2]سجل المستخلصات'!$E$34) | F52: =N('[2]سجل المستخلصات'!$F$34) | G52: =IF(E52>0,F52/E52,0)
B53: =IF('[2]سجل المستخلصات'!$B$35="","",'[2]سجل المستخلصات'!$B$35) | E53: =N('[2]سجل المستخلصات'!$E$35) | F53: =N('[2]سجل المستخلصات'!$F$35) | G53: =IF(E53>0,F53/E53,0)
B54: =IF('[2]سجل المستخلصات'!$B$36="","",'[2]سجل المستخلصات'!$B$36) | E54: =N('[2]سجل المستخلصات'!$E$36) | F54: =N('[2]سجل المستخلصات'!$F$36) | G54: =IF(E54>0,F54/E54,0)
B55: =IF('[2]سجل المستخلصات'!$B$37="","",'[2]سجل المستخلصات'!$B$37) | E55: =N('[2]سجل المستخلصات'!$E$37) | F55: =N('[2]سجل المستخلصات'!$F$37) | G55: =IF(E55>0,F55/E55,0)
B56: =IF('[2]سجل المستخلصات'!$B$38="","",'[2]سجل المستخلصات'!$B$38) | E56: =N('[2]سجل المستخلصات'!$E$38) | F56: =N('[2]سجل المستخلصات'!$F$38) | G56: =IF(E56>0,F56/E56,0)
B57: =IF('[2]سجل المستخلصات'!$B$39="","",'[2]سجل المستخلصات'!$B$39) | E57: =N('[2]سجل المستخلصات'!$E$39) | F57: =N('[2]سجل المستخلصات'!$F$39) | G57: =IF(E57>0,F57/E57,0)
B58: =IF('[2]سجل المستخلصات'!$B$40="","",'[2]سجل المستخلصات'!$B$40) | E58: =N('[2]سجل المستخلصات'!$E$40) | F58: =N('[2]سجل المستخلصات'!$F$40) | G58: =IF(E58>0,F58/E58,0)
B59: =IF('[2]سجل المستخلصات'!$B$41="","",'[2]سجل المستخلصات'!$B$41) | E59: =N('[2]سجل المستخلصات'!$E$41) | F59: =N('[2]سجل المستخلصات'!$F$41) | G59: =IF(E59>0,F59/E59,0)
B60: =IF('[2]سجل المستخلصات'!$B$42="","",'[2]سجل المستخلصات'!$B$42) | E60: =N('[2]سجل المستخلصات'!$E$42) | F60: =N('[2]سجل المستخلصات'!$F$42) | G60: =IF(E60>0,F60/E60,0)
B61: =IF('[2]سجل المستخلصات'!$B$43="","",'[2]سجل المستخلصات'!$B$43) | E61: =N('[2]سجل المستخلصات'!$E$43) | F61: =N('[2]سجل المستخلصات'!$F$43) | G61: =IF(E61>0,F61/E61,0)

Sheet مشروع 03
B1: ="📊 "&IF('[3]بيانات العقد'!$C$5="","مشروع رقم 03 — غير مُفعّل",'[3]بيانات العقد'!$C$5)
B2: ="تقارير المستخلصات المجمعة لكل المشاريع | تاريخ التقرير: "&TEXT(TODAY(),"yyyy/mm/dd")
B3: 🏠 الإجمالي العام | C3: ◄ المشروع السابق | D3: المشروع التالي ► | F3: 📂 فتح ملف المستخلصات: Project_03/IPC_Project_03.xlsx | N3: يُحدَّث آلياً من ملف المستخلصات (تمكين المحتوى ← تحديث الروابط)
AA4: بيانات مرتبطة من ملف المستخلصات
B5: المشروع | C5: =IF('[3]بيانات العقد'!$C$5="","",'[3]بيانات العقد'!$C$5) | G5: رقم العقد | H5: =IF('[3]بيانات العقد'!$C$6="","",'[3]بيانات العقد'!$C$6) | L5: صاحب العمل | M5: =IF('[3]بيانات العقد'!$C$7="","",'[3]بيانات العقد'!$C$7) | R5: الاستشاري | S5: =IF('[3]بيانات العقد'!$C$8="","",'[3]بيانات العقد'!$C$8) | AA5: قيمة العقد الأصلية | AB5: =N('[3]بيانات العقد'!$C$16)
B6: المقاول | C6: =IF('[3]بيانات العقد'!$C$9="","",'[3]بيانات العقد'!$C$9) | G6: تاريخ البدء | H6: =IF('[3]بيانات العقد'!$C$11="","",'[3]بيانات العقد'!$C$11) | L6: الانتهاء التعاقدي | M6: =IF('[3]بيانات العقد'!$C$13="","",'[3]بيانات العقد'!$C$13) | R6: العملة | S6: =IF('[3]بيانات العقد'!$C$14="","",'[3]بيانات العقد'!$C$14) | AA6: صافي التغييرية المعتمدة | AB6: =N('[3]بيانات العقد'!$C$17)
AA7: قيمة العقد المعدلة | AB7: =N('[3]بيانات العقد'!$C$18)
B8: قيمة العقد الأصلية | F8: صافي الأوامر التغييرية | J8: قيمة العقد المعدلة | N8: إجمالي قيمة الأعمال التراكمية | R8: الأعمال المتبقية | V8: آخر مستخلص فعال | AA8: نسبة الدفعة المقدمة | AB8: =N('[3]بيانات العقد'!$C$20)
B9: =$AB$5 | F9: =$AB$6 | J9: =$AB$7 | N9: =IF($V$9=0,0,N(INDEX($J$25:$J$44,$V$9))) | R9: =MAX(0,$AB$7-IF($V$9=0,0,N(INDEX($G$25:$G$44,$V$9)))-IF($V$9=0,0,N(INDEX($H$25:$H$44,$V$9)))) | V9: =SUMPRODUCT(MAX((C25:C44<>"")*B25:B44)) | AA9: قيمة الدفعة المقدمة | AB9: =N('[3]بيانات العقد'!$C$21)
AA10: نسبة ضمان الأعمال | AB10: =N('[3]بيانات العقد'!$C$27)
B11: نسبة الإنجاز الفعلية | F11: نسبة الإنجاز المخططة | J11: الانحراف (فعلي - مخطط) | N11: نسبة المدة المنقضية | R11: مؤشر أداء الجدول (SPI) | V11: حالة المشروع | AA11: الحد الأقصى للضمان | AB11: =N('[3]بيانات العقد'!$C$29)
B12: =IF($V$9=0,0,N(INDEX($K$25:$K$44,$V$9))) | F12: =IF($V$9=0,0,N(INDEX($L$25:$L$44,$V$9))) | J12: =B12-F12 | N12: =IF(OR($V$9=0,$AB$14="",$AB$15=""),0,MIN(1,MAX(0,(INDEX(C25:C44,$V$9)-$AB$14+1)/($AB$15-$AB$14+1)))) | R12: =IF(F12>0,B12/F12,0) | V12: =IF($AB$7=0,"غير مُفعّل",IF($V$9=0,"لم يبدأ الصرف",IF(J12<-0.05,"⚠ متأخر",IF(J12<0,"متأخر قليلاً","✔ مطابق / متقدم")))) | AA12: ضريبة القيمة المضافة | AB12: =N('[3]بيانات العقد'!$C$31)
AA13: ضريبة الاستقطاع (غير المقيم) | AB13: =N('[3]بيانات العقد'!$C$33)
B14: صافي المستحق التراكمي | F14: إجمالي المحصل | J14: مستحقات غير محصلة | N14: نسبة التحصيل | R14: متوسط مدة التحصيل (يوم) | V14: تاريخ آخر مستخلص | AA14: تاريخ البدء | AB14: =IF('[3]بيانات العقد'!$C$11="","",'[3]بيانات العقد'!$C$11)
B15: =IF($V$9=0,0,N(INDEX($T$25:$T$44,$V$9))) | F15: =V45 | J15: =W45 | N15: =IF(B15>0,F15/B15,0) | R15: =X45 | V15: =IF($V$9=0,"",INDEX(C25:C44,$V$9)) | AA15: تاريخ الانتهاء التعاقدي | AB15: =IF('[3]بيانات العقد'!$C$13="","",'[3]بيانات العقد'!$C$13)
AA16: المدة (شهر) | AB16: =IF('[3]بيانات العقد'!$C$12="","",'[3]بيانات العقد'!$C$12)
B17: ضمان الأعمال المحتجز | F17: رصيد الدفعة المقدمة غير المسترد | J17: الاستقطاعات الفنية المحتجزة | N17: الغرامات والخصومات | R17: مستحق آخر مستخلص | V17: عدد المستخلصات المعتمدة | AA17: نوع العقد | AB17: =IF('[3]بيانات العقد'!$C$36="","",'[3]بيانات العقد'!$C$36)
B18: =IF($V$9=0,0,N(INDEX($O$25:$O$44,$V$9))) | F18: =MAX(0,$AB$9-IF($V$9=0,0,N(INDEX($N$25:$N$44,$V$9)))) | J18: =IF($V$9=0,0,N(INDEX($P$25:$P$44,$V$9))) | N18: =IF($V$9=0,0,N(INDEX($Q$25:$Q$44,$V$9))) | R18: =IF($V$9=0,0,N(INDEX($U$25:$U$44,$V$9))) | V18: =COUNTIF(E25:E44,"معتمد") | AA18: الرقم الضريبي للمقاول | AB18: =IF('[3]بيانات العقد'!$C$37="","",'[3]بيانات العقد'!$C$37)
AA19: الرقم الضريبي لصاحب العمل | AB19: =IF('[3]بيانات العقد'!$C$39="","",'[3]بيانات العقد'!$C$39)
B20: الموازنة التقديرية (BAC) | F20: التكلفة الفعلية التراكمية | J20: الربح الفعلي التراكمي | N20: هامش الربح الفعلي | R20: مؤشر أداء التكلفة (CPI) | V20: الربح المتوقع عند الإنجاز | AA20: انتهاء الضمان النهائي | AB20: =IF('[3]بيانات العقد'!$C$42="","",'[3]بيانات العقد'!$C$42)
B21: =N('[3]الموازنة والتكاليف'!$D$66) | F21: =N('[3]الموازنة والتكاليف'!$D$70) | J21: =N('[3]الموازنة والتكاليف'!$D$72) | N21: =N('[3]الموازنة والتكاليف'!$D$73) | R21: =N('[3]الموازنة والتكاليف'!$D$74) | V21: =N('[3]الموازنة والتكاليف'!$D$76) | AA21: انتهاء ضمان الدفعة المقدمة | AB21: =IF('[3]بيانات العقد'!$C$43="","",'[3]بيانات العقد'!$C$43)
AA22: حالة غرامات التأخير | AB22: =IF('[3]بيانات العقد'!$C$47="","",'[3]بيانات العقد'!$C$47)
B23: سجل المستخلصات (مرتبط)
B24: رقم المستخلص | C24: الفترة إلى | D24: تاريخ الاعتماد | E24: حالة المستخلص | F24: أعمال الفترة | G24: الأعمال المنفذة التراكمية | H24: التغييرية التراكمية | I24: رصيد المواد بالموقع | J24: إجمالي القيمة التراكمية | K24: نسبة الإنجاز الفعلية | L24: نسبة الإنجاز المخططة | M24: الانحراف | N24: استرداد الدفعة المقدمة | O24: صافي الضمان المحتجز | P24: الاستقطاعات الفنية | Q24: الغرامات والخصومات | R24: ضريبة القيمة المضافة | S24: ضريبة الاستقطاع | T24: صافي المستحق التراكمي | U24: المستحق للمستخلص الحالي | V24: المحصل | W24: المتبقي | X24: مدة التحصيل (يوم) | Y24: حالة التحصيل | AA24: التنبيهات النظامية
B25: 1 | C25: =IF('[3]سجل المستخلصات'!$C$6="","",'[3]سجل المستخلصات'!$C$6) | D25: =IF('[3]سجل المستخلصات'!$E$6="","",'[3]سجل المستخلصات'!$E$6) | E25: =IF('[3]سجل المستخلصات'!$F$6="","",'[3]سجل المستخلصات'!$F$6) | F25: =IF('[3]سجل المستخلصات'!$H$6="","",'[3]سجل المستخلصات'!$H$6) | G25: =IF('[3]سجل المستخلصات'!$G$6="","",'[3]سجل المستخلصات'!$G$6) | H25: =IF('[3]سجل المستخلصات'!$I$6="","",'[3]سجل المستخلصات'!$I$6) | I25: =IF('[3]سجل المستخلصات'!$J$6="","",'[3]سجل المستخلصات'!$J$6) | J25: =IF('[3]سجل المستخلصات'!$K$6="","",'[3]سجل المستخلصات'!$K$6) | K25: =IF('[3]سجل المستخلصات'!$L$6="","",'[3]سجل المستخلصات'!$L$6) | L25: =IF('[3]سجل المستخلصات'!$M$6="","",'[3]سجل المستخلصات'!$M$6) | M25: =IF('[3]سجل المستخلصات'!$N$6="","",'[3]سجل المستخلصات'!$N$6) | N25: =IF('[3]سجل المستخلصات'!$O$6="","",'[3]سجل المستخلصات'!$O$6) | O25: =IF('[3]سجل المستخلصات'!$R$6="","",'[3]سجل المستخلصات'!$R$6) | P25: =IF('[3]سجل المستخلصات'!$S$6="","",'[3]سجل المستخلصات'!$S$6) | Q25: =IF('[3]سجل المستخلصات'!$T$6="","",'[3]سجل المستخلصات'!$T$6) | R25: =IF('[3]سجل المستخلصات'!$V$6="","",'[3]سجل المستخلصات'!$V$6) | S25: =IF('[3]سجل المستخلصات'!$W$6="","",'[3]سجل المستخلصات'!$W$6) | T25: =IF('[3]سجل المستخلصات'!$X$6="","",'[3]سجل المستخلصات'!$X$6) | U25: =IF('[3]سجل المستخلصات'!$Z$6="","",'[3]سجل المستخلصات'!$Z$6) | V25: =IF('[3]سجل المستخلصات'!$AA$6="","",'[3]سجل المستخلصات'!$AA$6) | W25: =IF('[3]سجل المستخلصات'!$AC$6="","",'[3]سجل المستخلصات'!$AC$6) | X25: =IF('[3]سجل المستخلصات'!$AD$6="","",'[3]سجل المستخلصات'!$AD$6) | Y25: =IF('[3]سجل المستخلصات'!$AE$6="","",'[3]سجل المستخلصات'!$AE$6) | AA25: =IF($AB$7=0,"",IF(AND($AB$20<>"",N($AB$20)-TODAY()<=30),"⚠ الضمان النهائي ينتهي خلال 30 يوماً — ","")&IF(AND($AB$21<>"",N($AB$21)-TODAY()<=30,$F$18>0),"⚠ ضمان الدفعة المقدمة ينتهي والرصيد لم يُسترد — ","")&IF(ISNUMBER(SEARCH("⚠",$AB$22)),"⚠ الغرامات تجاوزت الحد الأقصى — ","")&IF($J$15>0,"مستحقات غير محصلة","")&"")
B26: 2 | C26: =IF('[3]سجل المستخلصات'!$C$7="","",'[3]سجل المستخلصات'!$C$7) | D26: =IF('[3]سجل المستخلصات'!$E$7="","",'[3]سجل المستخلصات'!$E$7) | E26: =IF('[3]سجل المستخلصات'!$F$7="","",'[3]سجل المستخلصات'!$F$7) | F26: =IF('[3]سجل المستخلصات'!$H$7="","",'[3]سجل المستخلصات'!$H$7) | G26: =IF('[3]سجل المستخلصات'!$G$7="","",'[3]سجل المستخلصات'!$G$7) | H26: =IF('[3]سجل المستخلصات'!$I$7="","",'[3]سجل المستخلصات'!$I$7) | I26: =IF('[3]سجل المستخلصات'!$J$7="","",'[3]سجل المستخلصات'!$J$7) | J26: =IF('[3]سجل المستخلصات'!$K$7="","",'[3]سجل المستخلصات'!$K$7) | K26: =IF('[3]سجل المستخلصات'!$L$7="","",'[3]سجل المستخلصات'!$L$7) | L26: =IF('[3]سجل المستخلصات'!$M$7="","",'[3]سجل المستخلصات'!$M$7) | M26: =IF('[3]سجل المستخلصات'!$N$7="","",'[3]سجل المستخلصات'!$N$7) | N26: =IF('[3]سجل المستخلصات'!$O$7="","",'[3]سجل المستخلصات'!$O$7) | O26: =IF('[3]سجل المستخلصات'!$R$7="","",'[3]سجل المستخلصات'!$R$7) | P26: =IF('[3]سجل المستخلصات'!$S$7="","",'[3]سجل المستخلصات'!$S$7) | Q26: =IF('[3]سجل المستخلصات'!$T$7="","",'[3]سجل المستخلصات'!$T$7) | R26: =IF('[3]سجل المستخلصات'!$V$7="","",'[3]سجل المستخلصات'!$V$7) | S26: =IF('[3]سجل المستخلصات'!$W$7="","",'[3]سجل المستخلصات'!$W$7) | T26: =IF('[3]سجل المستخلصات'!$X$7="","",'[3]سجل المستخلصات'!$X$7) | U26: =IF('[3]سجل المستخلصات'!$Z$7="","",'[3]سجل المستخلصات'!$Z$7) | V26: =IF('[3]سجل المستخلصات'!$AA$7="","",'[3]سجل المستخلصات'!$AA$7) | W26: =IF('[3]سجل المستخلصات'!$AC$7="","",'[3]سجل المستخلصات'!$AC$7) | X26: =IF('[3]سجل المستخلصات'!$AD$7="","",'[3]سجل المستخلصات'!$AD$7) | Y26: =IF('[3]سجل المستخلصات'!$AE$7="","",'[3]سجل المستخلصات'!$AE$7)
B27: 3 | C27: =IF('[3]سجل المستخلصات'!$C$8="","",'[3]سجل المستخلصات'!$C$8) | D27: =IF('[3]سجل المستخلصات'!$E$8="","",'[3]سجل المستخلصات'!$E$8) | E27: =IF('[3]سجل المستخلصات'!$F$8="","",'[3]سجل المستخلصات'!$F$8) | F27: =IF('[3]سجل المستخلصات'!$H$8="","",'[3]سجل المستخلصات'!$H$8) | G27: =IF('[3]سجل المستخلصات'!$G$8="","",'[3]سجل المستخلصات'!$G$8) | H27: =IF('[3]سجل المستخلصات'!$I$8="","",'[3]سجل المستخلصات'!$I$8) | I27: =IF('[3]سجل المستخلصات'!$J$8="","",'[3]سجل المستخلصات'!$J$8) | J27: =IF('[3]سجل المستخلصات'!$K$8="","",'[3]سجل المستخلصات'!$K$8) | K27: =IF('[3]سجل المستخلصات'!$L$8="","",'[3]سجل المستخلصات'!$L$8) | L27: =IF('[3]سجل المستخلصات'!$M$8="","",'[3]سجل المستخلصات'!$M$8) | M27: =IF('[3]سجل المستخلصات'!$N$8="","",'[3]سجل المستخلصات'!$N$8) | N27: =IF('[3]سجل المستخلصات'!$O$8="","",'[3]سجل المستخلصات'!$O$8) | O27: =IF('[3]سجل المستخلصات'!$R$8="","",'[3]سجل المستخلصات'!$R$8) | P27: =IF('[3]سجل المستخلصات'!$S$8="","",'[3]سجل المستخلصات'!$S$8) | Q27: =IF('[3]سجل المستخلصات'!$T$8="","",'[3]سجل المستخلصات'!$T$8) | R27: =IF('[3]سجل المستخلصات'!$V$8="","",'[3]سجل المستخلصات'!$V$8) | S27: =IF('[3]سجل المستخلصات'!$W$8="","",'[3]سجل المستخلصات'!$W$8) | T27: =IF('[3]سجل المستخلصات'!$X$8="","",'[3]سجل المستخلصات'!$X$8) | U27: =IF('[3]سجل المستخلصات'!$Z$8="","",'[3]سجل المستخلصات'!$Z$8) | V27: =IF('[3]سجل المستخلصات'!$AA$8="","",'[3]سجل المستخلصات'!$AA$8) | W27: =IF('[3]سجل المستخلصات'!$AC$8="","",'[3]سجل المستخلصات'!$AC$8) | X27: =IF('[3]سجل المستخلصات'!$AD$8="","",'[3]سجل المستخلصات'!$AD$8) | Y27: =IF('[3]سجل المستخلصات'!$AE$8="","",'[3]سجل المستخلصات'!$AE$8)
B28: 4 | C28: =IF('[3]سجل المستخلصات'!$C$9="","",'[3]سجل المستخلصات'!$C$9) | D28: =IF('[3]سجل المستخلصات'!$E$9="","",'[3]سجل المستخلصات'!$E$9) | E28: =IF('[3]سجل المستخلصات'!$F$9="","",'[3]سجل المستخلصات'!$F$9) | F28: =IF('[3]سجل المستخلصات'!$H$9="","",'[3]سجل المستخلصات'!$H$9) | G28: =IF('[3]سجل المستخلصات'!$G$9="","",'[3]سجل المستخلصات'!$G$9) | H28: =IF('[3]سجل المستخلصات'!$I$9="","",'[3]سجل المستخلصات'!$I$9) | I28: =IF('[3]سجل المستخلصات'!$J$9="","",'[3]سجل المستخلصات'!$J$9) | J28: =IF('[3]سجل المستخلصات'!$K$9="","",'[3]سجل المستخلصات'!$K$9) | K28: =IF('[3]سجل المستخلصات'!$L$9="","",'[3]سجل المستخلصات'!$L$9) | L28: =IF('[3]سجل المستخلصات'!$M$9="","",'[3]سجل المستخلصات'!$M$9) | M28: =IF('[3]سجل المستخلصات'!$N$9="","",'[3]سجل المستخلصات'!$N$9) | N28: =IF('[3]سجل المستخلصات'!$O$9="","",'[3]سجل المستخلصات'!$O$9) | O28: =IF('[3]سجل المستخلصات'!$R$9="","",'[3]سجل المستخلصات'!$R$9) | P28: =IF('[3]سجل المستخلصات'!$S$9="","",'[3]سجل المستخلصات'!$S$9) | Q28: =IF('[3]سجل المستخلصات'!$T$9="","",'[3]سجل المستخلصات'!$T$9) | R28: =IF('[3]سجل المستخلصات'!$V$9="","",'[3]سجل المستخلصات'!$V$9) | S28: =IF('[3]سجل المستخلصات'!$W$9="","",'[3]سجل المستخلصات'!$W$9) | T28: =IF('[3]سجل المستخلصات'!$X$9="","",'[3]سجل المستخلصات'!$X$9) | U28: =IF('[3]سجل المستخلصات'!$Z$9="","",'[3]سجل المستخلصات'!$Z$9) | V28: =IF('[3]سجل المستخلصات'!$AA$9="","",'[3]سجل المستخلصات'!$AA$9) | W28: =IF('[3]سجل المستخلصات'!$AC$9="","",'[3]سجل المستخلصات'!$AC$9) | X28: =IF('[3]سجل المستخلصات'!$AD$9="","",'[3]سجل المستخلصات'!$AD$9) | Y28: =IF('[3]سجل المستخلصات'!$AE$9="","",'[3]سجل المستخلصات'!$AE$9)
B29: 5 | C29: =IF('[3]سجل المستخلصات'!$C$10="","",'[3]سجل المستخلصات'!$C$10) | D29: =IF('[3]سجل المستخلصات'!$E$10="","",'[3]سجل المستخلصات'!$E$10) | E29: =IF('[3]سجل المستخلصات'!$F$10="","",'[3]سجل المستخلصات'!$F$10) | F29: =IF('[3]سجل المستخلصات'!$H$10="","",'[3]سجل المستخلصات'!$H$10) | G29: =IF('[3]سجل المستخلصات'!$G$10="","",'[3]سجل المستخلصات'!$G$10) | H29: =IF('[3]سجل المستخلصات'!$I$10="","",'[3]سجل المستخلصات'!$I$10) | I29: =IF('[3]سجل المستخلصات'!$J$10="","",'[3]سجل المستخلصات'!$J$10) | J29: =IF('[3]سجل المستخلصات'!$K$10="","",'[3]سجل المستخلصات'!$K$10) | K29: =IF('[3]سجل المستخلصات'!$L$10="","",'[3]سجل المستخلصات'!$L$10) | L29: =IF('[3]سجل المستخلصات'!$M$10="","",'[3]سجل المستخلصات'!$M$10) | M29: =IF('[3]سجل المستخلصات'!$N$10="","",'[3]سجل المستخلصات'!$N$10) | N29: =IF('[3]سجل المستخلصات'!$O$10="","",'[3]سجل المستخلصات'!$O$10) | O29: =IF('[3]سجل المستخلصات'!$R$10="","",'[3]سجل المستخلصات'!$R$10) | P29: =IF('[3]سجل المستخلصات'!$S$10="","",'[3]سجل المستخلصات'!$S$10) | Q29: =IF('[3]سجل المستخلصات'!$T$10="","",'[3]سجل المستخلصات'!$T$10) | R29: =IF('[3]سجل المستخلصات'!$V$10="","",'[3]سجل المستخلصات'!$V$10) | S29: =IF('[3]سجل المستخلصات'!$W$10="","",'[3]سجل المستخلصات'!$W$10) | T29: =IF('[3]سجل المستخلصات'!$X$10="","",'[3]سجل المستخلصات'!$X$10) | U29: =IF('[3]سجل المستخلصات'!$Z$10="","",'[3]سجل المستخلصات'!$Z$10) | V29: =IF('[3]سجل المستخلصات'!$AA$10="","",'[3]سجل المستخلصات'!$AA$10) | W29: =IF('[3]سجل المستخلصات'!$AC$10="","",'[3]سجل المستخلصات'!$AC$10) | X29: =IF('[3]سجل المستخلصات'!$AD$10="","",'[3]سجل المستخلصات'!$AD$10) | Y29: =IF('[3]سجل المستخلصات'!$AE$10="","",'[3]سجل المستخلصات'!$AE$10)
B30: 6 | C30: =IF('[3]سجل المستخلصات'!$C$11="","",'[3]سجل المستخلصات'!$C$11) | D30: =IF('[3]سجل المستخلصات'!$E$11="","",'[3]سجل المستخلصات'!$E$11) | E30: =IF('[3]سجل المستخلصات'!$F$11="","",'[3]سجل المستخلصات'!$F$11) | F30: =IF('[3]سجل المستخلصات'!$H$11="","",'[3]سجل المستخلصات'!$H$11) | G30: =IF('[3]سجل المستخلصات'!$G$11="","",'[3]سجل المستخلصات'!$G$11) | H30: =IF('[3]سجل المستخلصات'!$I$11="","",'[3]سجل المستخلصات'!$I$11) | I30: =IF('[3]سجل المستخلصات'!$J$11="","",'[3]سجل المستخلصات'!$J$11) | J30: =IF('[3]سجل المستخلصات'!$K$11="","",'[3]سجل المستخلصات'!$K$11) | K30: =IF('[3]سجل المستخلصات'!$L$11="","",'[3]سجل المستخلصات'!$L$11) | L30: =IF('[3]سجل المستخلصات'!$M$11="","",'[3]سجل المستخلصات'!$M$11) | M30: =IF('[3]سجل المستخلصات'!$N$11="","",'[3]سجل المستخلصات'!$N$11) | N30: =IF('[3]سجل المستخلصات'!$O$11="","",'[3]سجل المستخلصات'!$O$11) | O30: =IF('[3]سجل المستخلصات'!$R$11="","",'[3]سجل المستخلصات'!$R$11) | P30: =IF('[3]سجل المستخلصات'!$S$11="","",'[3]سجل المستخلصات'!$S$11) | Q30: =IF('[3]سجل المستخلصات'!$T$11="","",'[3]سجل المستخلصات'!$T$11) | R30: =IF('[3]سجل المستخلصات'!$V$11="","",'[3]سجل المستخلصات'!$V$11) | S30: =IF('[3]سجل المستخلصات'!$W$11="","",'[3]سجل المستخلصات'!$W$11) | T30: =IF('[3]سجل المستخلصات'!$X$11="","",'[3]سجل المستخلصات'!$X$11) | U30: =IF('[3]سجل المستخلصات'!$Z$11="","",'[3]سجل المستخلصات'!$Z$11) | V30: =IF('[3]سجل المستخلصات'!$AA$11="","",'[3]سجل المستخلصات'!$AA$11) | W30: =IF('[3]سجل المستخلصات'!$AC$11="","",'[3]سجل المستخلصات'!$AC$11) | X30: =IF('[3]سجل المستخلصات'!$AD$11="","",'[3]سجل المستخلصات'!$AD$11) | Y30: =IF('[3]سجل المستخلصات'!$AE$11="","",'[3]سجل المستخلصات'!$AE$11)
B31: 7 | C31: =IF('[3]سجل المستخلصات'!$C$12="","",'[3]سجل المستخلصات'!$C$12) | D31: =IF('[3]سجل المستخلصات'!$E$12="","",'[3]سجل المستخلصات'!$E$12) | E31: =IF('[3]سجل المستخلصات'!$F$12="","",'[3]سجل المستخلصات'!$F$12) | F31: =IF('[3]سجل المستخلصات'!$H$12="","",'[3]سجل المستخلصات'!$H$12) | G31: =IF('[3]سجل المستخلصات'!$G$12="","",'[3]سجل المستخلصات'!$G$12) | H31: =IF('[3]سجل المستخلصات'!$I$12="","",'[3]سجل المستخلصات'!$I$12) | I31: =IF('[3]سجل المستخلصات'!$J$12="","",'[3]سجل المستخلصات'!$J$12) | J31: =IF('[3]سجل المستخلصات'!$K$12="","",'[3]سجل المستخلصات'!$K$12) | K31: =IF('[3]سجل المستخلصات'!$L$12="","",'[3]سجل المستخلصات'!$L$12) | L31: =IF('[3]سجل المستخلصات'!$M$12="","",'[3]سجل المستخلصات'!$M$12) | M31: =IF('[3]سجل المستخلصات'!$N$12="","",'[3]سجل المستخلصات'!$N$12) | N31: =IF('[3]سجل المستخلصات'!$O$12="","",'[3]سجل المستخلصات'!$O$12) | O31: =IF('[3]سجل المستخلصات'!$R$12="","",'[3]سجل المستخلصات'!$R$12) | P31: =IF('[3]سجل المستخلصات'!$S$12="","",'[3]سجل المستخلصات'!$S$12) | Q31: =IF('[3]سجل المستخلصات'!$T$12="","",'[3]سجل المستخلصات'!$T$12) | R31: =IF('[3]سجل المستخلصات'!$V$12="","",'[3]سجل المستخلصات'!$V$12) | S31: =IF('[3]سجل المستخلصات'!$W$12="","",'[3]سجل المستخلصات'!$W$12) | T31: =IF('[3]سجل المستخلصات'!$X$12="","",'[3]سجل المستخلصات'!$X$12) | U31: =IF('[3]سجل المستخلصات'!$Z$12="","",'[3]سجل المستخلصات'!$Z$12) | V31: =IF('[3]سجل المستخلصات'!$AA$12="","",'[3]سجل المستخلصات'!$AA$12) | W31: =IF('[3]سجل المستخلصات'!$AC$12="","",'[3]سجل المستخلصات'!$AC$12) | X31: =IF('[3]سجل المستخلصات'!$AD$12="","",'[3]سجل المستخلصات'!$AD$12) | Y31: =IF('[3]سجل المستخلصات'!$AE$12="","",'[3]سجل المستخلصات'!$AE$12)
B32: 8 | C32: =IF('[3]سجل المستخلصات'!$C$13="","",'[3]سجل المستخلصات'!$C$13) | D32: =IF('[3]سجل المستخلصات'!$E$13="","",'[3]سجل المستخلصات'!$E$13) | E32: =IF('[3]سجل المستخلصات'!$F$13="","",'[3]سجل المستخلصات'!$F$13) | F32: =IF('[3]سجل المستخلصات'!$H$13="","",'[3]سجل المستخلصات'!$H$13) | G32: =IF('[3]سجل المستخلصات'!$G$13="","",'[3]سجل المستخلصات'!$G$13) | H32: =IF('[3]سجل المستخلصات'!$I$13="","",'[3]سجل المستخلصات'!$I$13) | I32: =IF('[3]سجل المستخلصات'!$J$13="","",'[3]سجل المستخلصات'!$J$13) | J32: =IF('[3]سجل المستخلصات'!$K$13="","",'[3]سجل المستخلصات'!$K$13) | K32: =IF('[3]سجل المستخلصات'!$L$13="","",'[3]سجل المستخلصات'!$L$13) | L32: =IF('[3]سجل المستخلصات'!$M$13="","",'[3]سجل المستخلصات'!$M$13) | M32: =IF('[3]سجل المستخلصات'!$N$13="","",'[3]سجل المستخلصات'!$N$13) | N32: =IF('[3]سجل المستخلصات'!$O$13="","",'[3]سجل المستخلصات'!$O$13) | O32: =IF('[3]سجل المستخلصات'!$R$13="","",'[3]سجل المستخلصات'!$R$13) | P32: =IF('[3]سجل المستخلصات'!$S$13="","",'[3]سجل المستخلصات'!$S$13) | Q32: =IF('[3]سجل المستخلصات'!$T$13="","",'[3]سجل المستخلصات'!$T$13) | R32: =IF('[3]سجل المستخلصات'!$V$13="","",'[3]سجل المستخلصات'!$V$13) | S32: =IF('[3]سجل المستخلصات'!$W$13="","",'[3]سجل المستخلصات'!$W$13) | T32: =IF('[3]سجل المستخلصات'!$X$13="","",'[3]سجل المستخلصات'!$X$13) | U32: =IF('[3]سجل المستخلصات'!$Z$13="","",'[3]سجل المستخلصات'!$Z$13) | V32: =IF('[3]سجل المستخلصات'!$AA$13="","",'[3]سجل المستخلصات'!$AA$13) | W32: =IF('[3]سجل المستخلصات'!$AC$13="","",'[3]سجل المستخلصات'!$AC$13) | X32: =IF('[3]سجل المستخلصات'!$AD$13="","",'[3]سجل المستخلصات'!$AD$13) | Y32: =IF('[3]سجل المستخلصات'!$AE$13="","",'[3]سجل المستخلصات'!$AE$13)
B33: 9 | C33: =IF('[3]سجل المستخلصات'!$C$14="","",'[3]سجل المستخلصات'!$C$14) | D33: =IF('[3]سجل المستخلصات'!$E$14="","",'[3]سجل المستخلصات'!$E$14) | E33: =IF('[3]سجل المستخلصات'!$F$14="","",'[3]سجل المستخلصات'!$F$14) | F33: =IF('[3]سجل المستخلصات'!$H$14="","",'[3]سجل المستخلصات'!$H$14) | G33: =IF('[3]سجل المستخلصات'!$G$14="","",'[3]سجل المستخلصات'!$G$14) | H33: =IF('[3]سجل المستخلصات'!$I$14="","",'[3]سجل المستخلصات'!$I$14) | I33: =IF('[3]سجل المستخلصات'!$J$14="","",'[3]سجل المستخلصات'!$J$14) | J33: =IF('[3]سجل المستخلصات'!$K$14="","",'[3]سجل المستخلصات'!$K$14) | K33: =IF('[3]سجل المستخلصات'!$L$14="","",'[3]سجل المستخلصات'!$L$14) | L33: =IF('[3]سجل المستخلصات'!$M$14="","",'[3]سجل المستخلصات'!$M$14) | M33: =IF('[3]سجل المستخلصات'!$N$14="","",'[3]سجل المستخلصات'!$N$14) | N33: =IF('[3]سجل المستخلصات'!$O$14="","",'[3]سجل المستخلصات'!$O$14) | O33: =IF('[3]سجل المستخلصات'!$R$14="","",'[3]سجل المستخلصات'!$R$14) | P33: =IF('[3]سجل المستخلصات'!$S$14="","",'[3]سجل المستخلصات'!$S$14) | Q33: =IF('[3]سجل المستخلصات'!$T$14="","",'[3]سجل المستخلصات'!$T$14) | R33: =IF('[3]سجل المستخلصات'!$V$14="","",'[3]سجل المستخلصات'!$V$14) | S33: =IF('[3]سجل المستخلصات'!$W$14="","",'[3]سجل المستخلصات'!$W$14) | T33: =IF('[3]سجل المستخلصات'!$X$14="","",'[3]سجل المستخلصات'!$X$14) | U33: =IF('[3]سجل المستخلصات'!$Z$14="","",'[3]سجل المستخلصات'!$Z$14) | V33: =IF('[3]سجل المستخلصات'!$AA$14="","",'[3]سجل المستخلصات'!$AA$14) | W33: =IF('[3]سجل المستخلصات'!$AC$14="","",'[3]سجل المستخلصات'!$AC$14) | X33: =IF('[3]سجل المستخلصات'!$AD$14="","",'[3]سجل المستخلصات'!$AD$14) | Y33: =IF('[3]سجل المستخلصات'!$AE$14="","",'[3]سجل المستخلصات'!$AE$14)
B34: 10 | C34: =IF('[3]سجل المستخلصات'!$C$15="","",'[3]سجل المستخلصات'!$C$15) | D34: =IF('[3]سجل المستخلصات'!$E$15="","",'[3]سجل المستخلصات'!$E$15) | E34: =IF('[3]سجل المستخلصات'!$F$15="","",'[3]سجل المستخلصات'!$F$15) | F34: =IF('[3]سجل المستخلصات'!$H$15="","",'[3]سجل المستخلصات'!$H$15) | G34: =IF('[3]سجل المستخلصات'!$G$15="","",'[3]سجل المستخلصات'!$G$15) | H34: =IF('[3]سجل المستخلصات'!$I$15="","",'[3]سجل المستخلصات'!$I$15) | I34: =IF('[3]سجل المستخلصات'!$J$15="","",'[3]سجل المستخلصات'!$J$15) | J34: =IF('[3]سجل المستخلصات'!$K$15="","",'[3]سجل المستخلصات'!$K$15) | K34: =IF('[3]سجل المستخلصات'!$L$15="","",'[3]سجل المستخلصات'!$L$15) | L34: =IF('[3]سجل المستخلصات'!$M$15="","",'[3]سجل المستخلصات'!$M$15) | M34: =IF('[3]سجل المستخلصات'!$N$15="","",'[3]سجل المستخلصات'!$N$15) | N34: =IF('[3]سجل المستخلصات'!$O$15="","",'[3]سجل المستخلصات'!$O$15) | O34: =IF('[3]سجل المستخلصات'!$R$15="","",'[3]سجل المستخلصات'!$R$15) | P34: =IF('[3]سجل المستخلصات'!$S$15="","",'[3]سجل المستخلصات'!$S$15) | Q34: =IF('[3]سجل المستخلصات'!$T$15="","",'[3]سجل المستخلصات'!$T$15) | R34: =IF('[3]سجل المستخلصات'!$V$15="","",'[3]سجل المستخلصات'!$V$15) | S34: =IF('[3]سجل المستخلصات'!$W$15="","",'[3]سجل المستخلصات'!$W$15) | T34: =IF('[3]سجل المستخلصات'!$X$15="","",'[3]سجل المستخلصات'!$X$15) | U34: =IF('[3]سجل المستخلصات'!$Z$15="","",'[3]سجل المستخلصات'!$Z$15) | V34: =IF('[3]سجل المستخلصات'!$AA$15="","",'[3]سجل المستخلصات'!$AA$15) | W34: =IF('[3]سجل المستخلصات'!$AC$15="","",'[3]سجل المستخلصات'!$AC$15) | X34: =IF('[3]سجل المستخلصات'!$AD$15="","",'[3]سجل المستخلصات'!$AD$15) | Y34: =IF('[3]سجل المستخلصات'!$AE$15="","",'[3]سجل المستخلصات'!$AE$15)
B35: 11 | C35: =IF('[3]سجل المستخلصات'!$C$16="","",'[3]سجل المستخلصات'!$C$16) | D35: =IF('[3]سجل المستخلصات'!$E$16="","",'[3]سجل المستخلصات'!$E$16) | E35: =IF('[3]سجل المستخلصات'!$F$16="","",'[3]سجل المستخلصات'!$F$16) | F35: =IF('[3]سجل المستخلصات'!$H$16="","",'[3]سجل المستخلصات'!$H$16) | G35: =IF('[3]سجل المستخلصات'!$G$16="","",'[3]سجل المستخلصات'!$G$16) | H35: =IF('[3]سجل المستخلصات'!$I$16="","",'[3]سجل المستخلصات'!$I$16) | I35: =IF('[3]سجل المستخلصات'!$J$16="","",'[3]سجل المستخلصات'!$J$16) | J35: =IF('[3]سجل المستخلصات'!$K$16="","",'[3]سجل المستخلصات'!$K$16) | K35: =IF('[3]سجل المستخلصات'!$L$16="","",'[3]سجل المستخلصات'!$L$16) | L35: =IF('[3]سجل المستخلصات'!$M$16="","",'[3]سجل المستخلصات'!$M$16) | M35: =IF('[3]سجل المستخلصات'!$N$16="","",'[3]سجل المستخلصات'!$N$16) | N35: =IF('[3]سجل المستخلصات'!$O$16="","",'[3]سجل المستخلصات'!$O$16) | O35: =IF('[3]سجل المستخلصات'!$R$16="","",'[3]سجل المستخلصات'!$R$16) | P35: =IF('[3]سجل المستخلصات'!$S$16="","",'[3]سجل المستخلصات'!$S$16) | Q35: =IF('[3]سجل المستخلصات'!$T$16="","",'[3]سجل المستخلصات'!$T$16) | R35: =IF('[3]سجل المستخلصات'!$V$16="","",'[3]سجل المستخلصات'!$V$16) | S35: =IF('[3]سجل المستخلصات'!$W$16="","",'[3]سجل المستخلصات'!$W$16) | T35: =IF('[3]سجل المستخلصات'!$X$16="","",'[3]سجل المستخلصات'!$X$16) | U35: =IF('[3]سجل المستخلصات'!$Z$16="","",'[3]سجل المستخلصات'!$Z$16) | V35: =IF('[3]سجل المستخلصات'!$AA$16="","",'[3]سجل المستخلصات'!$AA$16) | W35: =IF('[3]سجل المستخلصات'!$AC$16="","",'[3]سجل المستخلصات'!$AC$16) | X35: =IF('[3]سجل المستخلصات'!$AD$16="","",'[3]سجل المستخلصات'!$AD$16) | Y35: =IF('[3]سجل المستخلصات'!$AE$16="","",'[3]سجل المستخلصات'!$AE$16)
B36: 12 | C36: =IF('[3]سجل المستخلصات'!$C$17="","",'[3]سجل المستخلصات'!$C$17) | D36: =IF('[3]سجل المستخلصات'!$E$17="","",'[3]سجل المستخلصات'!$E$17) | E36: =IF('[3]سجل المستخلصات'!$F$17="","",'[3]سجل المستخلصات'!$F$17) | F36: =IF('[3]سجل المستخلصات'!$H$17="","",'[3]سجل المستخلصات'!$H$17) | G36: =IF('[3]سجل المستخلصات'!$G$17="","",'[3]سجل المستخلصات'!$G$17) | H36: =IF('[3]سجل المستخلصات'!$I$17="","",'[3]سجل المستخلصات'!$I$17) | I36: =IF('[3]سجل المستخلصات'!$J$17="","",'[3]سجل المستخلصات'!$J$17) | J36: =IF('[3]سجل المستخلصات'!$K$17="","",'[3]سجل المستخلصات'!$K$17) | K36: =IF('[3]سجل المستخلصات'!$L$17="","",'[3]سجل المستخلصات'!$L$17) | L36: =IF('[3]سجل المستخلصات'!$M$17="","",'[3]سجل المستخلصات'!$M$17) | M36: =IF('[3]سجل المستخلصات'!$N$17="","",'[3]سجل المستخلصات'!$N$17) | N36: =IF('[3]سجل المستخلصات'!$O$17="","",'[3]سجل المستخلصات'!$O$17) | O36: =IF('[3]سجل المستخلصات'!$R$17="","",'[3]سجل المستخلصات'!$R$17) | P36: =IF('[3]سجل المستخلصات'!$S$17="","",'[3]سجل المستخلصات'!$S$17) | Q36: =IF('[3]سجل المستخلصات'!$T$17="","",'[3]سجل المستخلصات'!$T$17) | R36: =IF('[3]سجل المستخلصات'!$V$17="","",'[3]سجل المستخلصات'!$V$17) | S36: =IF('[3]سجل المستخلصات'!$W$17="","",'[3]سجل المستخلصات'!$W$17) | T36: =IF('[3]سجل المستخلصات'!$X$17="","",'[3]سجل المستخلصات'!$X$17) | U36: =IF('[3]سجل المستخلصات'!$Z$17="","",'[3]سجل المستخلصات'!$Z$17) | V36: =IF('[3]سجل المستخلصات'!$AA$17="","",'[3]سجل المستخلصات'!$AA$17) | W36: =IF('[3]سجل المستخلصات'!$AC$17="","",'[3]سجل المستخلصات'!$AC$17) | X36: =IF('[3]سجل المستخلصات'!$AD$17="","",'[3]سجل المستخلصات'!$AD$17) | Y36: =IF('[3]سجل المستخلصات'!$AE$17="","",'[3]سجل المستخلصات'!$AE$17)
B37: 13 | C37: =IF('[3]سجل المستخلصات'!$C$18="","",'[3]سجل المستخلصات'!$C$18) | D37: =IF('[3]سجل المستخلصات'!$E$18="","",'[3]سجل المستخلصات'!$E$18) | E37: =IF('[3]سجل المستخلصات'!$F$18="","",'[3]سجل المستخلصات'!$F$18) | F37: =IF('[3]سجل المستخلصات'!$H$18="","",'[3]سجل المستخلصات'!$H$18) | G37: =IF('[3]سجل المستخلصات'!$G$18="","",'[3]سجل المستخلصات'!$G$18) | H37: =IF('[3]سجل المستخلصات'!$I$18="","",'[3]سجل المستخلصات'!$I$18) | I37: =IF('[3]سجل المستخلصات'!$J$18="","",'[3]سجل المستخلصات'!$J$18) | J37: =IF('[3]سجل المستخلصات'!$K$18="","",'[3]سجل المستخلصات'!$K$18) | K37: =IF('[3]سجل المستخلصات'!$L$18="","",'[3]سجل المستخلصات'!$L$18) | L37: =IF('[3]سجل المستخلصات'!$M$18="","",'[3]سجل المستخلصات'!$M$18) | M37: =IF('[3]سجل المستخلصات'!$N$18="","",'[3]سجل المستخلصات'!$N$18) | N37: =IF('[3]سجل المستخلصات'!$O$18="","",'[3]سجل المستخلصات'!$O$18) | O37: =IF('[3]سجل المستخلصات'!$R$18="","",'[3]سجل المستخلصات'!$R$18) | P37: =IF('[3]سجل المستخلصات'!$S$18="","",'[3]سجل المستخلصات'!$S$18) | Q37: =IF('[3]سجل المستخلصات'!$T$18="","",'[3]سجل المستخلصات'!$T$18) | R37: =IF('[3]سجل المستخلصات'!$V$18="","",'[3]سجل المستخلصات'!$V$18) | S37: =IF('[3]سجل المستخلصات'!$W$18="","",'[3]سجل المستخلصات'!$W$18) | T37: =IF('[3]سجل المستخلصات'!$X$18="","",'[3]سجل المستخلصات'!$X$18) | U37: =IF('[3]سجل المستخلصات'!$Z$18="","",'[3]سجل المستخلصات'!$Z$18) | V37: =IF('[3]سجل المستخلصات'!$AA$18="","",'[3]سجل المستخلصات'!$AA$18) | W37: =IF('[3]سجل المستخلصات'!$AC$18="","",'[3]سجل المستخلصات'!$AC$18) | X37: =IF('[3]سجل المستخلصات'!$AD$18="","",'[3]سجل المستخلصات'!$AD$18) | Y37: =IF('[3]سجل المستخلصات'!$AE$18="","",'[3]سجل المستخلصات'!$AE$18)
B38: 14 | C38: =IF('[3]سجل المستخلصات'!$C$19="","",'[3]سجل المستخلصات'!$C$19) | D38: =IF('[3]سجل المستخلصات'!$E$19="","",'[3]سجل المستخلصات'!$E$19) | E38: =IF('[3]سجل المستخلصات'!$F$19="","",'[3]سجل المستخلصات'!$F$19) | F38: =IF('[3]سجل المستخلصات'!$H$19="","",'[3]سجل المستخلصات'!$H$19) | G38: =IF('[3]سجل المستخلصات'!$G$19="","",'[3]سجل المستخلصات'!$G$19) | H38: =IF('[3]سجل المستخلصات'!$I$19="","",'[3]سجل المستخلصات'!$I$19) | I38: =IF('[3]سجل المستخلصات'!$J$19="","",'[3]سجل المستخلصات'!$J$19) | J38: =IF('[3]سجل المستخلصات'!$K$19="","",'[3]سجل المستخلصات'!$K$19) | K38: =IF('[3]سجل المستخلصات'!$L$19="","",'[3]سجل المستخلصات'!$L$19) | L38: =IF('[3]سجل المستخلصات'!$M$19="","",'[3]سجل المستخلصات'!$M$19) | M38: =IF('[3]سجل المستخلصات'!$N$19="","",'[3]سجل المستخلصات'!$N$19) | N38: =IF('[3]سجل المستخلصات'!$O$19="","",'[3]سجل المستخلصات'!$O$19) | O38: =IF('[3]سجل المستخلصات'!$R$19="","",'[3]سجل المستخلصات'!$R$19) | P38: =IF('[3]سجل المستخلصات'!$S$19="","",'[3]سجل المستخلصات'!$S$19) | Q38: =IF('[3]سجل المستخلصات'!$T$19="","",'[3]سجل المستخلصات'!$T$19) | R38: =IF('[3]سجل المستخلصات'!$V$19="","",'[3]سجل المستخلصات'!$V$19) | S38: =IF('[3]سجل المستخلصات'!$W$19="","",'[3]سجل المستخلصات'!$W$19) | T38: =IF('[3]سجل المستخلصات'!$X$19="","",'[3]سجل المستخلصات'!$X$19) | U38: =IF('[3]سجل المستخلصات'!$Z$19="","",'[3]سجل المستخلصات'!$Z$19) | V38: =IF('[3]سجل المستخلصات'!$AA$19="","",'[3]سجل المستخلصات'!$AA$19) | W38: =IF('[3]سجل المستخلصات'!$AC$19="","",'[3]سجل المستخلصات'!$AC$19) | X38: =IF('[3]سجل المستخلصات'!$AD$19="","",'[3]سجل المستخلصات'!$AD$19) | Y38: =IF('[3]سجل المستخلصات'!$AE$19="","",'[3]سجل المستخلصات'!$AE$19)
B39: 15 | C39: =IF('[3]سجل المستخلصات'!$C$20="","",'[3]سجل المستخلصات'!$C$20) | D39: =IF('[3]سجل المستخلصات'!$E$20="","",'[3]سجل المستخلصات'!$E$20) | E39: =IF('[3]سجل المستخلصات'!$F$20="","",'[3]سجل المستخلصات'!$F$20) | F39: =IF('[3]سجل المستخلصات'!$H$20="","",'[3]سجل المستخلصات'!$H$20) | G39: =IF('[3]سجل المستخلصات'!$G$20="","",'[3]سجل المستخلصات'!$G$20) | H39: =IF('[3]سجل المستخلصات'!$I$20="","",'[3]سجل المستخلصات'!$I$20) | I39: =IF('[3]سجل المستخلصات'!$J$20="","",'[3]سجل المستخلصات'!$J$20) | J39: =IF('[3]سجل المستخلصات'!$K$20="","",'[3]سجل المستخلصات'!$K$20) | K39: =IF('[3]سجل المستخلصات'!$L$20="","",'[3]سجل المستخلصات'!$L$20) | L39: =IF('[3]سجل المستخلصات'!$M$20="","",'[3]سجل المستخلصات'!$M$20) | M39: =IF('[3]سجل المستخلصات'!$N$20="","",'[3]سجل المستخلصات'!$N$20) | N39: =IF('[3]سجل المستخلصات'!$O$20="","",'[3]سجل المستخلصات'!$O$20) | O39: =IF('[3]سجل المستخلصات'!$R$20="","",'[3]سجل المستخلصات'!$R$20) | P39: =IF('[3]سجل المستخلصات'!$S$20="","",'[3]سجل المستخلصات'!$S$20) | Q39: =IF('[3]سجل المستخلصات'!$T$20="","",'[3]سجل المستخلصات'!$T$20) | R39: =IF('[3]سجل المستخلصات'!$V$20="","",'[3]سجل المستخلصات'!$V$20) | S39: =IF('[3]سجل المستخلصات'!$W$20="","",'[3]سجل المستخلصات'!$W$20) | T39: =IF('[3]سجل المستخلصات'!$X$20="","",'[3]سجل المستخلصات'!$X$20) | U39: =IF('[3]سجل المستخلصات'!$Z$20="","",'[3]سجل المستخلصات'!$Z$20) | V39: =IF('[3]سجل المستخلصات'!$AA$20="","",'[3]سجل المستخلصات'!$AA$20) | W39: =IF('[3]سجل المستخلصات'!$AC$20="","",'[3]سجل المستخلصات'!$AC$20) | X39: =IF('[3]سجل المستخلصات'!$AD$20="","",'[3]سجل المستخلصات'!$AD$20) | Y39: =IF('[3]سجل المستخلصات'!$AE$20="","",'[3]سجل المستخلصات'!$AE$20)
B40: 16 | C40: =IF('[3]سجل المستخلصات'!$C$21="","",'[3]سجل المستخلصات'!$C$21) | D40: =IF('[3]سجل المستخلصات'!$E$21="","",'[3]سجل المستخلصات'!$E$21) | E40: =IF('[3]سجل المستخلصات'!$F$21="","",'[3]سجل المستخلصات'!$F$21) | F40: =IF('[3]سجل المستخلصات'!$H$21="","",'[3]سجل المستخلصات'!$H$21) | G40: =IF('[3]سجل المستخلصات'!$G$21="","",'[3]سجل المستخلصات'!$G$21) | H40: =IF('[3]سجل المستخلصات'!$I$21="","",'[3]سجل المستخلصات'!$I$21) | I40: =IF('[3]سجل المستخلصات'!$J$21="","",'[3]سجل المستخلصات'!$J$21) | J40: =IF('[3]سجل المستخلصات'!$K$21="","",'[3]سجل المستخلصات'!$K$21) | K40: =IF('[3]سجل المستخلصات'!$L$21="","",'[3]سجل المستخلصات'!$L$21) | L40: =IF('[3]سجل المستخلصات'!$M$21="","",'[3]سجل المستخلصات'!$M$21) | M40: =IF('[3]سجل المستخلصات'!$N$21="","",'[3]سجل المستخلصات'!$N$21) | N40: =IF('[3]سجل المستخلصات'!$O$21="","",'[3]سجل المستخلصات'!$O$21) | O40: =IF('[3]سجل المستخلصات'!$R$21="","",'[3]سجل المستخلصات'!$R$21) | P40: =IF('[3]سجل المستخلصات'!$S$21="","",'[3]سجل المستخلصات'!$S$21) | Q40: =IF('[3]سجل المستخلصات'!$T$21="","",'[3]سجل المستخلصات'!$T$21) | R40: =IF('[3]سجل المستخلصات'!$V$21="","",'[3]سجل المستخلصات'!$V$21) | S40: =IF('[3]سجل المستخلصات'!$W$21="","",'[3]سجل المستخلصات'!$W$21) | T40: =IF('[3]سجل المستخلصات'!$X$21="","",'[3]سجل المستخلصات'!$X$21) | U40: =IF('[3]سجل المستخلصات'!$Z$21="","",'[3]سجل المستخلصات'!$Z$21) | V40: =IF('[3]سجل المستخلصات'!$AA$21="","",'[3]سجل المستخلصات'!$AA$21) | W40: =IF('[3]سجل المستخلصات'!$AC$21="","",'[3]سجل المستخلصات'!$AC$21) | X40: =IF('[3]سجل المستخلصات'!$AD$21="","",'[3]سجل المستخلصات'!$AD$21) | Y40: =IF('[3]سجل المستخلصات'!$AE$21="","",'[3]سجل المستخلصات'!$AE$21)
B41: 17 | C41: =IF('[3]سجل المستخلصات'!$C$22="","",'[3]سجل المستخلصات'!$C$22) | D41: =IF('[3]سجل المستخلصات'!$E$22="","",'[3]سجل المستخلصات'!$E$22) | E41: =IF('[3]سجل المستخلصات'!$F$22="","",'[3]سجل المستخلصات'!$F$22) | F41: =IF('[3]سجل المستخلصات'!$H$22="","",'[3]سجل المستخلصات'!$H$22) | G41: =IF('[3]سجل المستخلصات'!$G$22="","",'[3]سجل المستخلصات'!$G$22) | H41: =IF('[3]سجل المستخلصات'!$I$22="","",'[3]سجل المستخلصات'!$I$22) | I41: =IF('[3]سجل المستخلصات'!$J$22="","",'[3]سجل المستخلصات'!$J$22) | J41: =IF('[3]سجل المستخلصات'!$K$22="","",'[3]سجل المستخلصات'!$K$22) | K41: =IF('[3]سجل المستخلصات'!$L$22="","",'[3]سجل المستخلصات'!$L$22) | L41: =IF('[3]سجل المستخلصات'!$M$22="","",'[3]سجل المستخلصات'!$M$22) | M41: =IF('[3]سجل المستخلصات'!$N$22="","",'[3]سجل المستخلصات'!$N$22) | N41: =IF('[3]سجل المستخلصات'!$O$22="","",'[3]سجل المستخلصات'!$O$22) | O41: =IF('[3]سجل المستخلصات'!$R$22="","",'[3]سجل المستخلصات'!$R$22) | P41: =IF('[3]سجل المستخلصات'!$S$22="","",'[3]سجل المستخلصات'!$S$22) | Q41: =IF('[3]سجل المستخلصات'!$T$22="","",'[3]سجل المستخلصات'!$T$22) | R41: =IF('[3]سجل المستخلصات'!$V$22="","",'[3]سجل المستخلصات'!$V$22) | S41: =IF('[3]سجل المستخلصات'!$W$22="","",'[3]سجل المستخلصات'!$W$22) | T41: =IF('[3]سجل المستخلصات'!$X$22="","",'[3]سجل المستخلصات'!$X$22) | U41: =IF('[3]سجل المستخلصات'!$Z$22="","",'[3]سجل المستخلصات'!$Z$22) | V41: =IF('[3]سجل المستخلصات'!$AA$22="","",'[3]سجل المستخلصات'!$AA$22) | W41: =IF('[3]سجل المستخلصات'!$AC$22="","",'[3]سجل المستخلصات'!$AC$22) | X41: =IF('[3]سجل المستخلصات'!$AD$22="","",'[3]سجل المستخلصات'!$AD$22) | Y41: =IF('[3]سجل المستخلصات'!$AE$22="","",'[3]سجل المستخلصات'!$AE$22)
B42: 18 | C42: =IF('[3]سجل المستخلصات'!$C$23="","",'[3]سجل المستخلصات'!$C$23) | D42: =IF('[3]سجل المستخلصات'!$E$23="","",'[3]سجل المستخلصات'!$E$23) | E42: =IF('[3]سجل المستخلصات'!$F$23="","",'[3]سجل المستخلصات'!$F$23) | F42: =IF('[3]سجل المستخلصات'!$H$23="","",'[3]سجل المستخلصات'!$H$23) | G42: =IF('[3]سجل المستخلصات'!$G$23="","",'[3]سجل المستخلصات'!$G$23) | H42: =IF('[3]سجل المستخلصات'!$I$23="","",'[3]سجل المستخلصات'!$I$23) | I42: =IF('[3]سجل المستخلصات'!$J$23="","",'[3]سجل المستخلصات'!$J$23) | J42: =IF('[3]سجل المستخلصات'!$K$23="","",'[3]سجل المستخلصات'!$K$23) | K42: =IF('[3]سجل المستخلصات'!$L$23="","",'[3]سجل المستخلصات'!$L$23) | L42: =IF('[3]سجل المستخلصات'!$M$23="","",'[3]سجل المستخلصات'!$M$23) | M42: =IF('[3]سجل المستخلصات'!$N$23="","",'[3]سجل المستخلصات'!$N$23) | N42: =IF('[3]سجل المستخلصات'!$O$23="","",'[3]سجل المستخلصات'!$O$23) | O42: =IF('[3]سجل المستخلصات'!$R$23="","",'[3]سجل المستخلصات'!$R$23) | P42: =IF('[3]سجل المستخلصات'!$S$23="","",'[3]سجل المستخلصات'!$S$23) | Q42: =IF('[3]سجل المستخلصات'!$T$23="","",'[3]سجل المستخلصات'!$T$23) | R42: =IF('[3]سجل المستخلصات'!$V$23="","",'[3]سجل المستخلصات'!$V$23) | S42: =IF('[3]سجل المستخلصات'!$W$23="","",'[3]سجل المستخلصات'!$W$23) | T42: =IF('[3]سجل المستخلصات'!$X$23="","",'[3]سجل المستخلصات'!$X$23) | U42: =IF('[3]سجل المستخلصات'!$Z$23="","",'[3]سجل المستخلصات'!$Z$23) | V42: =IF('[3]سجل المستخلصات'!$AA$23="","",'[3]سجل المستخلصات'!$AA$23) | W42: =IF('[3]سجل المستخلصات'!$AC$23="","",'[3]سجل المستخلصات'!$AC$23) | X42: =IF('[3]سجل المستخلصات'!$AD$23="","",'[3]سجل المستخلصات'!$AD$23) | Y42: =IF('[3]سجل المستخلصات'!$AE$23="","",'[3]سجل المستخلصات'!$AE$23)
B43: 19 | C43: =IF('[3]سجل المستخلصات'!$C$24="","",'[3]سجل المستخلصات'!$C$24) | D43: =IF('[3]سجل المستخلصات'!$E$24="","",'[3]سجل المستخلصات'!$E$24) | E43: =IF('[3]سجل المستخلصات'!$F$24="","",'[3]سجل المستخلصات'!$F$24) | F43: =IF('[3]سجل المستخلصات'!$H$24="","",'[3]سجل المستخلصات'!$H$24) | G43: =IF('[3]سجل المستخلصات'!$G$24="","",'[3]سجل المستخلصات'!$G$24) | H43: =IF('[3]سجل المستخلصات'!$I$24="","",'[3]سجل المستخلصات'!$I$24) | I43: =IF('[3]سجل المستخلصات'!$J$24="","",'[3]سجل المستخلصات'!$J$24) | J43: =IF('[3]سجل المستخلصات'!$K$24="","",'[3]سجل المستخلصات'!$K$24) | K43: =IF('[3]سجل المستخلصات'!$L$24="","",'[3]سجل المستخلصات'!$L$24) | L43: =IF('[3]سجل المستخلصات'!$M$24="","",'[3]سجل المستخلصات'!$M$24) | M43: =IF('[3]سجل المستخلصات'!$N$24="","",'[3]سجل المستخلصات'!$N$24) | N43: =IF('[3]سجل المستخلصات'!$O$24="","",'[3]سجل المستخلصات'!$O$24) | O43: =IF('[3]سجل المستخلصات'!$R$24="","",'[3]سجل المستخلصات'!$R$24) | P43: =IF('[3]سجل المستخلصات'!$S$24="","",'[3]سجل المستخلصات'!$S$24) | Q43: =IF('[3]سجل المستخلصات'!$T$24="","",'[3]سجل المستخلصات'!$T$24) | R43: =IF('[3]سجل المستخلصات'!$V$24="","",'[3]سجل المستخلصات'!$V$24) | S43: =IF('[3]سجل المستخلصات'!$W$24="","",'[3]سجل المستخلصات'!$W$24) | T43: =IF('[3]سجل المستخلصات'!$X$24="","",'[3]سجل المستخلصات'!$X$24) | U43: =IF('[3]سجل المستخلصات'!$Z$24="","",'[3]سجل المستخلصات'!$Z$24) | V43: =IF('[3]سجل المستخلصات'!$AA$24="","",'[3]سجل المستخلصات'!$AA$24) | W43: =IF('[3]سجل المستخلصات'!$AC$24="","",'[3]سجل المستخلصات'!$AC$24) | X43: =IF('[3]سجل المستخلصات'!$AD$24="","",'[3]سجل المستخلصات'!$AD$24) | Y43: =IF('[3]سجل المستخلصات'!$AE$24="","",'[3]سجل المستخلصات'!$AE$24)
B44: 20 | C44: =IF('[3]سجل المستخلصات'!$C$25="","",'[3]سجل المستخلصات'!$C$25) | D44: =IF('[3]سجل المستخلصات'!$E$25="","",'[3]سجل المستخلصات'!$E$25) | E44: =IF('[3]سجل المستخلصات'!$F$25="","",'[3]سجل المستخلصات'!$F$25) | F44: =IF('[3]سجل المستخلصات'!$H$25="","",'[3]سجل المستخلصات'!$H$25) | G44: =IF('[3]سجل المستخلصات'!$G$25="","",'[3]سجل المستخلصات'!$G$25) | H44: =IF('[3]سجل المستخلصات'!$I$25="","",'[3]سجل المستخلصات'!$I$25) | I44: =IF('[3]سجل المستخلصات'!$J$25="","",'[3]سجل المستخلصات'!$J$25) | J44: =IF('[3]سجل المستخلصات'!$K$25="","",'[3]سجل المستخلصات'!$K$25) | K44: =IF('[3]سجل المستخلصات'!$L$25="","",'[3]سجل المستخلصات'!$L$25) | L44: =IF('[3]سجل المستخلصات'!$M$25="","",'[3]سجل المستخلصات'!$M$25) | M44: =IF('[3]سجل المستخلصات'!$N$25="","",'[3]سجل المستخلصات'!$N$25) | N44: =IF('[3]سجل المستخلصات'!$O$25="","",'[3]سجل المستخلصات'!$O$25) | O44: =IF('[3]سجل المستخلصات'!$R$25="","",'[3]سجل المستخلصات'!$R$25) | P44: =IF('[3]سجل المستخلصات'!$S$25="","",'[3]سجل المستخلصات'!$S$25) | Q44: =IF('[3]سجل المستخلصات'!$T$25="","",'[3]سجل المستخلصات'!$T$25) | R44: =IF('[3]سجل المستخلصات'!$V$25="","",'[3]سجل المستخلصات'!$V$25) | S44: =IF('[3]سجل المستخلصات'!$W$25="","",'[3]سجل المستخلصات'!$W$25) | T44: =IF('[3]سجل المستخلصات'!$X$25="","",'[3]سجل المستخلصات'!$X$25) | U44: =IF('[3]سجل المستخلصات'!$Z$25="","",'[3]سجل المستخلصات'!$Z$25) | V44: =IF('[3]سجل المستخلصات'!$AA$25="","",'[3]سجل المستخلصات'!$AA$25) | W44: =IF('[3]سجل المستخلصات'!$AC$25="","",'[3]سجل المستخلصات'!$AC$25) | X44: =IF('[3]سجل المستخلصات'!$AD$25="","",'[3]سجل المستخلصات'!$AD$25) | Y44: =IF('[3]سجل المستخلصات'!$AE$25="","",'[3]سجل المستخلصات'!$AE$25)
B45: الإجمالي | F45: =SUM(F25:F44) | G45: =IF($V$9=0,0,N(INDEX($G$25:$G$44,$V$9))) | H45: =IF($V$9=0,0,N(INDEX($H$25:$H$44,$V$9))) | I45: =IF($V$9=0,0,N(INDEX($I$25:$I$44,$V$9))) | J45: =IF($V$9=0,0,N(INDEX($J$25:$J$44,$V$9))) | K45: =IF($V$9=0,0,N(INDEX($K$25:$K$44,$V$9))) | N45: =IF($V$9=0,0,N(INDEX($N$25:$N$44,$V$9))) | O45: =IF($V$9=0,0,N(INDEX($O$25:$O$44,$V$9))) | P45: =IF($V$9=0,0,N(INDEX($P$25:$P$44,$V$9))) | Q45: =IF($V$9=0,0,N(INDEX($Q$25:$Q$44,$V$9))) | R45: =IF($V$9=0,0,N(INDEX($R$25:$R$44,$V$9))) | S45: =IF($V$9=0,0,N(INDEX($S$25:$S$44,$V$9))) | T45: =IF($V$9=0,0,N(INDEX($T$25:$T$44,$V$9))) | U45: =SUM(U25:U44) | V45: =SUM(V25:V44) | W45: =SUM(W25:W44) | X45: =IFERROR(AVERAGE(X25:X44),0)
B48: الإنجاز حسب أقسام الأعمال
B49: القسم | E49: القيمة التعاقدية | F49: القيمة المنفذة | G49: نسبة الإنجاز
B50: =IF('[3]سجل المستخلصات'!$B$32="","",'[3]سجل المستخلصات'!$B$32) | E50: =N('[3]سجل المستخلصات'!$E$32) | F50: =N('[3]سجل المستخلصات'!$F$32) | G50: =IF(E50>0,F50/E50,0)
B51: =IF('[3]سجل المستخلصات'!$B$33="","",'[3]سجل المستخلصات'!$B$33) | E51: =N('[3]سجل المستخلصات'!$E$33) | F51: =N('[3]سجل المستخلصات'!$F$33) | G51: =IF(E51>0,F51/E51,0)
B52: =IF('[3]سجل المستخلصات'!$B$34="","",'[3]سجل المستخلصات'!$B$34) | E52: =N('[3]سجل المستخلصات'!$E$34) | F52: =N('[3]سجل المستخلصات'!$F$34) | G52: =IF(E52>0,F52/E52,0)
B53: =IF('[3]سجل المستخلصات'!$B$35="","",'[3]سجل المستخلصات'!$B$35) | E53: =N('[3]سجل المستخلصات'!$E$35) | F53: =N('[3]سجل المستخلصات'!$F$35) | G53: =IF(E53>0,F53/E53,0)
B54: =IF('[3]سجل المستخلصات'!$B$36="","",'[3]سجل المستخلصات'!$B$36) | E54: =N('[3]سجل المستخلصات'!$E$36) | F54: =N('[3]سجل المستخلصات'!$F$36) | G54: =IF(E54>0,F54/E54,0)
B55: =IF('[3]سجل المستخلصات'!$B$37="","",'[3]سجل المستخلصات'!$B$37) | E55: =N('[3]سجل المستخلصات'!$E$37) | F55: =N('[3]سجل المستخلصات'!$F$37) | G55: =IF(E55>0,F55/E55,0)
B56: =IF('[3]سجل المستخلصات'!$B$38="","",'[3]سجل المستخلصات'!$B$38) | E56: =N('[3]سجل المستخلصات'!$E$38) | F56: =N('[3]سجل المستخلصات'!$F$38) | G56: =IF(E56>0,F56/E56,0)
B57: =IF('[3]سجل المستخلصات'!$B$39="","",'[3]سجل المستخلصات'!$B$39) | E57: =N('[3]سجل المستخلصات'!$E$39) | F57: =N('[3]سجل المستخلصات'!$F$39) | G57: =IF(E57>0,F57/E57,0)
B58: =IF('[3]سجل المستخلصات'!$B$40="","",'[3]سجل المستخلصات'!$B$40) | E58: =N('[3]سجل المستخلصات'!$E$40) | F58: =N('[3]سجل المستخلصات'!$F$40) | G58: =IF(E58>0,F58/E58,0)
B59: =IF('[3]سجل المستخلصات'!$B$41="","",'[3]سجل المستخلصات'!$B$41) | E59: =N('[3]سجل المستخلصات'!$E$41) | F59: =N('[3]سجل المستخلصات'!$F$41) | G59: =IF(E59>0,F59/E59,0)
B60: =IF('[3]سجل المستخلصات'!$B$42="","",'[3]سجل المستخلصات'!$B$42) | E60: =N('[3]سجل المستخلصات'!$E$42) | F60: =N('[3]سجل المستخلصات'!$F$42) | G60: =IF(E60>0,F60/E60,0)
B61: =IF('[3]سجل المستخلصات'!$B$43="","",'[3]سجل المستخلصات'!$B$43) | E61: =N('[3]سجل المستخلصات'!$E$43) | F61: =N('[3]سجل المستخلصات'!$F$43) | G61: =IF(E61>0,F61/E61,0)

Sheet مشروع 04
B1: ="📊 "&IF('[4]بيانات العقد'!$C$5="","مشروع رقم 04 — غير مُفعّل",'[4]بيانات العقد'!$C$5)
B2: ="تقارير المستخلصات المجمعة لكل المشاريع | تاريخ التقرير: "&TEXT(TODAY(),"yyyy/mm/dd")
B3: 🏠 الإجمالي العام | C3: ◄ المشروع السابق | D3: المشروع التالي ► | F3: 📂 فتح ملف المستخلصات: Project_04/IPC_Project_04.xlsx | N3: يُحدَّث آلياً من ملف المستخلصات (تمكين المحتوى ← تحديث الروابط)
AA4: بيانات مرتبطة من ملف المستخلصات
B5: المشروع | C5: =IF('[4]بيانات العقد'!$C$5="","",'[4]بيانات العقد'!$C$5) | G5: رقم العقد | H5: =IF('[4]بيانات العقد'!$C$6="","",'[4]بيانات العقد'!$C$6) | L5: صاحب العمل | M5: =IF('[4]بيانات العقد'!$C$7="","",'[4]بيانات العقد'!$C$7) | R5: الاستشاري | S5: =IF('[4]بيانات العقد'!$C$8="","",'[4]بيانات العقد'!$C$8) | AA5: قيمة العقد الأصلية | AB5: =N('[4]بيانات العقد'!$C$16)
B6: المقاول | C6: =IF('[4]بيانات العقد'!$C$9="","",'[4]بيانات العقد'!$C$9) | G6: تاريخ البدء | H6: =IF('[4]بيانات العقد'!$C$11="","",'[4]بيانات العقد'!$C$11) | L6: الانتهاء التعاقدي | M6: =IF('[4]بيانات العقد'!$C$13="","",'[4]بيانات العقد'!$C$13) | R6: العملة | S6: =IF('[4]بيانات العقد'!$C$14="","",'[4]بيانات العقد'!$C$14) | AA6: صافي التغييرية المعتمدة | AB6: =N('[4]بيانات العقد'!$C$17)
AA7: قيمة العقد المعدلة | AB7: =N('[4]بيانات العقد'!$C$18)
B8: قيمة العقد الأصلية | F8: صافي الأوامر التغييرية | J8: قيمة العقد المعدلة | N8: إجمالي قيمة الأعمال التراكمية | R8: الأعمال المتبقية | V8: آخر مستخلص فعال | AA8: نسبة الدفعة المقدمة | AB8: =N('[4]بيانات العقد'!$C$20)
B9: =$AB$5 | F9: =$AB$6 | J9: =$AB$7 | N9: =IF($V$9=0,0,N(INDEX($J$25:$J$44,$V$9))) | R9: =MAX(0,$AB$7-IF($V$9=0,0,N(INDEX($G$25:$G$44,$V$9)))-IF($V$9=0,0,N(INDEX($H$25:$H$44,$V$9)))) | V9: =SUMPRODUCT(MAX((C25:C44<>"")*B25:B44)) | AA9: قيمة الدفعة المقدمة | AB9: =N('[4]بيانات العقد'!$C$21)
AA10: نسبة ضمان الأعمال | AB10: =N('[4]بيانات العقد'!$C$27)
B11: نسبة الإنجاز الفعلية | F11: نسبة الإنجاز المخططة | J11: الانحراف (فعلي - مخطط) | N11: نسبة المدة المنقضية | R11: مؤشر أداء الجدول (SPI) | V11: حالة المشروع | AA11: الحد الأقصى للضمان | AB11: =N('[4]بيانات العقد'!$C$29)
B12: =IF($V$9=0,0,N(INDEX($K$25:$K$44,$V$9))) | F12: =IF($V$9=0,0,N(INDEX($L$25:$L$44,$V$9))) | J12: =B12-F12 | N12: =IF(OR($V$9=0,$AB$14="",$AB$15=""),0,MIN(1,MAX(0,(INDEX(C25:C44,$V$9)-$AB$14+1)/($AB$15-$AB$14+1)))) | R12: =IF(F12>0,B12/F12,0) | V12: =IF($AB$7=0,"غير مُفعّل",IF($V$9=0,"لم يبدأ الصرف",IF(J12<-0.05,"⚠ متأخر",IF(J12<0,"متأخر قليلاً","✔ مطابق / متقدم")))) | AA12: ضريبة القيمة المضافة | AB12: =N('[4]بيانات العقد'!$C$31)
AA13: ضريبة الاستقطاع (غير المقيم) | AB13: =N('[4]بيانات العقد'!$C$33)
B14: صافي المستحق التراكمي | F14: إجمالي المحصل | J14: مستحقات غير محصلة | N14: نسبة التحصيل | R14: متوسط مدة التحصيل (يوم) | V14: تاريخ آخر مستخلص | AA14: تاريخ البدء | AB14: =IF('[4]بيانات العقد'!$C$11="","",'[4]بيانات العقد'!$C$11)
B15: =IF($V$9=0,0,N(INDEX($T$25:$T$44,$V$9))) | F15: =V45 | J15: =W45 | N15: =IF(B15>0,F15/B15,0) | R15: =X45 | V15: =IF($V$9=0,"",INDEX(C25:C44,$V$9)) | AA15: تاريخ الانتهاء التعاقدي | AB15: =IF('[4]بيانات العقد'!$C$13="","",'[4]بيانات العقد'!$C$13)
AA16: المدة (شهر) | AB16: =IF('[4]بيانات العقد'!$C$12="","",'[4]بيانات العقد'!$C$12)
B17: ضمان الأعمال المحتجز | F17: رصيد الدفعة المقدمة غير المسترد | J17: الاستقطاعات الفنية المحتجزة | N17: الغرامات والخصومات | R17: مستحق آخر مستخلص | V17: عدد المستخلصات المعتمدة | AA17: نوع العقد | AB17: =IF('[4]بيانات العقد'!$C$36="","",'[4]بيانات العقد'!$C$36)
B18: =IF($V$9=0,0,N(INDEX($O$25:$O$44,$V$9))) | F18: =MAX(0,$AB$9-IF($V$9=0,0,N(INDEX($N$25:$N$44,$V$9)))) | J18: =IF($V$9=0,0,N(INDEX($P$25:$P$44,$V$9))) | N18: =IF($V$9=0,0,N(INDEX($Q$25:$Q$44,$V$9))) | R18: =IF($V$9=0,0,N(INDEX($U$25:$U$44,$V$9))) | V18: =COUNTIF(E25:E44,"معتمد") | AA18: الرقم الضريبي للمقاول | AB18: =IF('[4]بيانات العقد'!$C$37="","",'[4]بيانات العقد'!$C$37)
AA19: الرقم الضريبي لصاحب العمل | AB19: =IF('[4]بيانات العقد'!$C$39="","",'[4]بيانات العقد'!$C$39)
B20: الموازنة التقديرية (BAC) | F20: التكلفة الفعلية التراكمية | J20: الربح الفعلي التراكمي | N20: هامش الربح الفعلي | R20: مؤشر أداء التكلفة (CPI) | V20: الربح المتوقع عند الإنجاز | AA20: انتهاء الضمان النهائي | AB20: =IF('[4]بيانات العقد'!$C$42="","",'[4]بيانات العقد'!$C$42)
B21: =N('[4]الموازنة والتكاليف'!$D$66) | F21: =N('[4]الموازنة والتكاليف'!$D$70) | J21: =N('[4]الموازنة والتكاليف'!$D$72) | N21: =N('[4]الموازنة والتكاليف'!$D$73) | R21: =N('[4]الموازنة والتكاليف'!$D$74) | V21: =N('[4]الموازنة والتكاليف'!$D$76) | AA21: انتهاء ضمان الدفعة المقدمة | AB21: =IF('[4]بيانات العقد'!$C$43="","",'[4]بيانات العقد'!$C$43)
AA22: حالة غرامات التأخير | AB22: =IF('[4]بيانات العقد'!$C$47="","",'[4]بيانات العقد'!$C$47)
B23: سجل المستخلصات (مرتبط)
B24: رقم المستخلص | C24: الفترة إلى | D24: تاريخ الاعتماد | E24: حالة المستخلص | F24: أعمال الفترة | G24: الأعمال المنفذة التراكمية | H24: التغييرية التراكمية | I24: رصيد المواد بالموقع | J24: إجمالي القيمة التراكمية | K24: نسبة الإنجاز الفعلية | L24: نسبة الإنجاز المخططة | M24: الانحراف | N24: استرداد الدفعة المقدمة | O24: صافي الضمان المحتجز | P24: الاستقطاعات الفنية | Q24: الغرامات والخصومات | R24: ضريبة القيمة المضافة | S24: ضريبة الاستقطاع | T24: صافي المستحق التراكمي | U24: المستحق للمستخلص الحالي | V24: المحصل | W24: المتبقي | X24: مدة التحصيل (يوم) | Y24: حالة التحصيل | AA24: التنبيهات النظامية
B25: 1 | C25: =IF('[4]سجل المستخلصات'!$C$6="","",'[4]سجل المستخلصات'!$C$6) | D25: =IF('[4]سجل المستخلصات'!$E$6="","",'[4]سجل المستخلصات'!$E$6) | E25: =IF('[4]سجل المستخلصات'!$F$6="","",'[4]سجل المستخلصات'!$F$6) | F25: =IF('[4]سجل المستخلصات'!$H$6="","",'[4]سجل المستخلصات'!$H$6) | G25: =IF('[4]سجل المستخلصات'!$G$6="","",'[4]سجل المستخلصات'!$G$6) | H25: =IF('[4]سجل المستخلصات'!$I$6="","",'[4]سجل المستخلصات'!$I$6) | I25: =IF('[4]سجل المستخلصات'!$J$6="","",'[4]سجل المستخلصات'!$J$6) | J25: =IF('[4]سجل المستخلصات'!$K$6="","",'[4]سجل المستخلصات'!$K$6) | K25: =IF('[4]سجل المستخلصات'!$L$6="","",'[4]سجل المستخلصات'!$L$6) | L25: =IF('[4]سجل المستخلصات'!$M$6="","",'[4]سجل المستخلصات'!$M$6) | M25: =IF('[4]سجل المستخلصات'!$N$6="","",'[4]سجل المستخلصات'!$N$6) | N25: =IF('[4]سجل المستخلصات'!$O$6="","",'[4]سجل المستخلصات'!$O$6) | O25: =IF('[4]سجل المستخلصات'!$R$6="","",'[4]سجل المستخلصات'!$R$6) | P25: =IF('[4]سجل المستخلصات'!$S$6="","",'[4]سجل المستخلصات'!$S$6) | Q25: =IF('[4]سجل المستخلصات'!$T$6="","",'[4]سجل المستخلصات'!$T$6) | R25: =IF('[4]سجل المستخلصات'!$V$6="","",'[4]سجل المستخلصات'!$V$6) | S25: =IF('[4]سجل المستخلصات'!$W$6="","",'[4]سجل المستخلصات'!$W$6) | T25: =IF('[4]سجل المستخلصات'!$X$6="","",'[4]سجل المستخلصات'!$X$6) | U25: =IF('[4]سجل المستخلصات'!$Z$6="","",'[4]سجل المستخلصات'!$Z$6) | V25: =IF('[4]سجل المستخلصات'!$AA$6="","",'[4]سجل المستخلصات'!$AA$6) | W25: =IF('[4]سجل المستخلصات'!$AC$6="","",'[4]سجل المستخلصات'!$AC$6) | X25: =IF('[4]سجل المستخلصات'!$AD$6="","",'[4]سجل المستخلصات'!$AD$6) | Y25: =IF('[4]سجل المستخلصات'!$AE$6="","",'[4]سجل المستخلصات'!$AE$6) | AA25: =IF($AB$7=0,"",IF(AND($AB$20<>"",N($AB$20)-TODAY()<=30),"⚠ الضمان النهائي ينتهي خلال 30 يوماً — ","")&IF(AND($AB$21<>"",N($AB$21)-TODAY()<=30,$F$18>0),"⚠ ضمان الدفعة المقدمة ينتهي والرصيد لم يُسترد — ","")&IF(ISNUMBER(SEARCH("⚠",$AB$22)),"⚠ الغرامات تجاوزت الحد الأقصى — ","")&IF($J$15>0,"مستحقات غير محصلة","")&"")
B26: 2 | C26: =IF('[4]سجل المستخلصات'!$C$7="","",'[4]سجل المستخلصات'!$C$7) | D26: =IF('[4]سجل المستخلصات'!$E$7="","",'[4]سجل المستخلصات'!$E$7) | E26: =IF('[4]سجل المستخلصات'!$F$7="","",'[4]سجل المستخلصات'!$F$7) | F26: =IF('[4]سجل المستخلصات'!$H$7="","",'[4]سجل المستخلصات'!$H$7) | G26: =IF('[4]سجل المستخلصات'!$G$7="","",'[4]سجل المستخلصات'!$G$7) | H26: =IF('[4]سجل المستخلصات'!$I$7="","",'[4]سجل المستخلصات'!$I$7) | I26: =IF('[4]سجل المستخلصات'!$J$7="","",'[4]سجل المستخلصات'!$J$7) | J26: =IF('[4]سجل المستخلصات'!$K$7="","",'[4]سجل المستخلصات'!$K$7) | K26: =IF('[4]سجل المستخلصات'!$L$7="","",'[4]سجل المستخلصات'!$L$7) | L26: =IF('[4]سجل المستخلصات'!$M$7="","",'[4]سجل المستخلصات'!$M$7) | M26: =IF('[4]سجل المستخلصات'!$N$7="","",'[4]سجل المستخلصات'!$N$7) | N26: =IF('[4]سجل المستخلصات'!$O$7="","",'[4]سجل المستخلصات'!$O$7) | O26: =IF('[4]سجل المستخلصات'!$R$7="","",'[4]سجل المستخلصات'!$R$7) | P26: =IF('[4]سجل المستخلصات'!$S$7="","",'[4]سجل المستخلصات'!$S$7) | Q26: =IF('[4]سجل المستخلصات'!$T$7="","",'[4]سجل المستخلصات'!$T$7) | R26: =IF('[4]سجل المستخلصات'!$V$7="","",'[4]سجل المستخلصات'!$V$7) | S26: =IF('[4]سجل المستخلصات'!$W$7="","",'[4]سجل المستخلصات'!$W$7) | T26: =IF('[4]سجل المستخلصات'!$X$7="","",'[4]سجل المستخلصات'!$X$7) | U26: =IF('[4]سجل المستخلصات'!$Z$7="","",'[4]سجل المستخلصات'!$Z$7) | V26: =IF('[4]سجل المستخلصات'!$AA$7="","",'[4]سجل المستخلصات'!$AA$7) | W26: =IF('[4]سجل المستخلصات'!$AC$7="","",'[4]سجل المستخلصات'!$AC$7) | X26: =IF('[4]سجل المستخلصات'!$AD$7="","",'[4]سجل المستخلصات'!$AD$7) | Y26: =IF('[4]سجل المستخلصات'!$AE$7="","",'[4]سجل المستخلصات'!$AE$7)
B27: 3 | C27: =IF('[4]سجل المستخلصات'!$C$8="","",'[4]سجل المستخلصات'!$C$8) | D27: =IF('[4]سجل المستخلصات'!$E$8="","",'[4]سجل المستخلصات'!$E$8) | E27: =IF('[4]سجل المستخلصات'!$F$8="","",'[4]سجل المستخلصات'!$F$8) | F27: =IF('[4]سجل المستخلصات'!$H$8="","",'[4]سجل المستخلصات'!$H$8) | G27: =IF('[4]سجل المستخلصات'!$G$8="","",'[4]سجل المستخلصات'!$G$8) | H27: =IF('[4]سجل المستخلصات'!$I$8="","",'[4]سجل المستخلصات'!$I$8) | I27: =IF('[4]سجل المستخلصات'!$J$8="","",'[4]سجل المستخلصات'!$J$8) | J27: =IF('[4]سجل المستخلصات'!$K$8="","",'[4]سجل المستخلصات'!$K$8) | K27: =IF('[4]سجل المستخلصات'!$L$8="","",'[4]سجل المستخلصات'!$L$8) | L27: =IF('[4]سجل المستخلصات'!$M$8="","",'[4]سجل المستخلصات'!$M$8) | M27: =IF('[4]سجل المستخلصات'!$N$8="","",'[4]سجل المستخلصات'!$N$8) | N27: =IF('[4]سجل المستخلصات'!$O$8="","",'[4]سجل المستخلصات'!$O$8) | O27: =IF('[4]سجل المستخلصات'!$R$8="","",'[4]سجل المستخلصات'!$R$8) | P27: =IF('[4]سجل المستخلصات'!$S$8="","",'[4]سجل المستخلصات'!$S$8) | Q27: =IF('[4]سجل المستخلصات'!$T$8="","",'[4]سجل المستخلصات'!$T$8) | R27: =IF('[4]سجل المستخلصات'!$V$8="","",'[4]سجل المستخلصات'!$V$8) | S27: =IF('[4]سجل المستخلصات'!$W$8="","",'[4]سجل المستخلصات'!$W$8) | T27: =IF('[4]سجل المستخلصات'!$X$8="","",'[4]سجل المستخلصات'!$X$8) | U27: =IF('[4]سجل المستخلصات'!$Z$8="","",'[4]سجل المستخلصات'!$Z$8) | V27: =IF('[4]سجل المستخلصات'!$AA$8="","",'[4]سجل المستخلصات'!$AA$8) | W27: =IF('[4]سجل المستخلصات'!$AC$8="","",'[4]سجل المستخلصات'!$AC$8) | X27: =IF('[4]سجل المستخلصات'!$AD$8="","",'[4]سجل المستخلصات'!$AD$8) | Y27: =IF('[4]سجل المستخلصات'!$AE$8="","",'[4]سجل المستخلصات'!$AE$8)
B28: 4 | C28: =IF('[4]سجل المستخلصات'!$C$9="","",'[4]سجل المستخلصات'!$C$9) | D28: =IF('[4]سجل المستخلصات'!$E$9="","",'[4]سجل المستخلصات'!$E$9) | E28: =IF('[4]سجل المستخلصات'!$F$9="","",'[4]سجل المستخلصات'!$F$9) | F28: =IF('[4]سجل المستخلصات'!$H$9="","",'[4]سجل المستخلصات'!$H$9) | G28: =IF('[4]سجل المستخلصات'!$G$9="","",'[4]سجل المستخلصات'!$G$9) | H28: =IF('[4]سجل المستخلصات'!$I$9="","",'[4]سجل المستخلصات'!$I$9) | I28: =IF('[4]سجل المستخلصات'!$J$9="","",'[4]سجل المستخلصات'!$J$9) | J28: =IF('[4]سجل المستخلصات'!$K$9="","",'[4]سجل المستخلصات'!$K$9) | K28: =IF('[4]سجل المستخلصات'!$L$9="","",'[4]سجل المستخلصات'!$L$9) | L28: =IF('[4]سجل المستخلصات'!$M$9="","",'[4]سجل المستخلصات'!$M$9) | M28: =IF('[4]سجل المستخلصات'!$N$9="","",'[4]سجل المستخلصات'!$N$9) | N28: =IF('[4]سجل المستخلصات'!$O$9="","",'[4]سجل المستخلصات'!$O$9) | O28: =IF('[4]سجل المستخلصات'!$R$9="","",'[4]سجل المستخلصات'!$R$9) | P28: =IF('[4]سجل المستخلصات'!$S$9="","",'[4]سجل المستخلصات'!$S$9) | Q28: =IF('[4]سجل المستخلصات'!$T$9="","",'[4]سجل المستخلصات'!$T$9) | R28: =IF('[4]سجل المستخلصات'!$V$9="","",'[4]سجل المستخلصات'!$V$9) | S28: =IF('[4]سجل المستخلصات'!$W$9="","",'[4]سجل المستخلصات'!$W$9) | T28: =IF('[4]سجل المستخلصات'!$X$9="","",'[4]سجل المستخلصات'!$X$9) | U28: =IF('[4]سجل المستخلصات'!$Z$9="","",'[4]سجل المستخلصات'!$Z$9) | V28: =IF('[4]سجل المستخلصات'!$AA$9="","",'[4]سجل المستخلصات'!$AA$9) | W28: =IF('[4]سجل المستخلصات'!$AC$9="","",'[4]سجل المستخلصات'!$AC$9) | X28: =IF('[4]سجل المستخلصات'!$AD$9="","",'[4]سجل المستخلصات'!$AD$9) | Y28: =IF('[4]سجل المستخلصات'!$AE$9="","",'[4]سجل المستخلصات'!$AE$9)
B29: 5 | C29: =IF('[4]سجل المستخلصات'!$C$10="","",'[4]سجل المستخلصات'!$C$10) | D29: =IF('[4]سجل المستخلصات'!$E$10="","",'[4]سجل المستخلصات'!$E$10) | E29: =IF('[4]سجل المستخلصات'!$F$10="","",'[4]سجل المستخلصات'!$F$10) | F29: =IF('[4]سجل المستخلصات'!$H$10="","",'[4]سجل المستخلصات'!$H$10) | G29: =IF('[4]سجل المستخلصات'!$G$10="","",'[4]سجل المستخلصات'!$G$10) | H29: =IF('[4]سجل المستخلصات'!$I$10="","",'[4]سجل المستخلصات'!$I$10) | I29: =IF('[4]سجل المستخلصات'!$J$10="","",'[4]سجل المستخلصات'!$J$10) | J29: =IF('[4]سجل المستخلصات'!$K$10="","",'[4]سجل المستخلصات'!$K$10) | K29: =IF('[4]سجل المستخلصات'!$L$10="","",'[4]سجل المستخلصات'!$L$10) | L29: =IF('[4]سجل المستخلصات'!$M$10="","",'[4]سجل المستخلصات'!$M$10) | M29: =IF('[4]سجل المستخلصات'!$N$10="","",'[4]سجل المستخلصات'!$N$10) | N29: =IF('[4]سجل المستخلصات'!$O$10="","",'[4]سجل المستخلصات'!$O$10) | O29: =IF('[4]سجل المستخلصات'!$R$10="","",'[4]سجل المستخلصات'!$R$10) | P29: =IF('[4]سجل المستخلصات'!$S$10="","",'[4]سجل المستخلصات'!$S$10) | Q29: =IF('[4]سجل المستخلصات'!$T$10="","",'[4]سجل المستخلصات'!$T$10) | R29: =IF('[4]سجل المستخلصات'!$V$10="","",'[4]سجل المستخلصات'!$V$10) | S29: =IF('[4]سجل المستخلصات'!$W$10="","",'[4]سجل المستخلصات'!$W$10) | T29: =IF('[4]سجل المستخلصات'!$X$10="","",'[4]سجل المستخلصات'!$X$10) | U29: =IF('[4]سجل المستخلصات'!$Z$10="","",'[4]سجل المستخلصات'!$Z$10) | V29: =IF('[4]سجل المستخلصات'!$AA$10="","",'[4]سجل المستخلصات'!$AA$10) | W29: =IF('[4]سجل المستخلصات'!$AC$10="","",'[4]سجل المستخلصات'!$AC$10) | X29: =IF('[4]سجل المستخلصات'!$AD$10="","",'[4]سجل المستخلصات'!$AD$10) | Y29: =IF('[4]سجل المستخلصات'!$AE$10="","",'[4]سجل المستخلصات'!$AE$10)
B30: 6 | C30: =IF('[4]سجل المستخلصات'!$C$11="","",'[4]سجل المستخلصات'!$C$11) | D30: =IF('[4]سجل المستخلصات'!$E$11="","",'[4]سجل المستخلصات'!$E$11) | E30: =IF('[4]سجل المستخلصات'!$F$11="","",'[4]سجل المستخلصات'!$F$11) | F30: =IF('[4]سجل المستخلصات'!$H$11="","",'[4]سجل المستخلصات'!$H$11) | G30: =IF('[4]سجل المستخلصات'!$G$11="","",'[4]سجل المستخلصات'!$G$11) | H30: =IF('[4]سجل المستخلصات'!$I$11="","",'[4]سجل المستخلصات'!$I$11) | I30: =IF('[4]سجل المستخلصات'!$J$11="","",'[4]سجل المستخلصات'!$J$11) | J30: =IF('[4]سجل المستخلصات'!$K$11="","",'[4]سجل المستخلصات'!$K$11) | K30: =IF('[4]سجل المستخلصات'!$L$11="","",'[4]سجل المستخلصات'!$L$11) | L30: =IF('[4]سجل المستخلصات'!$M$11="","",'[4]سجل المستخلصات'!$M$11) | M30: =IF('[4]سجل المستخلصات'!$N$11="","",'[4]سجل المستخلصات'!$N$11) | N30: =IF('[4]سجل المستخلصات'!$O$11="","",'[4]سجل المستخلصات'!$O$11) | O30: =IF('[4]سجل المستخلصات'!$R$11="","",'[4]سجل المستخلصات'!$R$11) | P30: =IF('[4]سجل المستخلصات'!$S$11="","",'[4]سجل المستخلصات'!$S$11) | Q30: =IF('[4]سجل المستخلصات'!$T$11="","",'[4]سجل المستخلصات'!$T$11) | R30: =IF('[4]سجل المستخلصات'!$V$11="","",'[4]سجل المستخلصات'!$V$11) | S30: =IF('[4]سجل المستخلصات'!$W$11="","",'[4]سجل المستخلصات'!$W$11) | T30: =IF('[4]سجل المستخلصات'!$X$11="","",'[4]سجل المستخلصات'!$X$11) | U30: =IF('[4]سجل المستخلصات'!$Z$11="","",'[4]سجل المستخلصات'!$Z$11) | V30: =IF('[4]سجل المستخلصات'!$AA$11="","",'[4]سجل المستخلصات'!$AA$11) | W30: =IF('[4]سجل المستخلصات'!$AC$11="","",'[4]سجل المستخلصات'!$AC$11) | X30: =IF('[4]سجل المستخلصات'!$AD$11="","",'[4]سجل المستخلصات'!$AD$11) | Y30: =IF('[4]سجل المستخلصات'!$AE$11="","",'[4]سجل المستخلصات'!$AE$11)
B31: 7 | C31: =IF('[4]سجل المستخلصات'!$C$12="","",'[4]سجل المستخلصات'!$C$12) | D31: =IF('[4]سجل المستخلصات'!$E$12="","",'[4]سجل المستخلصات'!$E$12) | E31: =IF('[4]سجل المستخلصات'!$F$12="","",'[4]سجل المستخلصات'!$F$12) | F31: =IF('[4]سجل المستخلصات'!$H$12="","",'[4]سجل المستخلصات'!$H$12) | G31: =IF('[4]سجل المستخلصات'!$G$12="","",'[4]سجل المستخلصات'!$G$12) | H31: =IF('[4]سجل المستخلصات'!$I$12="","",'[4]سجل المستخلصات'!$I$12) | I31: =IF('[4]سجل المستخلصات'!$J$12="","",'[4]سجل المستخلصات'!$J$12) | J31: =IF('[4]سجل المستخلصات'!$K$12="","",'[4]سجل المستخلصات'!$K$12) | K31: =IF('[4]سجل المستخلصات'!$L$12="","",'[4]سجل المستخلصات'!$L$12) | L31: =IF('[4]سجل المستخلصات'!$M$12="","",'[4]سجل المستخلصات'!$M$12) | M31: =IF('[4]سجل المستخلصات'!$N$12="","",'[4]سجل المستخلصات'!$N$12) | N31: =IF('[4]سجل المستخلصات'!$O$12="","",'[4]سجل المستخلصات'!$O$12) | O31: =IF('[4]سجل المستخلصات'!$R$12="","",'[4]سجل المستخلصات'!$R$12) | P31: =IF('[4]سجل المستخلصات'!$S$12="","",'[4]سجل المستخلصات'!$S$12) | Q31: =IF('[4]سجل المستخلصات'!$T$12="","",'[4]سجل المستخلصات'!$T$12) | R31: =IF('[4]سجل المستخلصات'!$V$12="","",'[4]سجل المستخلصات'!$V$12) | S31: =IF('[4]سجل المستخلصات'!$W$12="","",'[4]سجل المستخلصات'!$W$12) | T31: =IF('[4]سجل المستخلصات'!$X$12="","",'[4]سجل المستخلصات'!$X$12) | U31: =IF('[4]سجل المستخلصات'!$Z$12="","",'[4]سجل المستخلصات'!$Z$12) | V31: =IF('[4]سجل المستخلصات'!$AA$12="","",'[4]سجل المستخلصات'!$AA$12) | W31: =IF('[4]سجل المستخلصات'!$AC$12="","",'[4]سجل المستخلصات'!$AC$12) | X31: =IF('[4]سجل المستخلصات'!$AD$12="","",'[4]سجل المستخلصات'!$AD$12) | Y31: =IF('[4]سجل المستخلصات'!$AE$12="","",'[4]سجل المستخلصات'!$AE$12)
B32: 8 | C32: =IF('[4]سجل المستخلصات'!$C$13="","",'[4]سجل المستخلصات'!$C$13) | D32: =IF('[4]سجل المستخلصات'!$E$13="","",'[4]سجل المستخلصات'!$E$13) | E32: =IF('[4]سجل المستخلصات'!$F$13="","",'[4]سجل المستخلصات'!$F$13) | F32: =IF('[4]سجل المستخلصات'!$H$13="","",'[4]سجل المستخلصات'!$H$13) | G32: =IF('[4]سجل المستخلصات'!$G$13="","",'[4]سجل المستخلصات'!$G$13) | H32: =IF('[4]سجل المستخلصات'!$I$13="","",'[4]سجل المستخلصات'!$I$13) | I32: =IF('[4]سجل المستخلصات'!$J$13="","",'[4]سجل المستخلصات'!$J$13) | J32: =IF('[4]سجل المستخلصات'!$K$13="","",'[4]سجل المستخلصات'!$K$13) | K32: =IF('[4]سجل المستخلصات'!$L$13="","",'[4]سجل المستخلصات'!$L$13) | L32: =IF('[4]سجل المستخلصات'!$M$13="","",'[4]سجل المستخلصات'!$M$13) | M32: =IF('[4]سجل المستخلصات'!$N$13="","",'[4]سجل المستخلصات'!$N$13) | N32: =IF('[4]سجل المستخلصات'!$O$13="","",'[4]سجل المستخلصات'!$O$13) | O32: =IF('[4]سجل المستخلصات'!$R$13="","",'[4]سجل المستخلصات'!$R$13) | P32: =IF('[4]سجل المستخلصات'!$S$13="","",'[4]سجل المستخلصات'!$S$13) | Q32: =IF('[4]سجل المستخلصات'!$T$13="","",'[4]سجل المستخلصات'!$T$13) | R32: =IF('[4]سجل المستخلصات'!$V$13="","",'[4]سجل المستخلصات'!$V$13) | S32: =IF('[4]سجل المستخلصات'!$W$13="","",'[4]سجل المستخلصات'!$W$13) | T32: =IF('[4]سجل المستخلصات'!$X$13="","",'[4]سجل المستخلصات'!$X$13) | U32: =IF('[4]سجل المستخلصات'!$Z$13="","",'[4]سجل المستخلصات'!$Z$13) | V32: =IF('[4]سجل المستخلصات'!$AA$13="","",'[4]سجل المستخلصات'!$AA$13) | W32: =IF('[4]سجل المستخلصات'!$AC$13="","",'[4]سجل المستخلصات'!$AC$13) | X32: =IF('[4]سجل المستخلصات'!$AD$13="","",'[4]سجل المستخلصات'!$AD$13) | Y32: =IF('[4]سجل المستخلصات'!$AE$13="","",'[4]سجل المستخلصات'!$AE$13)
B33: 9 | C33: =IF('[4]سجل المستخلصات'!$C$14="","",'[4]سجل المستخلصات'!$C$14) | D33: =IF('[4]سجل المستخلصات'!$E$14="","",'[4]سجل المستخلصات'!$E$14) | E33: =IF('[4]سجل المستخلصات'!$F$14="","",'[4]سجل المستخلصات'!$F$14) | F33: =IF('[4]سجل المستخلصات'!$H$14="","",'[4]سجل المستخلصات'!$H$14) | G33: =IF('[4]سجل المستخلصات'!$G$14="","",'[4]سجل المستخلصات'!$G$14) | H33: =IF('[4]سجل المستخلصات'!$I$14="","",'[4]سجل المستخلصات'!$I$14) | I33: =IF('[4]سجل المستخلصات'!$J$14="","",'[4]سجل المستخلصات'!$J$14) | J33: =IF('[4]سجل المستخلصات'!$K$14="","",'[4]سجل المستخلصات'!$K$14) | K33: =IF('[4]سجل المستخلصات'!$L$14="","",'[4]سجل المستخلصات'!$L$14) | L33: =IF('[4]سجل المستخلصات'!$M$14="","",'[4]سجل المستخلصات'!$M$14) | M33: =IF('[4]سجل المستخلصات'!$N$14="","",'[4]سجل المستخلصات'!$N$14) | N33: =IF('[4]سجل المستخلصات'!$O$14="","",'[4]سجل المستخلصات'!$O$14) | O33: =IF('[4]سجل المستخلصات'!$R$14="","",'[4]سجل المستخلصات'!$R$14) | P33: =IF('[4]سجل المستخلصات'!$S$14="","",'[4]سجل المستخلصات'!$S$14) | Q33: =IF('[4]سجل المستخلصات'!$T$14="","",'[4]سجل المستخلصات'!$T$14) | R33: =IF('[4]سجل المستخلصات'!$V$14="","",'[4]سجل المستخلصات'!$V$14) | S33: =IF('[4]سجل المستخلصات'!$W$14="","",'[4]سجل المستخلصات'!$W$14) | T33: =IF('[4]سجل المستخلصات'!$X$14="","",'[4]سجل المستخلصات'!$X$14) | U33: =IF('[4]سجل المستخلصات'!$Z$14="","",'[4]سجل المستخلصات'!$Z$14) | V33: =IF('[4]سجل المستخلصات'!$AA$14="","",'[4]سجل المستخلصات'!$AA$14) | W33: =IF('[4]سجل المستخلصات'!$AC$14="","",'[4]سجل المستخلصات'!$AC$14) | X33: =IF('[4]سجل المستخلصات'!$AD$14="","",'[4]سجل المستخلصات'!$AD$14) | Y33: =IF('[4]سجل المستخلصات'!$AE$14="","",'[4]سجل المستخلصات'!$AE$14)
B34: 10 | C34: =IF('[4]سجل المستخلصات'!$C$15="","",'[4]سجل المستخلصات'!$C$15) | D34: =IF('[4]سجل المستخلصات'!$E$15="","",'[4]سجل المستخلصات'!$E$15) | E34: =IF('[4]سجل المستخلصات'!$F$15="","",'[4]سجل المستخلصات'!$F$15) | F34: =IF('[4]سجل المستخلصات'!$H$15="","",'[4]سجل المستخلصات'!$H$15) | G34: =IF('[4]سجل المستخلصات'!$G$15="","",'[4]سجل المستخلصات'!$G$15) | H34: =IF('[4]سجل المستخلصات'!$I$15="","",'[4]سجل المستخلصات'!$I$15) | I34: =IF('[4]سجل المستخلصات'!$J$15="","",'[4]سجل المستخلصات'!$J$15) | J34: =IF('[4]سجل المستخلصات'!$K$15="","",'[4]سجل المستخلصات'!$K$15) | K34: =IF('[4]سجل المستخلصات'!$L$15="","",'[4]سجل المستخلصات'!$L$15) | L34: =IF('[4]سجل المستخلصات'!$M$15="","",'[4]سجل المستخلصات'!$M$15) | M34: =IF('[4]سجل المستخلصات'!$N$15="","",'[4]سجل المستخلصات'!$N$15) | N34: =IF('[4]سجل المستخلصات'!$O$15="","",'[4]سجل المستخلصات'!$O$15) | O34: =IF('[4]سجل المستخلصات'!$R$15="","",'[4]سجل المستخلصات'!$R$15) | P34: =IF('[4]سجل المستخلصات'!$S$15="","",'[4]سجل المستخلصات'!$S$15) | Q34: =IF('[4]سجل المستخلصات'!$T$15="","",'[4]سجل المستخلصات'!$T$15) | R34: =IF('[4]سجل المستخلصات'!$V$15="","",'[4]سجل المستخلصات'!$V$15) | S34: =IF('[4]سجل المستخلصات'!$W$15="","",'[4]سجل المستخلصات'!$W$15) | T34: =IF('[4]سجل المستخلصات'!$X$15="","",'[4]سجل المستخلصات'!$X$15) | U34: =IF('[4]سجل المستخلصات'!$Z$15="","",'[4]سجل المستخلصات'!$Z$15) | V34: =IF('[4]سجل المستخلصات'!$AA$15="","",'[4]سجل المستخلصات'!$AA$15) | W34: =IF('[4]سجل المستخلصات'!$AC$15="","",'[4]سجل المستخلصات'!$AC$15) | X34: =IF('[4]سجل المستخلصات'!$AD$15="","",'[4]سجل المستخلصات'!$AD$15) | Y34: =IF('[4]سجل المستخلصات'!$AE$15="","",'[4]سجل المستخلصات'!$AE$15)
B35: 11 | C35: =IF('[4]سجل المستخلصات'!$C$16="","",'[4]سجل المستخلصات'!$C$16) | D35: =IF('[4]سجل المستخلصات'!$E$16="","",'[4]سجل المستخلصات'!$E$16) | E35: =IF('[4]سجل المستخلصات'!$F$16="","",'[4]سجل المستخلصات'!$F$16) | F35: =IF('[4]سجل المستخلصات'!$H$16="","",'[4]سجل المستخلصات'!$H$16) | G35: =IF('[4]سجل المستخلصات'!$G$16="","",'[4]سجل المستخلصات'!$G$16) | H35: =IF('[4]سجل المستخلصات'!$I$16="","",'[4]سجل المستخلصات'!$I$16) | I35: =IF('[4]سجل المستخلصات'!$J$16="","",'[4]سجل المستخلصات'!$J$16) | J35: =IF('[4]سجل المستخلصات'!$K$16="","",'[4]سجل المستخلصات'!$K$16) | K35: =IF('[4]سجل المستخلصات'!$L$16="","",'[4]سجل المستخلصات'!$L$16) | L35: =IF('[4]سجل المستخلصات'!$M$16="","",'[4]سجل المستخلصات'!$M$16) | M35: =IF('[4]سجل المستخلصات'!$N$16="","",'[4]سجل المستخلصات'!$N$16) | N35: =IF('[4]سجل المستخلصات'!$O$16="","",'[4]سجل المستخلصات'!$O$16) | O35: =IF('[4]سجل المستخلصات'!$R$16="","",'[4]سجل المستخلصات'!$R$16) | P35: =IF('[4]سجل المستخلصات'!$S$16="","",'[4]سجل المستخلصات'!$S$16) | Q35: =IF('[4]سجل المستخلصات'!$T$16="","",'[4]سجل المستخلصات'!$T$16) | R35: =IF('[4]سجل المستخلصات'!$V$16="","",'[4]سجل المستخلصات'!$V$16) | S35: =IF('[4]سجل المستخلصات'!$W$16="","",'[4]سجل المستخلصات'!$W$16) | T35: =IF('[4]سجل المستخلصات'!$X$16="","",'[4]سجل المستخلصات'!$X$16) | U35: =IF('[4]سجل المستخلصات'!$Z$16="","",'[4]سجل المستخلصات'!$Z$16) | V35: =IF('[4]سجل المستخلصات'!$AA$16="","",'[4]سجل المستخلصات'!$AA$16) | W35: =IF('[4]سجل المستخلصات'!$AC$16="","",'[4]سجل المستخلصات'!$AC$16) | X35: =IF('[4]سجل المستخلصات'!$AD$16="","",'[4]سجل المستخلصات'!$AD$16) | Y35: =IF('[4]سجل المستخلصات'!$AE$16="","",'[4]سجل المستخلصات'!$AE$16)
B36: 12 | C36: =IF('[4]سجل المستخلصات'!$C$17="","",'[4]سجل المستخلصات'!$C$17) | D36: =IF('[4]سجل المستخلصات'!$E$17="","",'[4]سجل المستخلصات'!$E$17) | E36: =IF('[4]سجل المستخلصات'!$F$17="","",'[4]سجل المستخلصات'!$F$17) | F36: =IF('[4]سجل المستخلصات'!$H$17="","",'[4]سجل المستخلصات'!$H$17) | G36: =IF('[4]سجل المستخلصات'!$G$17="","",'[4]سجل المستخلصات'!$G$17) | H36: =IF('[4]سجل المستخلصات'!$I$17="","",'[4]سجل المستخلصات'!$I$17) | I36: =IF('[4]سجل المستخلصات'!$J$17="","",'[4]سجل المستخلصات'!$J$17) | J36: =IF('[4]سجل المستخلصات'!$K$17="","",'[4]سجل المستخلصات'!$K$17) | K36: =IF('[4]سجل المستخلصات'!$L$17="","",'[4]سجل المستخلصات'!$L$17) | L36: =IF('[4]سجل المستخلصات'!$M$17="","",'[4]سجل المستخلصات'!$M$17) | M36: =IF('[4]سجل المستخلصات'!$N$17="","",'[4]سجل المستخلصات'!$N$17) | N36: =IF('[4]سجل المستخلصات'!$O$17="","",'[4]سجل المستخلصات'!$O$17) | O36: =IF('[4]سجل المستخلصات'!$R$17="","",'[4]سجل المستخلصات'!$R$17) | P36: =IF('[4]سجل المستخلصات'!$S$17="","",'[4]سجل المستخلصات'!$S$17) | Q36: =IF('[4]سجل المستخلصات'!$T$17="","",'[4]سجل المستخلصات'!$T$17) | R36: =IF('[4]سجل المستخلصات'!$V$17="","",'[4]سجل المستخلصات'!$V$17) | S36: =IF('[4]سجل المستخلصات'!$W$17="","",'[4]سجل المستخلصات'!$W$17) | T36: =IF('[4]سجل المستخلصات'!$X$17="","",'[4]سجل المستخلصات'!$X$17) | U36: =IF('[4]سجل المستخلصات'!$Z$17="","",'[4]سجل المستخلصات'!$Z$17) | V36: =IF('[4]سجل المستخلصات'!$AA$17="","",'[4]سجل المستخلصات'!$AA$17) | W36: =IF('[4]سجل المستخلصات'!$AC$17="","",'[4]سجل المستخلصات'!$AC$17) | X36: =IF('[4]سجل المستخلصات'!$AD$17="","",'[4]سجل المستخلصات'!$AD$17) | Y36: =IF('[4]سجل المستخلصات'!$AE$17="","",'[4]سجل المستخلصات'!$AE$17)
B37: 13 | C37: =IF('[4]سجل المستخلصات'!$C$18="","",'[4]سجل المستخلصات'!$C$18) | D37: =IF('[4]سجل المستخلصات'!$E$18="","",'[4]سجل المستخلصات'!$E$18) | E37: =IF('[4]سجل المستخلصات'!$F$18="","",'[4]سجل المستخلصات'!$F$18) | F37: =IF('[4]سجل المستخلصات'!$H$18="","",'[4]سجل المستخلصات'!$H$18) | G37: =IF('[4]سجل المستخلصات'!$G$18="","",'[4]سجل المستخلصات'!$G$18) | H37: =IF('[4]سجل المستخلصات'!$I$18="","",'[4]سجل المستخلصات'!$I$18) | I37: =IF('[4]سجل المستخلصات'!$J$18="","",'[4]سجل المستخلصات'!$J$18) | J37: =IF('[4]سجل المستخلصات'!$K$18="","",'[4]سجل المستخلصات'!$K$18) | K37: =IF('[4]سجل المستخلصات'!$L$18="","",'[4]سجل المستخلصات'!$L$18) | L37: =IF('[4]سجل المستخلصات'!$M$18="","",'[4]سجل المستخلصات'!$M$18) | M37: =IF('[4]سجل المستخلصات'!$N$18="","",'[4]سجل المستخلصات'!$N$18) | N37: =IF('[4]سجل المستخلصات'!$O$18="","",'[4]سجل المستخلصات'!$O$18) | O37: =IF('[4]سجل المستخلصات'!$R$18="","",'[4]سجل المستخلصات'!$R$18) | P37: =IF('[4]سجل المستخلصات'!$S$18="","",'[4]سجل المستخلصات'!$S$18) | Q37: =IF('[4]سجل المستخلصات'!$T$18="","",'[4]سجل المستخلصات'!$T$18) | R37: =IF('[4]سجل المستخلصات'!$V$18="","",'[4]سجل المستخلصات'!$V$18) | S37: =IF('[4]سجل المستخلصات'!$W$18="","",'[4]سجل المستخلصات'!$W$18) | T37: =IF('[4]سجل المستخلصات'!$X$18="","",'[4]سجل المستخلصات'!$X$18) | U37: =IF('[4]سجل المستخلصات'!$Z$18="","",'[4]سجل المستخلصات'!$Z$18) | V37: =IF('[4]سجل المستخلصات'!$AA$18="","",'[4]سجل المستخلصات'!$AA$18) | W37: =IF('[4]سجل المستخلصات'!$AC$18="","",'[4]سجل المستخلصات'!$AC$18) | X37: =IF('[4]سجل المستخلصات'!$AD$18="","",'[4]سجل المستخلصات'!$AD$18) | Y37: =IF('[4]سجل المستخلصات'!$AE$18="","",'[4]سجل المستخلصات'!$AE$18)
B38: 14 | C38: =IF('[4]سجل المستخلصات'!$C$19="","",'[4]سجل المستخلصات'!$C$19) | D38: =IF('[4]سجل المستخلصات'!$E$19="","",'[4]سجل المستخلصات'!$E$19) | E38: =IF('[4]سجل المستخلصات'!$F$19="","",'[4]سجل المستخلصات'!$F$19) | F38: =IF('[4]سجل المستخلصات'!$H$19="","",'[4]سجل المستخلصات'!$H$19) | G38: =IF('[4]سجل المستخلصات'!$G$19="","",'[4]سجل المستخلصات'!$G$19) | H38: =IF('[4]سجل المستخلصات'!$I$19="","",'[4]سجل المستخلصات'!$I$19) | I38: =IF('[4]سجل المستخلصات'!$J$19="","",'[4]سجل المستخلصات'!$J$19) | J38: =IF('[4]سجل المستخلصات'!$K$19="","",'[4]سجل المستخلصات'!$K$19) | K38: =IF('[4]سجل المستخلصات'!$L$19="","",'[4]سجل المستخلصات'!$L$19) | L38: =IF('[4]سجل المستخلصات'!$M$19="","",'[4]سجل المستخلصات'!$M$19) | M38: =IF('[4]سجل المستخلصات'!$N$19="","",'[4]سجل المستخلصات'!$N$19) | N38: =IF('[4]سجل المستخلصات'!$O$19="","",'[4]سجل المستخلصات'!$O$19) | O38: =IF('[4]سجل المستخلصات'!$R$19="","",'[4]سجل المستخلصات'!$R$19) | P38: =IF('[4]سجل المستخلصات'!$S$19="","",'[4]سجل المستخلصات'!$S$19) | Q38: =IF('[4]سجل المستخلصات'!$T$19="","",'[4]سجل المستخلصات'!$T$19) | R38: =IF('[4]سجل المستخلصات'!$V$19="","",'[4]سجل المستخلصات'!$V$19) | S38: =IF('[4]سجل المستخلصات'!$W$19="","",'[4]سجل المستخلصات'!$W$19) | T38: =IF('[4]سجل المستخلصات'!$X$19="","",'[4]سجل المستخلصات'!$X$19) | U38: =IF('[4]سجل المستخلصات'!$Z$19="","",'[4]سجل المستخلصات'!$Z$19) | V38: =IF('[4]سجل المستخلصات'!$AA$19="","",'[4]سجل المستخلصات'!$AA$19) | W38: =IF('[4]سجل المستخلصات'!$AC$19="","",'[4]سجل المستخلصات'!$AC$19) | X38: =IF('[4]سجل المستخلصات'!$AD$19="","",'[4]سجل المستخلصات'!$AD$19) | Y38: =IF('[4]سجل المستخلصات'!$AE$19="","",'[4]سجل المستخلصات'!$AE$19)
B39: 15 | C39: =IF('[4]سجل المستخلصات'!$C$20="","",'[4]سجل المستخلصات'!$C$20) | D39: =IF('[4]سجل المستخلصات'!$E$20="","",'[4]سجل المستخلصات'!$E$20) | E39: =IF('[4]سجل المستخلصات'!$F$20="","",'[4]سجل المستخلصات'!$F$20) | F39: =IF('[4]سجل المستخلصات'!$H$20="","",'[4]سجل المستخلصات'!$H$20) | G39: =IF('[4]سجل المستخلصات'!$G$20="","",'[4]سجل المستخلصات'!$G$20) | H39: =IF('[4]سجل المستخلصات'!$I$20="","",'[4]سجل المستخلصات'!$I$20) | I39: =IF('[4]سجل المستخلصات'!$J$20="","",'[4]سجل المستخلصات'!$J$20) | J39: =IF('[4]سجل المستخلصات'!$K$20="","",'[4]سجل المستخلصات'!$K$20) | K39: =IF('[4]سجل المستخلصات'!$L$20="","",'[4]سجل المستخلصات'!$L$20) | L39: =IF('[4]سجل المستخلصات'!$M$20="","",'[4]سجل المستخلصات'!$M$20) | M39: =IF('[4]سجل المستخلصات'!$N$20="","",'[4]سجل المستخلصات'!$N$20) | N39: =IF('[4]سجل المستخلصات'!$O$20="","",'[4]سجل المستخلصات'!$O$20) | O39: =IF('[4]سجل المستخلصات'!$R$20="","",'[4]سجل المستخلصات'!$R$20) | P39: =IF('[4]سجل المستخلصات'!$S$20="","",'[4]سجل المستخلصات'!$S$20) | Q39: =IF('[4]سجل المستخلصات'!$T$20="","",'[4]سجل المستخلصات'!$T$20) | R39: =IF('[4]سجل المستخلصات'!$V$20="","",'[4]سجل المستخلصات'!$V$20) | S39: =IF('[4]سجل المستخلصات'!$W$20="","",'[4]سجل المستخلصات'!$W$20) | T39: =IF('[4]سجل المستخلصات'!$X$20="","",'[4]سجل المستخلصات'!$X$20) | U39: =IF('[4]سجل المستخلصات'!$Z$20="","",'[4]سجل المستخلصات'!$Z$20) | V39: =IF('[4]سجل المستخلصات'!$AA$20="","",'[4]سجل المستخلصات'!$AA$20) | W39: =IF('[4]سجل المستخلصات'!$AC$20="","",'[4]سجل المستخلصات'!$AC$20) | X39: =IF('[4]سجل المستخلصات'!$AD$20="","",'[4]سجل المستخلصات'!$AD$20) | Y39: =IF('[4]سجل المستخلصات'!$AE$20="","",'[4]سجل المستخلصات'!$AE$20)
B40: 16 | C40: =IF('[4]سجل المستخلصات'!$C$21="","",'[4]سجل المستخلصات'!$C$21) | D40: =IF('[4]سجل المستخلصات'!$E$21="","",'[4]سجل المستخلصات'!$E$21) | E40: =IF('[4]سجل المستخلصات'!$F$21="","",'[4]سجل المستخلصات'!$F$21) | F40: =IF('[4]سجل المستخلصات'!$H$21="","",'[4]سجل المستخلصات'!$H$21) | G40: =IF('[4]سجل المستخلصات'!$G$21="","",'[4]سجل المستخلصات'!$G$21) | H40: =IF('[4]سجل المستخلصات'!$I$21="","",'[4]سجل المستخلصات'!$I$21) | I40: =IF('[4]سجل المستخلصات'!$J$21="","",'[4]سجل المستخلصات'!$J$21) | J40: =IF('[4]سجل المستخلصات'!$K$21="","",'[4]سجل المستخلصات'!$K$21) | K40: =IF('[4]سجل المستخلصات'!$L$21="","",'[4]سجل المستخلصات'!$L$21) | L40: =IF('[4]سجل المستخلصات'!$M$21="","",'[4]سجل المستخلصات'!$M$21) | M40: =IF('[4]سجل المستخلصات'!$N$21="","",'[4]سجل المستخلصات'!$N$21) | N40: =IF('[4]سجل المستخلصات'!$O$21="","",'[4]سجل المستخلصات'!$O$21) | O40: =IF('[4]سجل المستخلصات'!$R$21="","",'[4]سجل المستخلصات'!$R$21) | P40: =IF('[4]سجل المستخلصات'!$S$21="","",'[4]سجل المستخلصات'!$S$21) | Q40: =IF('[4]سجل المستخلصات'!$T$21="","",'[4]سجل المستخلصات'!$T$21) | R40: =IF('[4]سجل المستخلصات'!$V$21="","",'[4]سجل المستخلصات'!$V$21) | S40: =IF('[4]سجل المستخلصات'!$W$21="","",'[4]سجل المستخلصات'!$W$21) | T40: =IF('[4]سجل المستخلصات'!$X$21="","",'[4]سجل المستخلصات'!$X$21) | U40: =IF('[4]سجل المستخلصات'!$Z$21="","",'[4]سجل المستخلصات'!$Z$21) | V40: =IF('[4]سجل المستخلصات'!$AA$21="","",'[4]سجل المستخلصات'!$AA$21) | W40: =IF('[4]سجل المستخلصات'!$AC$21="","",'[4]سجل المستخلصات'!$AC$21) | X40: =IF('[4]سجل المستخلصات'!$AD$21="","",'[4]سجل المستخلصات'!$AD$21) | Y40: =IF('[4]سجل المستخلصات'!$AE$21="","",'[4]سجل المستخلصات'!$AE$21)
B41: 17 | C41: =IF('[4]سجل المستخلصات'!$C$22="","",'[4]سجل المستخلصات'!$C$22) | D41: =IF('[4]سجل المستخلصات'!$E$22="","",'[4]سجل المستخلصات'!$E$22) | E41: =IF('[4]سجل المستخلصات'!$F$22="","",'[4]سجل المستخلصات'!$F$22) | F41: =IF('[4]سجل المستخلصات'!$H$22="","",'[4]سجل المستخلصات'!$H$22) | G41: =IF('[4]سجل المستخلصات'!$G$22="","",'[4]سجل المستخلصات'!$G$22) | H41: =IF('[4]سجل المستخلصات'!$I$22="","",'[4]سجل المستخلصات'!$I$22) | I41: =IF('[4]سجل المستخلصات'!$J$22="","",'[4]سجل المستخلصات'!$J$22) | J41: =IF('[4]سجل المستخلصات'!$K$22="","",'[4]سجل المستخلصات'!$K$22) | K41: =IF('[4]سجل المستخلصات'!$L$22="","",'[4]سجل المستخلصات'!$L$22) | L41: =IF('[4]سجل المستخلصات'!$M$22="","",'[4]سجل المستخلصات'!$M$22) | M41: =IF('[4]سجل المستخلصات'!$N$22="","",'[4]سجل المستخلصات'!$N$22) | N41: =IF('[4]سجل المستخلصات'!$O$22="","",'[4]سجل المستخلصات'!$O$22) | O41: =IF('[4]سجل المستخلصات'!$R$22="","",'[4]سجل المستخلصات'!$R$22) | P41: =IF('[4]سجل المستخلصات'!$S$22="","",'[4]سجل المستخلصات'!$S$22) | Q41: =IF('[4]سجل المستخلصات'!$T$22="","",'[4]سجل المستخلصات'!$T$22) | R41: =IF('[4]سجل المستخلصات'!$V$22="","",'[4]سجل المستخلصات'!$V$22) | S41: =IF('[4]سجل المستخلصات'!$W$22="","",'[4]سجل المستخلصات'!$W$22) | T41: =IF('[4]سجل المستخلصات'!$X$22="","",'[4]سجل المستخلصات'!$X$22) | U41: =IF('[4]سجل المستخلصات'!$Z$22="","",'[4]سجل المستخلصات'!$Z$22) | V41: =IF('[4]سجل المستخلصات'!$AA$22="","",'[4]سجل المستخلصات'!$AA$22) | W41: =IF('[4]سجل المستخلصات'!$AC$22="","",'[4]سجل المستخلصات'!$AC$22) | X41: =IF('[4]سجل المستخلصات'!$AD$22="","",'[4]سجل المستخلصات'!$AD$22) | Y41: =IF('[4]سجل المستخلصات'!$AE$22="","",'[4]سجل المستخلصات'!$AE$22)
B42: 18 | C42: =IF('[4]سجل المستخلصات'!$C$23="","",'[4]سجل المستخلصات'!$C$23) | D42: =IF('[4]سجل المستخلصات'!$E$23="","",'[4]سجل المستخلصات'!$E$23) | E42: =IF('[4]سجل المستخلصات'!$F$23="","",'[4]سجل المستخلصات'!$F$23) | F42: =IF('[4]سجل المستخلصات'!$H$23="","",'[4]سجل المستخلصات'!$H$23) | G42: =IF('[4]سجل المستخلصات'!$G$23="","",'[4]سجل المستخلصات'!$G$23) | H42: =IF('[4]سجل المستخلصات'!$I$23="","",'[4]سجل المستخلصات'!$I$23) | I42: =IF('[4]سجل المستخلصات'!$J$23="","",'[4]سجل المستخلصات'!$J$23) | J42: =IF('[4]سجل المستخلصات'!$K$23="","",'[4]سجل المستخلصات'!$K$23) | K42: =IF('[4]سجل المستخلصات'!$L$23="","",'[4]سجل المستخلصات'!$L$23) | L42: =IF('[4]سجل المستخلصات'!$M$23="","",'[4]سجل المستخلصات'!$M$23) | M42: =IF('[4]سجل المستخلصات'!$N$23="","",'[4]سجل المستخلصات'!$N$23) | N42: =IF('[4]سجل المستخلصات'!$O$23="","",'[4]سجل المستخلصات'!$O$23) | O42: =IF('[4]سجل المستخلصات'!$R$23="","",'[4]سجل المستخلصات'!$R$23) | P42: =IF('[4]سجل المستخلصات'!$S$23="","",'[4]سجل المستخلصات'!$S$23) | Q42: =IF('[4]سجل المستخلصات'!$T$23="","",'[4]سجل المستخلصات'!$T$23) | R42: =IF('[4]سجل المستخلصات'!$V$23="","",'[4]سجل المستخلصات'!$V$23) | S42: =IF('[4]سجل المستخلصات'!$W$23="","",'[4]سجل المستخلصات'!$W$23) | T42: =IF('[4]سجل المستخلصات'!$X$23="","",'[4]سجل المستخلصات'!$X$23) | U42: =IF('[4]سجل المستخلصات'!$Z$23="","",'[4]سجل المستخلصات'!$Z$23) | V42: =IF('[4]سجل المستخلصات'!$AA$23="","",'[4]سجل المستخلصات'!$AA$23) | W42: =IF('[4]سجل المستخلصات'!$AC$23="","",'[4]سجل المستخلصات'!$AC$23) | X42: =IF('[4]سجل المستخلصات'!$AD$23="","",'[4]سجل المستخلصات'!$AD$23) | Y42: =IF('[4]سجل المستخلصات'!$AE$23="","",'[4]سجل المستخلصات'!$AE$23)
B43: 19 | C43: =IF('[4]سجل المستخلصات'!$C$24="","",'[4]سجل المستخلصات'!$C$24) | D43: =IF('[4]سجل المستخلصات'!$E$24="","",'[4]سجل المستخلصات'!$E$24) | E43: =IF('[4]سجل المستخلصات'!$F$24="","",'[4]سجل المستخلصات'!$F$24) | F43: =IF('[4]سجل المستخلصات'!$H$24="","",'[4]سجل المستخلصات'!$H$24) | G43: =IF('[4]سجل المستخلصات'!$G$24="","",'[4]سجل المستخلصات'!$G$24) | H43: =IF('[4]سجل المستخلصات'!$I$24="","",'[4]سجل المستخلصات'!$I$24) | I43: =IF('[4]سجل المستخلصات'!$J$24="","",'[4]سجل المستخلصات'!$J$24) | J43: =IF('[4]سجل المستخلصات'!$K$24="","",'[4]سجل المستخلصات'!$K$24) | K43: =IF('[4]سجل المستخلصات'!$L$24="","",'[4]سجل المستخلصات'!$L$24) | L43: =IF('[4]سجل المستخلصات'!$M$24="","",'[4]سجل المستخلصات'!$M$24) | M43: =IF('[4]سجل المستخلصات'!$N$24="","",'[4]سجل المستخلصات'!$N$24) | N43: =IF('[4]سجل المستخلصات'!$O$24="","",'[4]سجل المستخلصات'!$O$24) | O43: =IF('[4]سجل المستخلصات'!$R$24="","",'[4]سجل المستخلصات'!$R$24) | P43: =IF('[4]سجل المستخلصات'!$S$24="","",'[4]سجل المستخلصات'!$S$24) | Q43: =IF('[4]سجل المستخلصات'!$T$24="","",'[4]سجل المستخلصات'!$T$24) | R43: =IF('[4]سجل المستخلصات'!$V$24="","",'[4]سجل المستخلصات'!$V$24) | S43: =IF('[4]سجل المستخلصات'!$W$24="","",'[4]سجل المستخلصات'!$W$24) | T43: =IF('[4]سجل المستخلصات'!$X$24="","",'[4]سجل المستخلصات'!$X$24) | U43: =IF('[4]سجل المستخلصات'!$Z$24="","",'[4]سجل المستخلصات'!$Z$24) | V43: =IF('[4]سجل المستخلصات'!$AA$24="","",'[4]سجل المستخلصات'!$AA$24) | W43: =IF('[4]سجل المستخلصات'!$AC$24="","",'[4]سجل المستخلصات'!$AC$24) | X43: =IF('[4]سجل المستخلصات'!$AD$24="","",'[4]سجل المستخلصات'!$AD$24) | Y43: =IF('[4]سجل المستخلصات'!$AE$24="","",'[4]سجل المستخلصات'!$AE$24)
B44: 20 | C44: =IF('[4]سجل المستخلصات'!$C$25="","",'[4]سجل المستخلصات'!$C$25) | D44: =IF('[4]سجل المستخلصات'!$E$25="","",'[4]سجل المستخلصات'!$E$25) | E44: =IF('[4]سجل المستخلصات'!$F$25="","",'[4]سجل المستخلصات'!$F$25) | F44: =IF('[4]سجل المستخلصات'!$H$25="","",'[4]سجل المستخلصات'!$H$25) | G44: =IF('[4]سجل المستخلصات'!$G$25="","",'[4]سجل المستخلصات'!$G$25) | H44: =IF('[4]سجل المستخلصات'!$I$25="","",'[4]سجل المستخلصات'!$I$25) | I44: =IF('[4]سجل المستخلصات'!$J$25="","",'[4]سجل المستخلصات'!$J$25) | J44: =IF('[4]سجل المستخلصات'!$K$25="","",'[4]سجل المستخلصات'!$K$25) | K44: =IF('[4]سجل المستخلصات'!$L$25="","",'[4]سجل المستخلصات'!$L$25) | L44: =IF('[4]سجل المستخلصات'!$M$25="","",'[4]سجل المستخلصات'!$M$25) | M44: =IF('[4]سجل المستخلصات'!$N$25="","",'[4]سجل المستخلصات'!$N$25) | N44: =IF('[4]سجل المستخلصات'!$O$25="","",'[4]سجل المستخلصات'!$O$25) | O44: =IF('[4]سجل المستخلصات'!$R$25="","",'[4]سجل المستخلصات'!$R$25) | P44: =IF('[4]سجل المستخلصات'!$S$25="","",'[4]سجل المستخلصات'!$S$25) | Q44: =IF('[4]سجل المستخلصات'!$T$25="","",'[4]سجل المستخلصات'!$T$25) | R44: =IF('[4]سجل المستخلصات'!$V$25="","",'[4]سجل المستخلصات'!$V$25) | S44: =IF('[4]سجل المستخلصات'!$W$25="","",'[4]سجل المستخلصات'!$W$25) | T44: =IF('[4]سجل المستخلصات'!$X$25="","",'[4]سجل المستخلصات'!$X$25) | U44: =IF('[4]سجل المستخلصات'!$Z$25="","",'[4]سجل المستخلصات'!$Z$25) | V44: =IF('[4]سجل المستخلصات'!$AA$25="","",'[4]سجل المستخلصات'!$AA$25) | W44: =IF('[4]سجل المستخلصات'!$AC$25="","",'[4]سجل المستخلصات'!$AC$25) | X44: =IF('[4]سجل المستخلصات'!$AD$25="","",'[4]سجل المستخلصات'!$AD$25) | Y44: =IF('[4]سجل المستخلصات'!$AE$25="","",'[4]سجل المستخلصات'!$AE$25)
B45: الإجمالي | F45: =SUM(F25:F44) | G45: =IF($V$9=0,0,N(INDEX($G$25:$G$44,$V$9))) | H45: =IF($V$9=0,0,N(INDEX($H$25:$H$44,$V$9))) | I45: =IF($V$9=0,0,N(INDEX($I$25:$I$44,$V$9))) | J45: =IF($V$9=0,0,N(INDEX($J$25:$J$44,$V$9))) | K45: =IF($V$9=0,0,N(INDEX($K$25:$K$44,$V$9))) | N45: =IF($V$9=0,0,N(INDEX($N$25:$N$44,$V$9))) | O45: =IF($V$9=0,0,N(INDEX($O$25:$O$44,$V$9))) | P45: =IF($V$9=0,0,N(INDEX($P$25:$P$44,$V$9))) | Q45: =IF($V$9=0,0,N(INDEX($Q$25:$Q$44,$V$9))) | R45: =IF($V$9=0,0,N(INDEX($R$25:$R$44,$V$9))) | S45: =IF($V$9=0,0,N(INDEX($S$25:$S$44,$V$9))) | T45: =IF($V$9=0,0,N(INDEX($T$25:$T$44,$V$9))) | U45: =SUM(U25:U44) | V45: =SUM(V25:V44) | W45: =SUM(W25:W44) | X45: =IFERROR(AVERAGE(X25:X44),0)
B48: الإنجاز حسب أقسام الأعمال
B49: القسم | E49: القيمة التعاقدية | F49: القيمة المنفذة | G49: نسبة الإنجاز
B50: =IF('[4]سجل المستخلصات'!$B$32="","",'[4]سجل المستخلصات'!$B$32) | E50: =N('[4]سجل المستخلصات'!$E$32) | F50: =N('[4]سجل المستخلصات'!$F$32) | G50: =IF(E50>0,F50/E50,0)
B51: =IF('[4]سجل المستخلصات'!$B$33="","",'[4]سجل المستخلصات'!$B$33) | E51: =N('[4]سجل المستخلصات'!$E$33) | F51: =N('[4]سجل المستخلصات'!$F$33) | G51: =IF(E51>0,F51/E51,0)
B52: =IF('[4]سجل المستخلصات'!$B$34="","",'[4]سجل المستخلصات'!$B$34) | E52: =N('[4]سجل المستخلصات'!$E$34) | F52: =N('[4]سجل المستخلصات'!$F$34) | G52: =IF(E52>0,F52/E52,0)
B53: =IF('[4]سجل المستخلصات'!$B$35="","",'[4]سجل المستخلصات'!$B$35) | E53: =N('[4]سجل المستخلصات'!$E$35) | F53: =N('[4]سجل المستخلصات'!$F$35) | G53: =IF(E53>0,F53/E53,0)
B54: =IF('[4]سجل المستخلصات'!$B$36="","",'[4]سجل المستخلصات'!$B$36) | E54: =N('[4]سجل المستخلصات'!$E$36) | F54: =N('[4]سجل المستخلصات'!$F$36) | G54: =IF(E54>0,F54/E54,0)
B55: =IF('[4]سجل المستخلصات'!$B$37="","",'[4]سجل المستخلصات'!$B$37) | E55: =N('[4]سجل المستخلصات'!$E$37) | F55: =N('[4]سجل المستخلصات'!$F$37) | G55: =IF(E55>0,F55/E55,0)
B56: =IF('[4]سجل المستخلصات'!$B$38="","",'[4]سجل المستخلصات'!$B$38) | E56: =N('[4]سجل المستخلصات'!$E$38) | F56: =N('[4]سجل المستخلصات'!$F$38) | G56: =IF(E56>0,F56/E56,0)
B57: =IF('[4]سجل المستخلصات'!$B$39="","",'[4]سجل المستخلصات'!$B$39) | E57: =N('[4]سجل المستخلصات'!$E$39) | F57: =N('[4]سجل المستخلصات'!$F$39) | G57: =IF(E57>0,F57/E57,0)
B58: =IF('[4]سجل المستخلصات'!$B$40="","",'[4]سجل المستخلصات'!$B$40) | E58: =N('[4]سجل المستخلصات'!$E$40) | F58: =N('[4]سجل المستخلصات'!$F$40) | G58: =IF(E58>0,F58/E58,0)
B59: =IF('[4]سجل المستخلصات'!$B$41="","",'[4]سجل المستخلصات'!$B$41) | E59: =N('[4]سجل المستخلصات'!$E$41) | F59: =N('[4]سجل المستخلصات'!$F$41) | G59: =IF(E59>0,F59/E59,0)
B60: =IF('[4]سجل المستخلصات'!$B$42="","",'[4]سجل المستخلصات'!$B$42) | E60: =N('[4]سجل المستخلصات'!$E$42) | F60: =N('[4]سجل المستخلصات'!$F$42) | G60: =IF(E60>0,F60/E60,0)
B61: =IF('[4]سجل المستخلصات'!$B$43="","",'[4]سجل المستخلصات'!$B$43) | E61: =N('[4]سجل المستخلصات'!$E$43) | F61: =N('[4]سجل المستخلصات'!$F$43) | G61: =IF(E61>0,F61/E61,0)

Sheet مشروع 05
B1: ="📊 "&IF('[5]بيانات العقد'!$C$5="","مشروع رقم 05 — غير مُفعّل",'[5]بيانات العقد'!$C$5)
B2: ="تقارير المستخلصات المجمعة لكل المشاريع | تاريخ التقرير: "&TEXT(TODAY(),"yyyy/mm/dd")
B3: 🏠 الإجمالي العام | C3: ◄ المشروع السابق | D3: المشروع التالي ► | F3: 📂 فتح ملف المستخلصات: Project_05/IPC_Project_05.xlsx | N3: يُحدَّث آلياً من ملف المستخلصات (تمكين المحتوى ← تحديث الروابط)
AA4: بيانات مرتبطة من ملف المستخلصات
B5: المشروع | C5: =IF('[5]بيانات العقد'!$C$5="","",'[5]بيانات العقد'!$C$5) | G5: رقم العقد | H5: =IF('[5]بيانات العقد'!$C$6="","",'[5]بيانات العقد'!$C$6) | L5: صاحب العمل | M5: =IF('[5]بيانات العقد'!$C$7="","",'[5]بيانات العقد'!$C$7) | R5: الاستشاري | S5: =IF('[5]بيانات العقد'!$C$8="","",'[5]بيانات العقد'!$C$8) | AA5: قيمة العقد الأصلية | AB5: =N('[5]بيانات العقد'!$C$16)
B6: المقاول | C6: =IF('[5]بيانات العقد'!$C$9="","",'[5]بيانات العقد'!$C$9) | G6: تاريخ البدء | H6: =IF('[5]بيانات العقد'!$C$11="","",'[5]بيانات العقد'!$C$11) | L6: الانتهاء التعاقدي | M6: =IF('[5]بيانات العقد'!$C$13="","",'[5]بيانات العقد'!$C$13) | R6: العملة | S6: =IF('[5]بيانات العقد'!$C$14="","",'[5]بيانات العقد'!$C$14) | AA6: صافي التغييرية المعتمدة | AB6: =N('[5]بيانات العقد'!$C$17)
AA7: قيمة العقد المعدلة | AB7: =N('[5]بيانات العقد'!$C$18)
B8: قيمة العقد الأصلية | F8: صافي الأوامر التغييرية | J8: قيمة العقد المعدلة | N8: إجمالي قيمة الأعمال التراكمية | R8: الأعمال المتبقية | V8: آخر مستخلص فعال | AA8: نسبة الدفعة المقدمة | AB8: =N('[5]بيانات العقد'!$C$20)
B9: =$AB$5 | F9: =$AB$6 | J9: =$AB$7 | N9: =IF($V$9=0,0,N(INDEX($J$25:$J$44,$V$9))) | R9: =MAX(0,$AB$7-IF($V$9=0,0,N(INDEX($G$25:$G$44,$V$9)))-IF($V$9=0,0,N(INDEX($H$25:$H$44,$V$9)))) | V9: =SUMPRODUCT(MAX((C25:C44<>"")*B25:B44)) | AA9: قيمة الدفعة المقدمة | AB9: =N('[5]بيانات العقد'!$C$21)
AA10: نسبة ضمان الأعمال | AB10: =N('[5]بيانات العقد'!$C$27)
B11: نسبة الإنجاز الفعلية | F11: نسبة الإنجاز المخططة | J11: الانحراف (فعلي - مخطط) | N11: نسبة المدة المنقضية | R11: مؤشر أداء الجدول (SPI) | V11: حالة المشروع | AA11: الحد الأقصى للضمان | AB11: =N('[5]بيانات العقد'!$C$29)
B12: =IF($V$9=0,0,N(INDEX($K$25:$K$44,$V$9))) | F12: =IF($V$9=0,0,N(INDEX($L$25:$L$44,$V$9))) | J12: =B12-F12 | N12: =IF(OR($V$9=0,$AB$14="",$AB$15=""),0,MIN(1,MAX(0,(INDEX(C25:C44,$V$9)-$AB$14+1)/($AB$15-$AB$14+1)))) | R12: =IF(F12>0,B12/F12,0) | V12: =IF($AB$7=0,"غير مُفعّل",IF($V$9=0,"لم يبدأ الصرف",IF(J12<-0.05,"⚠ متأخر",IF(J12<0,"متأخر قليلاً","✔ مطابق / متقدم")))) | AA12: ضريبة القيمة المضافة | AB12: =N('[5]بيانات العقد'!$C$31)
AA13: ضريبة الاستقطاع (غير المقيم) | AB13: =N('[5]بيانات العقد'!$C$33)
B14: صافي المستحق التراكمي | F14: إجمالي المحصل | J14: مستحقات غير محصلة | N14: نسبة التحصيل | R14: متوسط مدة التحصيل (يوم) | V14: تاريخ آخر مستخلص | AA14: تاريخ البدء | AB14: =IF('[5]بيانات العقد'!$C$11="","",'[5]بيانات العقد'!$C$11)
B15: =IF($V$9=0,0,N(INDEX($T$25:$T$44,$V$9))) | F15: =V45 | J15: =W45 | N15: =IF(B15>0,F15/B15,0) | R15: =X45 | V15: =IF($V$9=0,"",INDEX(C25:C44,$V$9)) | AA15: تاريخ الانتهاء التعاقدي | AB15: =IF('[5]بيانات العقد'!$C$13="","",'[5]بيانات العقد'!$C$13)
AA16: المدة (شهر) | AB16: =IF('[5]بيانات العقد'!$C$12="","",'[5]بيانات العقد'!$C$12)
B17: ضمان الأعمال المحتجز | F17: رصيد الدفعة المقدمة غير المسترد | J17: الاستقطاعات الفنية المحتجزة | N17: الغرامات والخصومات | R17: مستحق آخر مستخلص | V17: عدد المستخلصات المعتمدة | AA17: نوع العقد | AB17: =IF('[5]بيانات العقد'!$C$36="","",'[5]بيانات العقد'!$C$36)
B18: =IF($V$9=0,0,N(INDEX($O$25:$O$44,$V$9))) | F18: =MAX(0,$AB$9-IF($V$9=0,0,N(INDEX($N$25:$N$44,$V$9)))) | J18: =IF($V$9=0,0,N(INDEX($P$25:$P$44,$V$9))) | N18: =IF($V$9=0,0,N(INDEX($Q$25:$Q$44,$V$9))) | R18: =IF($V$9=0,0,N(INDEX($U$25:$U$44,$V$9))) | V18: =COUNTIF(E25:E44,"معتمد") | AA18: الرقم الضريبي للمقاول | AB18: =IF('[5]بيانات العقد'!$C$37="","",'[5]بيانات العقد'!$C$37)
AA19: الرقم الضريبي لصاحب العمل | AB19: =IF('[5]بيانات العقد'!$C$39="","",'[5]بيانات العقد'!$C$39)
B20: الموازنة التقديرية (BAC) | F20: التكلفة الفعلية التراكمية | J20: الربح الفعلي التراكمي | N20: هامش الربح الفعلي | R20: مؤشر أداء التكلفة (CPI) | V20: الربح المتوقع عند الإنجاز | AA20: انتهاء الضمان النهائي | AB20: =IF('[5]بيانات العقد'!$C$42="","",'[5]بيانات العقد'!$C$42)
B21: =N('[5]الموازنة والتكاليف'!$D$66) | F21: =N('[5]الموازنة والتكاليف'!$D$70) | J21: =N('[5]الموازنة والتكاليف'!$D$72) | N21: =N('[5]الموازنة والتكاليف'!$D$73) | R21: =N('[5]الموازنة والتكاليف'!$D$74) | V21: =N('[5]الموازنة والتكاليف'!$D$76) | AA21: انتهاء ضمان الدفعة المقدمة | AB21: =IF('[5]بيانات العقد'!$C$43="","",'[5]بيانات العقد'!$C$43)
AA22: حالة غرامات التأخير | AB22: =IF('[5]بيانات العقد'!$C$47="","",'[5]بيانات العقد'!$C$47)
B23: سجل المستخلصات (مرتبط)
B24: رقم المستخلص | C24: الفترة إلى | D24: تاريخ الاعتماد | E24: حالة المستخلص | F24: أعمال الفترة | G24: الأعمال المنفذة التراكمية | H24: التغييرية التراكمية | I24: رصيد المواد بالموقع | J24: إجمالي القيمة التراكمية | K24: نسبة الإنجاز الفعلية | L24: نسبة الإنجاز المخططة | M24: الانحراف | N24: استرداد الدفعة المقدمة | O24: صافي الضمان المحتجز | P24: الاستقطاعات الفنية | Q24: الغرامات والخصومات | R24: ضريبة القيمة المضافة | S24: ضريبة الاستقطاع | T24: صافي المستحق التراكمي | U24: المستحق للمستخلص الحالي | V24: المحصل | W24: المتبقي | X24: مدة التحصيل (يوم) | Y24: حالة التحصيل | AA24: التنبيهات النظامية
B25: 1 | C25: =IF('[5]سجل المستخلصات'!$C$6="","",'[5]سجل المستخلصات'!$C$6) | D25: =IF('[5]سجل المستخلصات'!$E$6="","",'[5]سجل المستخلصات'!$E$6) | E25: =IF('[5]سجل المستخلصات'!$F$6="","",'[5]سجل المستخلصات'!$F$6) | F25: =IF('[5]سجل المستخلصات'!$H$6="","",'[5]سجل المستخلصات'!$H$6) | G25: =IF('[5]سجل المستخلصات'!$G$6="","",'[5]سجل المستخلصات'!$G$6) | H25: =IF('[5]سجل المستخلصات'!$I$6="","",'[5]سجل المستخلصات'!$I$6) | I25: =IF('[5]سجل المستخلصات'!$J$6="","",'[5]سجل المستخلصات'!$J$6) | J25: =IF('[5]سجل المستخلصات'!$K$6="","",'[5]سجل المستخلصات'!$K$6) | K25: =IF('[5]سجل المستخلصات'!$L$6="","",'[5]سجل المستخلصات'!$L$6) | L25: =IF('[5]سجل المستخلصات'!$M$6="","",'[5]سجل المستخلصات'!$M$6) | M25: =IF('[5]سجل المستخلصات'!$N$6="","",'[5]سجل المستخلصات'!$N$6) | N25: =IF('[5]سجل المستخلصات'!$O$6="","",'[5]سجل المستخلصات'!$O$6) | O25: =IF('[5]سجل المستخلصات'!$R$6="","",'[5]سجل المستخلصات'!$R$6) | P25: =IF('[5]سجل المستخلصات'!$S$6="","",'[5]سجل المستخلصات'!$S$6) | Q25: =IF('[5]سجل المستخلصات'!$T$6="","",'[5]سجل المستخلصات'!$T$6) | R25: =IF('[5]سجل المستخلصات'!$V$6="","",'[5]سجل المستخلصات'!$V$6) | S25: =IF('[5]سجل المستخلصات'!$W$6="","",'[5]سجل المستخلصات'!$W$6) | T25: =IF('[5]سجل المستخلصات'!$X$6="","",'[5]سجل المستخلصات'!$X$6) | U25: =IF('[5]سجل المستخلصات'!$Z$6="","",'[5]سجل المستخلصات'!$Z$6) | V25: =IF('[5]سجل المستخلصات'!$AA$6="","",'[5]سجل المستخلصات'!$AA$6) | W25: =IF('[5]سجل المستخلصات'!$AC$6="","",'[5]سجل المستخلصات'!$AC$6) | X25: =IF('[5]سجل المستخلصات'!$AD$6="","",'[5]سجل المستخلصات'!$AD$6) | Y25: =IF('[5]سجل المستخلصات'!$AE$6="","",'[5]سجل المستخلصات'!$AE$6) | AA25: =IF($AB$7=0,"",IF(AND($AB$20<>"",N($AB$20)-TODAY()<=30),"⚠ الضمان النهائي ينتهي خلال 30 يوماً — ","")&IF(AND($AB$21<>"",N($AB$21)-TODAY()<=30,$F$18>0),"⚠ ضمان الدفعة المقدمة ينتهي والرصيد لم يُسترد — ","")&IF(ISNUMBER(SEARCH("⚠",$AB$22)),"⚠ الغرامات تجاوزت الحد الأقصى — ","")&IF($J$15>0,"مستحقات غير محصلة","")&"")
B26: 2 | C26: =IF('[5]سجل المستخلصات'!$C$7="","",'[5]سجل المستخلصات'!$C$7) | D26: =IF('[5]سجل المستخلصات'!$E$7="","",'[5]سجل المستخلصات'!$E$7) | E26: =IF('[5]سجل المستخلصات'!$F$7="","",'[5]سجل المستخلصات'!$F$7) | F26: =IF('[5]سجل المستخلصات'!$H$7="","",'[5]سجل المستخلصات'!$H$7) | G26: =IF('[5]سجل المستخلصات'!$G$7="","",'[5]سجل المستخلصات'!$G$7) | H26: =IF('[5]سجل المستخلصات'!$I$7="","",'[5]سجل المستخلصات'!$I$7) | I26: =IF('[5]سجل المستخلصات'!$J$7="","",'[5]سجل المستخلصات'!$J$7) | J26: =IF('[5]سجل المستخلصات'!$K$7="","",'[5]سجل المستخلصات'!$K$7) | K26: =IF('[5]سجل المستخلصات'!$L$7="","",'[5]سجل المستخلصات'!$L$7) | L26: =IF('[5]سجل المستخلصات'!$M$7="","",'[5]سجل المستخلصات'!$M$7) | M26: =IF('[5]سجل المستخلصات'!$N$7="","",'[5]سجل المستخلصات'!$N$7) | N26: =IF('[5]سجل المستخلصات'!$O$7="","",'[5]سجل المستخلصات'!$O$7) | O26: =IF('[5]سجل المستخلصات'!$R$7="","",'[5]سجل المستخلصات'!$R$7) | P26: =IF('[5]سجل المستخلصات'!$S$7="","",'[5]سجل المستخلصات'!$S$7) | Q26: =IF('[5]سجل المستخلصات'!$T$7="","",'[5]سجل المستخلصات'!$T$7) | R26: =IF('[5]سجل المستخلصات'!$V$7="","",'[5]سجل المستخلصات'!$V$7) | S26: =IF('[5]سجل المستخلصات'!$W$7="","",'[5]سجل المستخلصات'!$W$7) | T26: =IF('[5]سجل المستخلصات'!$X$7="","",'[5]سجل المستخلصات'!$X$7) | U26: =IF('[5]سجل المستخلصات'!$Z$7="","",'[5]سجل المستخلصات'!$Z$7) | V26: =IF('[5]سجل المستخلصات'!$AA$7="","",'[5]سجل المستخلصات'!$AA$7) | W26: =IF('[5]سجل المستخلصات'!$AC$7="","",'[5]سجل المستخلصات'!$AC$7) | X26: =IF('[5]سجل المستخلصات'!$AD$7="","",'[5]سجل المستخلصات'!$AD$7) | Y26: =IF('[5]سجل المستخلصات'!$AE$7="","",'[5]سجل المستخلصات'!$AE$7)
B27: 3 | C27: =IF('[5]سجل المستخلصات'!$C$8="","",'[5]سجل المستخلصات'!$C$8) | D27: =IF('[5]سجل المستخلصات'!$E$8="","",'[5]سجل المستخلصات'!$E$8) | E27: =IF('[5]سجل المستخلصات'!$F$8="","",'[5]سجل المستخلصات'!$F$8) | F27: =IF('[5]سجل المستخلصات'!$H$8="","",'[5]سجل المستخلصات'!$H$8) | G27: =IF('[5]سجل المستخلصات'!$G$8="","",'[5]سجل المستخلصات'!$G$8) | H27: =IF('[5]سجل المستخلصات'!$I$8="","",'[5]سجل المستخلصات'!$I$8) | I27: =IF('[5]سجل المستخلصات'!$J$8="","",'[5]سجل المستخلصات'!$J$8) | J27: =IF('[5]سجل المستخلصات'!$K$8="","",'[5]سجل المستخلصات'!$K$8) | K27: =IF('[5]سجل المستخلصات'!$L$8="","",'[5]سجل المستخلصات'!$L$8) | L27: =IF('[5]سجل المستخلصات'!$M$8="","",'[5]سجل المستخلصات'!$M$8) | M27: =IF('[5]سجل المستخلصات'!$N$8="","",'[5]سجل المستخلصات'!$N$8) | N27: =IF('[5]سجل المستخلصات'!$O$8="","",'[5]سجل المستخلصات'!$O$8) | O27: =IF('[5]سجل المستخلصات'!$R$8="","",'[5]سجل المستخلصات'!$R$8) | P27: =IF('[5]سجل المستخلصات'!$S$8="","",'[5]سجل المستخلصات'!$S$8) | Q27: =IF('[5]سجل المستخلصات'!$T$8="","",'[5]سجل المستخلصات'!$T$8) | R27: =IF('[5]سجل المستخلصات'!$V$8="","",'[5]سجل المستخلصات'!$V$8) | S27: =IF('[5]سجل المستخلصات'!$W$8="","",'[5]سجل المستخلصات'!$W$8) | T27: =IF('[5]سجل المستخلصات'!$X$8="","",'[5]سجل المستخلصات'!$X$8) | U27: =IF('[5]سجل المستخلصات'!$Z$8="","",'[5]سجل المستخلصات'!$Z$8) | V27: =IF('[5]سجل المستخلصات'!$AA$8="","",'[5]سجل المستخلصات'!$AA$8) | W27: =IF('[5]سجل المستخلصات'!$AC$8="","",'[5]سجل المستخلصات'!$AC$8) | X27: =IF('[5]سجل المستخلصات'!$AD$8="","",'[5]سجل المستخلصات'!$AD$8) | Y27: =IF('[5]سجل المستخلصات'!$AE$8="","",'[5]سجل المستخلصات'!$AE$8)
B28: 4 | C28: =IF('[5]سجل المستخلصات'!$C$9="","",'[5]سجل المستخلصات'!$C$9) | D28: =IF('[5]سجل المستخلصات'!$E$9="","",'[5]سجل المستخلصات'!$E$9) | E28: =IF('[5]سجل المستخلصات'!$F$9="","",'[5]سجل المستخلصات'!$F$9) | F28: =IF('[5]سجل المستخلصات'!$H$9="","",'[5]سجل المستخلصات'!$H$9) | G28: =IF('[5]سجل المستخلصات'!$G$9="","",'[5]سجل المستخلصات'!$G$9) | H28: =IF('[5]سجل المستخلصات'!$I$9="","",'[5]سجل المستخلصات'!$I$9) | I28: =IF('[5]سجل المستخلصات'!$J$9="","",'[5]سجل المستخلصات'!$J$9) | J28: =IF('[5]سجل المستخلصات'!$K$9="","",'[5]سجل المستخلصات'!$K$9) | K28: =IF('[5]سجل المستخلصات'!$L$9="","",'[5]سجل المستخلصات'!$L$9) | L28: =IF('[5]سجل المستخلصات'!$M$9="","",'[5]سجل المستخلصات'!$M$9) | M28: =IF('[5]سجل المستخلصات'!$N$9="","",'[5]سجل المستخلصات'!$N$9) | N28: =IF('[5]سجل المستخلصات'!$O$9="","",'[5]سجل المستخلصات'!$O$9) | O28: =IF('[5]سجل المستخلصات'!$R$9="","",'[5]سجل المستخلصات'!$R$9) | P28: =IF('[5]سجل المستخلصات'!$S$9="","",'[5]سجل المستخلصات'!$S$9) | Q28: =IF('[5]سجل المستخلصات'!$T$9="","",'[5]سجل المستخلصات'!$T$9) | R28: =IF('[5]سجل المستخلصات'!$V$9="","",'[5]سجل المستخلصات'!$V$9) | S28: =IF('[5]سجل المستخلصات'!$W$9="","",'[5]سجل المستخلصات'!$W$9) | T28: =IF('[5]سجل المستخلصات'!$X$9="","",'[5]سجل المستخلصات'!$X$9) | U28: =IF('[5]سجل المستخلصات'!$Z$9="","",'[5]سجل المستخلصات'!$Z$9) | V28: =IF('[5]سجل المستخلصات'!$AA$9="","",'[5]سجل المستخلصات'!$AA$9) | W28: =IF('[5]سجل المستخلصات'!$AC$9="","",'[5]سجل المستخلصات'!$AC$9) | X28: =IF('[5]سجل المستخلصات'!$AD$9="","",'[5]سجل المستخلصات'!$AD$9) | Y28: =IF('[5]سجل المستخلصات'!$AE$9="","",'[5]سجل المستخلصات'!$AE$9)
B29: 5 | C29: =IF('[5]سجل المستخلصات'!$C$10="","",'[5]سجل المستخلصات'!$C$10) | D29: =IF('[5]سجل المستخلصات'!$E$10="","",'[5]سجل المستخلصات'!$E$10) | E29: =IF('[5]سجل المستخلصات'!$F$10="","",'[5]سجل المستخلصات'!$F$10) | F29: =IF('[5]سجل المستخلصات'!$H$10="","",'[5]سجل المستخلصات'!$H$10) | G29: =IF('[5]سجل المستخلصات'!$G$10="","",'[5]سجل المستخلصات'!$G$10) | H29: =IF('[5]سجل المستخلصات'!$I$10="","",'[5]سجل المستخلصات'!$I$10) | I29: =IF('[5]سجل المستخلصات'!$J$10="","",'[5]سجل المستخلصات'!$J$10) | J29: =IF('[5]سجل المستخلصات'!$K$10="","",'[5]سجل المستخلصات'!$K$10) | K29: =IF('[5]سجل المستخلصات'!$L$10="","",'[5]سجل المستخلصات'!$L$10) | L29: =IF('[5]سجل المستخلصات'!$M$10="","",'[5]سجل المستخلصات'!$M$10) | M29: =IF('[5]سجل المستخلصات'!$N$10="","",'[5]سجل المستخلصات'!$N$10) | N29: =IF('[5]سجل المستخلصات'!$O$10="","",'[5]سجل المستخلصات'!$O$10) | O29: =IF('[5]سجل المستخلصات'!$R$10="","",'[5]سجل المستخلصات'!$R$10) | P29: =IF('[5]سجل المستخلصات'!$S$10="","",'[5]سجل المستخلصات'!$S$10) | Q29: =IF('[5]سجل المستخلصات'!$T$10="","",'[5]سجل المستخلصات'!$T$10) | R29: =IF('[5]سجل المستخلصات'!$V$10="","",'[5]سجل المستخلصات'!$V$10) | S29: =IF('[5]سجل المستخلصات'!$W$10="","",'[5]سجل المستخلصات'!$W$10) | T29: =IF('[5]سجل المستخلصات'!$X$10="","",'[5]سجل المستخلصات'!$X$10) | U29: =IF('[5]سجل المستخلصات'!$Z$10="","",'[5]سجل المستخلصات'!$Z$10) | V29: =IF('[5]سجل المستخلصات'!$AA$10="","",'[5]سجل المستخلصات'!$AA$10) | W29: =IF('[5]سجل المستخلصات'!$AC$10="","",'[5]سجل المستخلصات'!$AC$10) | X29: =IF('[5]سجل المستخلصات'!$AD$10="","",'[5]سجل المستخلصات'!$AD$10) | Y29: =IF('[5]سجل المستخلصات'!$AE$10="","",'[5]سجل المستخلصات'!$AE$10)
B30: 6 | C30: =IF('[5]سجل المستخلصات'!$C$11="","",'[5]سجل المستخلصات'!$C$11) | D30: =IF('[5]سجل المستخلصات'!$E$11="","",'[5]سجل المستخلصات'!$E$11) | E30: =IF('[5]سجل المستخلصات'!$F$11="","",'[5]سجل المستخلصات'!$F$11) | F30: =IF('[5]سجل المستخلصات'!$H$11="","",'[5]سجل المستخلصات'!$H$11) | G30: =IF('[5]سجل المستخلصات'!$G$11="","",'[5]سجل المستخلصات'!$G$11) | H30: =IF('[5]سجل المستخلصات'!$I$11="","",'[5]سجل المستخلصات'!$I$11) | I30: =IF('[5]سجل المستخلصات'!$J$11="","",'[5]سجل المستخلصات'!$J$11) | J30: =IF('[5]سجل المستخلصات'!$K$11="","",'[5]سجل المستخلصات'!$K$11) | K30: =IF('[5]سجل المستخلصات'!$L$11="","",'[5]سجل المستخلصات'!$L$11) | L30: =IF('[5]سجل المستخلصات'!$M$11="","",'[5]سجل المستخلصات'!$M$11) | M30: =IF('[5]سجل المستخلصات'!$N$11="","",'[5]سجل المستخلصات'!$N$11) | N30: =IF('[5]سجل المستخلصات'!$O$11="","",'[5]سجل المستخلصات'!$O$11) | O30: =IF('[5]سجل المستخلصات'!$R$11="","",'[5]سجل المستخلصات'!$R$11) | P30: =IF('[5]سجل المستخلصات'!$S$11="","",'[5]سجل المستخلصات'!$S$11) | Q30: =IF('[5]سجل المستخلصات'!$T$11="","",'[5]سجل المستخلصات'!$T$11) | R30: =IF('[5]سجل المستخلصات'!$V$11="","",'[5]سجل المستخلصات'!$V$11) | S30: =IF('[5]سجل المستخلصات'!$W$11="","",'[5]سجل المستخلصات'!$W$11) | T30: =IF('[5]سجل المستخلصات'!$X$11="","",'[5]سجل المستخلصات'!$X$11) | U30: =IF('[5]سجل المستخلصات'!$Z$11="","",'[5]سجل المستخلصات'!$Z$11) | V30: =IF('[5]سجل المستخلصات'!$AA$11="","",'[5]سجل المستخلصات'!$AA$11) | W30: =IF('[5]سجل المستخلصات'!$AC$11="","",'[5]سجل المستخلصات'!$AC$11) | X30: =IF('[5]سجل المستخلصات'!$AD$11="","",'[5]سجل المستخلصات'!$AD$11) | Y30: =IF('[5]سجل المستخلصات'!$AE$11="","",'[5]سجل المستخلصات'!$AE$11)
B31: 7 | C31: =IF('[5]سجل المستخلصات'!$C$12="","",'[5]سجل المستخلصات'!$C$12) | D31: =IF('[5]سجل المستخلصات'!$E$12="","",'[5]سجل المستخلصات'!$E$12) | E31: =IF('[5]سجل المستخلصات'!$F$12="","",'[5]سجل المستخلصات'!$F$12) | F31: =IF('[5]سجل المستخلصات'!$H$12="","",'[5]سجل المستخلصات'!$H$12) | G31: =IF('[5]سجل المستخلصات'!$G$12="","",'[5]سجل المستخلصات'!$G$12) | H31: =IF('[5]سجل المستخلصات'!$I$12="","",'[5]سجل المستخلصات'!$I$12) | I31: =IF('[5]سجل المستخلصات'!$J$12="","",'[5]سجل المستخلصات'!$J$12) | J31: =IF('[5]سجل المستخلصات'!$K$12="","",'[5]سجل المستخلصات'!$K$12) | K31: =IF('[5]سجل المستخلصات'!$L$12="","",'[5]سجل المستخلصات'!$L$12) | L31: =IF('[5]سجل المستخلصات'!$M$12="","",'[5]سجل المستخلصات'!$M$12) | M31: =IF('[5]سجل المستخلصات'!$N$12="","",'[5]سجل المستخلصات'!$N$12) | N31: =IF('[5]سجل المستخلصات'!$O$12="","",'[5]سجل المستخلصات'!$O$12) | O31: =IF('[5]سجل المستخلصات'!$R$12="","",'[5]سجل المستخلصات'!$R$12) | P31: =IF('[5]سجل المستخلصات'!$S$12="","",'[5]سجل المستخلصات'!$S$12) | Q31: =IF('[5]سجل المستخلصات'!$T$12="","",'[5]سجل المستخلصات'!$T$12) | R31: =IF('[5]سجل المستخلصات'!$V$12="","",'[5]سجل المستخلصات'!$V$12) | S31: =IF('[5]سجل المستخلصات'!$W$12="","",'[5]سجل المستخلصات'!$W$12) | T31: =IF('[5]سجل المستخلصات'!$X$12="","",'[5]سجل المستخلصات'!$X$12) | U31: =IF('[5]سجل المستخلصات'!$Z$12="","",'[5]سجل المستخلصات'!$Z$12) | V31: =IF('[5]سجل المستخلصات'!$AA$12="","",'[5]سجل المستخلصات'!$AA$12) | W31: =IF('[5]سجل المستخلصات'!$AC$12="","",'[5]سجل المستخلصات'!$AC$12) | X31: =IF('[5]سجل المستخلصات'!$AD$12="","",'[5]سجل المستخلصات'!$AD$12) | Y31: =IF('[5]سجل المستخلصات'!$AE$12="","",'[5]سجل المستخلصات'!$AE$12)
B32: 8 | C32: =IF('[5]سجل المستخلصات'!$C$13="","",'[5]سجل المستخلصات'!$C$13) | D32: =IF('[5]سجل المستخلصات'!$E$13="","",'[5]سجل المستخلصات'!$E$13) | E32: =IF('[5]سجل المستخلصات'!$F$13="","",'[5]سجل المستخلصات'!$F$13) | F32: =IF('[5]سجل المستخلصات'!$H$13="","",'[5]سجل المستخلصات'!$H$13) | G32: =IF('[5]سجل المستخلصات'!$G$13="","",'[5]سجل المستخلصات'!$G$13) | H32: =IF('[5]سجل المستخلصات'!$I$13="","",'[5]سجل المستخلصات'!$I$13) | I32: =IF('[5]سجل المستخلصات'!$J$13="","",'[5]سجل المستخلصات'!$J$13) | J32: =IF('[5]سجل المستخلصات'!$K$13="","",'[5]سجل المستخلصات'!$K$13) | K32: =IF('[5]سجل المستخلصات'!$L$13="","",'[5]سجل المستخلصات'!$L$13) | L32: =IF('[5]سجل المستخلصات'!$M$13="","",'[5]سجل المستخلصات'!$M$13) | M32: =IF('[5]سجل المستخلصات'!$N$13="","",'[5]سجل المستخلصات'!$N$13) | N32: =IF('[5]سجل المستخلصات'!$O$13="","",'[5]سجل المستخلصات'!$O$13) | O32: =IF('[5]سجل المستخلصات'!$R$13="","",'[5]سجل المستخلصات'!$R$13) | P32: =IF('[5]سجل المستخلصات'!$S$13="","",'[5]سجل المستخلصات'!$S$13) | Q32: =IF('[5]سجل المستخلصات'!$T$13="","",'[5]سجل المستخلصات'!$T$13) | R32: =IF('[5]سجل المستخلصات'!$V$13="","",'[5]سجل المستخلصات'!$V$13) | S32: =IF('[5]سجل المستخلصات'!$W$13="","",'[5]سجل المستخلصات'!$W$13) | T32: =IF('[5]سجل المستخلصات'!$X$13="","",'[5]سجل المستخلصات'!$X$13) | U32: =IF('[5]سجل المستخلصات'!$Z$13="","",'[5]سجل المستخلصات'!$Z$13) | V32: =IF('[5]سجل المستخلصات'!$AA$13="","",'[5]سجل المستخلصات'!$AA$13) | W32: =IF('[5]سجل المستخلصات'!$AC$13="","",'[5]سجل المستخلصات'!$AC$13) | X32: =IF('[5]سجل المستخلصات'!$AD$13="","",'[5]سجل المستخلصات'!$AD$13) | Y32: =IF('[5]سجل المستخلصات'!$AE$13="","",'[5]سجل المستخلصات'!$AE$13)
B33: 9 | C33: =IF('[5]سجل المستخلصات'!$C$14="","",'[5]سجل المستخلصات'!$C$14) | D33: =IF('[5]سجل المستخلصات'!$E$14="","",'[5]سجل المستخلصات'!$E$14) | E33: =IF('[5]سجل المستخلصات'!$F$14="","",'[5]سجل المستخلصات'!$F$14) | F33: =IF('[5]سجل المستخلصات'!$H$14="","",'[5]سجل المستخلصات'!$H$14) | G33: =IF('[5]سجل المستخلصات'!$G$14="","",'[5]سجل المستخلصات'!$G$14) | H33: =IF('[5]سجل المستخلصات'!$I$14="","",'[5]سجل المستخلصات'!$I$14) | I33: =IF('[5]سجل المستخلصات'!$J$14="","",'[5]سجل المستخلصات'!$J$14) | J33: =IF('[5]سجل المستخلصات'!$K$14="","",'[5]سجل المستخلصات'!$K$14) | K33: =IF('[5]سجل المستخلصات'!$L$14="","",'[5]سجل المستخلصات'!$L$14) | L33: =IF('[5]سجل المستخلصات'!$M$14="","",'[5]سجل المستخلصات'!$M$14) | M33: =IF('[5]سجل المستخلصات'!$N$14="","",'[5]سجل المستخلصات'!$N$14) | N33: =IF('[5]سجل المستخلصات'!$O$14="","",'[5]سجل المستخلصات'!$O$14) | O33: =IF('[5]سجل المستخلصات'!$R$14="","",'[5]سجل المستخلصات'!$R$14) | P33: =IF('[5]سجل المستخلصات'!$S$14="","",'[5]سجل المستخلصات'!$S$14) | Q33: =IF('[5]سجل المستخلصات'!$T$14="","",'[5]سجل المستخلصات'!$T$14) | R33: =IF('[5]سجل المستخلصات'!$V$14="","",'[5]سجل المستخلصات'!$V$14) | S33: =IF('[5]سجل المستخلصات'!$W$14="","",'[5]سجل المستخلصات'!$W$14) | T33: =IF('[5]سجل المستخلصات'!$X$14="","",'[5]سجل المستخلصات'!$X$14) | U33: =IF('[5]سجل المستخلصات'!$Z$14="","",'[5]سجل المستخلصات'!$Z$14) | V33: =IF('[5]سجل المستخلصات'!$AA$14="","",'[5]سجل المستخلصات'!$AA$14) | W33: =IF('[5]سجل المستخلصات'!$AC$14="","",'[5]سجل المستخلصات'!$AC$14) | X33: =IF('[5]سجل المستخلصات'!$AD$14="","",'[5]سجل المستخلصات'!$AD$14) | Y33: =IF('[5]سجل المستخلصات'!$AE$14="","",'[5]سجل المستخلصات'!$AE$14)
B34: 10 | C34: =IF('[5]سجل المستخلصات'!$C$15="","",'[5]سجل المستخلصات'!$C$15) | D34: =IF('[5]سجل المستخلصات'!$E$15="","",'[5]سجل المستخلصات'!$E$15) | E34: =IF('[5]سجل المستخلصات'!$F$15="","",'[5]سجل المستخلصات'!$F$15) | F34: =IF('[5]سجل المستخلصات'!$H$15="","",'[5]سجل المستخلصات'!$H$15) | G34: =IF('[5]سجل المستخلصات'!$G$15="","",'[5]سجل المستخلصات'!$G$15) | H34: =IF('[5]سجل المستخلصات'!$I$15="","",'[5]سجل المستخلصات'!$I$15) | I34: =IF('[5]سجل المستخلصات'!$J$15="","",'[5]سجل المستخلصات'!$J$15) | J34: =IF('[5]سجل المستخلصات'!$K$15="","",'[5]سجل المستخلصات'!$K$15) | K34: =IF('[5]سجل المستخلصات'!$L$15="","",'[5]سجل المستخلصات'!$L$15) | L34: =IF('[5]سجل المستخلصات'!$M$15="","",'[5]سجل المستخلصات'!$M$15) | M34: =IF('[5]سجل المستخلصات'!$N$15="","",'[5]سجل المستخلصات'!$N$15) | N34: =IF('[5]سجل المستخلصات'!$O$15="","",'[5]سجل المستخلصات'!$O$15) | O34: =IF('[5]سجل المستخلصات'!$R$15="","",'[5]سجل المستخلصات'!$R$15) | P34: =IF('[5]سجل المستخلصات'!$S$15="","",'[5]سجل المستخلصات'!$S$15) | Q34: =IF('[5]سجل المستخلصات'!$T$15="","",'[5]سجل المستخلصات'!$T$15) | R34: =IF('[5]سجل المستخلصات'!$V$15="","",'[5]سجل المستخلصات'!$V$15) | S34: =IF('[5]سجل المستخلصات'!$W$15="","",'[5]سجل المستخلصات'!$W$15) | T34: =IF('[5]سجل المستخلصات'!$X$15="","",'[5]سجل المستخلصات'!$X$15) | U34: =IF('[5]سجل المستخلصات'!$Z$15="","",'[5]سجل المستخلصات'!$Z$15) | V34: =IF('[5]سجل المستخلصات'!$AA$15="","",'[5]سجل المستخلصات'!$AA$15) | W34: =IF('[5]سجل المستخلصات'!$AC$15="","",'[5]سجل المستخلصات'!$AC$15) | X34: =IF('[5]سجل المستخلصات'!$AD$15="","",'[5]سجل المستخلصات'!$AD$15) | Y34: =IF('[5]سجل المستخلصات'!$AE$15="","",'[5]سجل المستخلصات'!$AE$15)
B35: 11 | C35: =IF('[5]سجل المستخلصات'!$C$16="","",'[5]سجل المستخلصات'!$C$16) | D35: =IF('[5]سجل المستخلصات'!$E$16="","",'[5]سجل المستخلصات'!$E$16) | E35: =IF('[5]سجل المستخلصات'!$F$16="","",'[5]سجل المستخلصات'!$F$16) | F35: =IF('[5]سجل المستخلصات'!$H$16="","",'[5]سجل المستخلصات'!$H$16) | G35: =IF('[5]سجل المستخلصات'!$G$16="","",'[5]سجل المستخلصات'!$G$16) | H35: =IF('[5]سجل المستخلصات'!$I$16="","",'[5]سجل المستخلصات'!$I$16) | I35: =IF('[5]سجل المستخلصات'!$J$16="","",'[5]سجل المستخلصات'!$J$16) | J35: =IF('[5]سجل المستخلصات'!$K$16="","",'[5]سجل المستخلصات'!$K$16) | K35: =IF('[5]سجل المستخلصات'!$L$16="","",'[5]سجل المستخلصات'!$L$16) | L35: =IF('[5]سجل المستخلصات'!$M$16="","",'[5]سجل المستخلصات'!$M$16) | M35: =IF('[5]سجل المستخلصات'!$N$16="","",'[5]سجل المستخلصات'!$N$16) | N35: =IF('[5]سجل المستخلصات'!$O$16="","",'[5]سجل المستخلصات'!$O$16) | O35: =IF('[5]سجل المستخلصات'!$R$16="","",'[5]سجل المستخلصات'!$R$16) | P35: =IF('[5]سجل المستخلصات'!$S$16="","",'[5]سجل المستخلصات'!$S$16) | Q35: =IF('[5]سجل المستخلصات'!$T$16="","",'[5]سجل المستخلصات'!$T$16) | R35: =IF('[5]سجل المستخلصات'!$V$16="","",'[5]سجل المستخلصات'!$V$16) | S35: =IF('[5]سجل المستخلصات'!$W$16="","",'[5]سجل المستخلصات'!$W$16) | T35: =IF('[5]سجل المستخلصات'!$X$16="","",'[5]سجل المستخلصات'!$X$16) | U35: =IF('[5]سجل المستخلصات'!$Z$16="","",'[5]سجل المستخلصات'!$Z$16) | V35: =IF('[5]سجل المستخلصات'!$AA$16="","",'[5]سجل المستخلصات'!$AA$16) | W35: =IF('[5]سجل المستخلصات'!$AC$16="","",'[5]سجل المستخلصات'!$AC$16) | X35: =IF('[5]سجل المستخلصات'!$AD$16="","",'[5]سجل المستخلصات'!$AD$16) | Y35: =IF('[5]سجل المستخلصات'!$AE$16="","",'[5]سجل المستخلصات'!$AE$16)
B36: 12 | C36: =IF('[5]سجل المستخلصات'!$C$17="","",'[5]سجل المستخلصات'!$C$17) | D36: =IF('[5]سجل المستخلصات'!$E$17="","",'[5]سجل المستخلصات'!$E$17) | E36: =IF('[5]سجل المستخلصات'!$F$17="","",'[5]سجل المستخلصات'!$F$17) | F36: =IF('[5]سجل المستخلصات'!$H$17="","",'[5]سجل المستخلصات'!$H$17) | G36: =IF('[5]سجل المستخلصات'!$G$17="","",'[5]سجل المستخلصات'!$G$17) | H36: =IF('[5]سجل المستخلصات'!$I$17="","",'[5]سجل المستخلصات'!$I$17) | I36: =IF('[5]سجل المستخلصات'!$J$17="","",'[5]سجل المستخلصات'!$J$17) | J36: =IF('[5]سجل المستخلصات'!$K$17="","",'[5]سجل المستخلصات'!$K$17) | K36: =IF('[5]سجل المستخلصات'!$L$17="","",'[5]سجل المستخلصات'!$L$17) | L36: =IF('[5]سجل المستخلصات'!$M$17="","",'[5]سجل المستخلصات'!$M$17) | M36: =IF('[5]سجل المستخلصات'!$N$17="","",'[5]سجل المستخلصات'!$N$17) | N36: =IF('[5]سجل المستخلصات'!$O$17="","",'[5]سجل المستخلصات'!$O$17) | O36: =IF('[5]سجل المستخلصات'!$R$17="","",'[5]سجل المستخلصات'!$R$17) | P36: =IF('[5]سجل المستخلصات'!$S$17="","",'[5]سجل المستخلصات'!$S$17) | Q36: =IF('[5]سجل المستخلصات'!$T$17="","",'[5]سجل المستخلصات'!$T$17) | R36: =IF('[5]سجل المستخلصات'!$V$17="","",'[5]سجل المستخلصات'!$V$17) | S36: =IF('[5]سجل المستخلصات'!$W$17="","",'[5]سجل المستخلصات'!$W$17) | T36: =IF('[5]سجل المستخلصات'!$X$17="","",'[5]سجل المستخلصات'!$X$17) | U36: =IF('[5]سجل المستخلصات'!$Z$17="","",'[5]سجل المستخلصات'!$Z$17) | V36: =IF('[5]سجل المستخلصات'!$AA$17="","",'[5]سجل المستخلصات'!$AA$17) | W36: =IF('[5]سجل المستخلصات'!$AC$17="","",'[5]سجل المستخلصات'!$AC$17) | X36: =IF('[5]سجل المستخلصات'!$AD$17="","",'[5]سجل المستخلصات'!$AD$17) | Y36: =IF('[5]سجل المستخلصات'!$AE$17="","",'[5]سجل المستخلصات'!$AE$17)
B37: 13 | C37: =IF('[5]سجل المستخلصات'!$C$18="","",'[5]سجل المستخلصات'!$C$18) | D37: =IF('[5]سجل المستخلصات'!$E$18="","",'[5]سجل المستخلصات'!$E$18) | E37: =IF('[5]سجل المستخلصات'!$F$18="","",'[5]سجل المستخلصات'!$F$18) | F37: =IF('[5]سجل المستخلصات'!$H$18="","",'[5]سجل المستخلصات'!$H$18) | G37: =IF('[5]سجل المستخلصات'!$G$18="","",'[5]سجل المستخلصات'!$G$18) | H37: =IF('[5]سجل المستخلصات'!$I$18="","",'[5]سجل المستخلصات'!$I$18) | I37: =IF('[5]سجل المستخلصات'!$J$18="","",'[5]سجل المستخلصات'!$J$18) | J37: =IF('[5]سجل المستخلصات'!$K$18="","",'[5]سجل المستخلصات'!$K$18) | K37: =IF('[5]سجل المستخلصات'!$L$18="","",'[5]سجل المستخلصات'!$L$18) | L37: =IF('[5]سجل المستخلصات'!$M$18="","",'[5]سجل المستخلصات'!$M$18) | M37: =IF('[5]سجل المستخلصات'!$N$18="","",'[5]سجل المستخلصات'!$N$18) | N37: =IF('[5]سجل المستخلصات'!$O$18="","",'[5]سجل المستخلصات'!$O$18) | O37: =IF('[5]سجل المستخلصات'!$R$18="","",'[5]سجل المستخلصات'!$R$18) | P37: =IF('[5]سجل المستخلصات'!$S$18="","",'[5]سجل المستخلصات'!$S$18) | Q37: =IF('[5]سجل المستخلصات'!$T$18="","",'[5]سجل المستخلصات'!$T$18) | R37: =IF('[5]سجل المستخلصات'!$V$18="","",'[5]سجل المستخلصات'!$V$18) | S37: =IF('[5]سجل المستخلصات'!$W$18="","",'[5]سجل المستخلصات'!$W$18) | T37: =IF('[5]سجل المستخلصات'!$X$18="","",'[5]سجل المستخلصات'!$X$18) | U37: =IF('[5]سجل المستخلصات'!$Z$18="","",'[5]سجل المستخلصات'!$Z$18) | V37: =IF('[5]سجل المستخلصات'!$AA$18="","",'[5]سجل المستخلصات'!$AA$18) | W37: =IF('[5]سجل المستخلصات'!$AC$18="","",'[5]سجل المستخلصات'!$AC$18) | X37: =IF('[5]سجل المستخلصات'!$AD$18="","",'[5]سجل المستخلصات'!$AD$18) | Y37: =IF('[5]سجل المستخلصات'!$AE$18="","",'[5]سجل المستخلصات'!$AE$18)
B38: 14 | C38: =IF('[5]سجل المستخلصات'!$C$19="","",'[5]سجل المستخلصات'!$C$19) | D38: =IF('[5]سجل المستخلصات'!$E$19="","",'[5]سجل المستخلصات'!$E$19) | E38: =IF('[5]سجل المستخلصات'!$F$19="","",'[5]سجل المستخلصات'!$F$19) | F38: =IF('[5]سجل المستخلصات'!$H$19="","",'[5]سجل المستخلصات'!$H$19) | G38: =IF('[5]سجل المستخلصات'!$G$19="","",'[5]سجل المستخلصات'!$G$19) | H38: =IF('[5]سجل المستخلصات'!$I$19="","",'[5]سجل المستخلصات'!$I$19) | I38: =IF('[5]سجل المستخلصات'!$J$19="","",'[5]سجل المستخلصات'!$J$19) | J38: =IF('[5]سجل المستخلصات'!$K$19="","",'[5]سجل المستخلصات'!$K$19) | K38: =IF('[5]سجل المستخلصات'!$L$19="","",'[5]سجل المستخلصات'!$L$19) | L38: =IF('[5]سجل المستخلصات'!$M$19="","",'[5]سجل المستخلصات'!$M$19) | M38: =IF('[5]سجل المستخلصات'!$N$19="","",'[5]سجل المستخلصات'!$N$19) | N38: =IF('[5]سجل المستخلصات'!$O$19="","",'[5]سجل المستخلصات'!$O$19) | O38: =IF('[5]سجل المستخلصات'!$R$19="","",'[5]سجل المستخلصات'!$R$19) | P38: =IF('[5]سجل المستخلصات'!$S$19="","",'[5]سجل المستخلصات'!$S$19) | Q38: =IF('[5]سجل المستخلصات'!$T$19="","",'[5]سجل المستخلصات'!$T$19) | R38: =IF('[5]سجل المستخلصات'!$V$19="","",'[5]سجل المستخلصات'!$V$19) | S38: =IF('[5]سجل المستخلصات'!$W$19="","",'[5]سجل المستخلصات'!$W$19) | T38: =IF('[5]سجل المستخلصات'!$X$19="","",'[5]سجل المستخلصات'!$X$19) | U38: =IF('[5]سجل المستخلصات'!$Z$19="","",'[5]سجل المستخلصات'!$Z$19) | V38: =IF('[5]سجل المستخلصات'!$AA$19="","",'[5]سجل المستخلصات'!$AA$19) | W38: =IF('[5]سجل المستخلصات'!$AC$19="","",'[5]سجل المستخلصات'!$AC$19) | X38: =IF('[5]سجل المستخلصات'!$AD$19="","",'[5]سجل المستخلصات'!$AD$19) | Y38: =IF('[5]سجل المستخلصات'!$AE$19="","",'[5]سجل المستخلصات'!$AE$19)
B39: 15 | C39: =IF('[5]سجل المستخلصات'!$C$20="","",'[5]سجل المستخلصات'!$C$20) | D39: =IF('[5]سجل المستخلصات'!$E$20="","",'[5]سجل المستخلصات'!$E$20) | E39: =IF('[5]سجل المستخلصات'!$F$20="","",'[5]سجل المستخلصات'!$F$20) | F39: =IF('[5]سجل المستخلصات'!$H$20="","",'[5]سجل المستخلصات'!$H$20) | G39: =IF('[5]سجل المستخلصات'!$G$20="","",'[5]سجل المستخلصات'!$G$20) | H39: =IF('[5]سجل المستخلصات'!$I$20="","",'[5]سجل المستخلصات'!$I$20) | I39: =IF('[5]سجل المستخلصات'!$J$20="","",'[5]سجل المستخلصات'!$J$20) | J39: =IF('[5]سجل المستخلصات'!$K$20="","",'[5]سجل المستخلصات'!$K$20) | K39: =IF('[5]سجل المستخلصات'!$L$20="","",'[5]سجل المستخلصات'!$L$20) | L39: =IF('[5]سجل المستخلصات'!$M$20="","",'[5]سجل المستخلصات'!$M$20) | M39: =IF('[5]سجل المستخلصات'!$N$20="","",'[5]سجل المستخلصات'!$N$20) | N39: =IF('[5]سجل المستخلصات'!$O$20="","",'[5]سجل المستخلصات'!$O$20) | O39: =IF('[5]سجل المستخلصات'!$R$20="","",'[5]سجل المستخلصات'!$R$20) | P39: =IF('[5]سجل المستخلصات'!$S$20="","",'[5]سجل المستخلصات'!$S$20) | Q39: =IF('[5]سجل المستخلصات'!$T$20="","",'[5]سجل المستخلصات'!$T$20) | R39: =IF('[5]سجل المستخلصات'!$V$20="","",'[5]سجل المستخلصات'!$V$20) | S39: =IF('[5]سجل المستخلصات'!$W$20="","",'[5]سجل المستخلصات'!$W$20) | T39: =IF('[5]سجل المستخلصات'!$X$20="","",'[5]سجل المستخلصات'!$X$20) | U39: =IF('[5]سجل المستخلصات'!$Z$20="","",'[5]سجل المستخلصات'!$Z$20) | V39: =IF('[5]سجل المستخلصات'!$AA$20="","",'[5]سجل المستخلصات'!$AA$20) | W39: =IF('[5]سجل المستخلصات'!$AC$20="","",'[5]سجل المستخلصات'!$AC$20) | X39: =IF('[5]سجل المستخلصات'!$AD$20="","",'[5]سجل المستخلصات'!$AD$20) | Y39: =IF('[5]سجل المستخلصات'!$AE$20="","",'[5]سجل المستخلصات'!$AE$20)
B40: 16 | C40: =IF('[5]سجل المستخلصات'!$C$21="","",'[5]سجل المستخلصات'!$C$21) | D40: =IF('[5]سجل المستخلصات'!$E$21="","",'[5]سجل المستخلصات'!$E$21) | E40: =IF('[5]سجل المستخلصات'!$F$21="","",'[5]سجل المستخلصات'!$F$21) | F40: =IF('[5]سجل المستخلصات'!$H$21="","",'[5]سجل المستخلصات'!$H$21) | G40: =IF('[5]سجل المستخلصات'!$G$21="","",'[5]سجل المستخلصات'!$G$21) | H40: =IF('[5]سجل المستخلصات'!$I$21="","",'[5]سجل المستخلصات'!$I$21) | I40: =IF('[5]سجل المستخلصات'!$J$21="","",'[5]سجل المستخلصات'!$J$21) | J40: =IF('[5]سجل المستخلصات'!$K$21="","",'[5]سجل المستخلصات'!$K$21) | K40: =IF('[5]سجل المستخلصات'!$L$21="","",'[5]سجل المستخلصات'!$L$21) | L40: =IF('[5]سجل المستخلصات'!$M$21="","",'[5]سجل المستخلصات'!$M$21) | M40: =IF('[5]سجل المستخلصات'!$N$21="","",'[5]سجل المستخلصات'!$N$21) | N40: =IF('[5]سجل المستخلصات'!$O$21="","",'[5]سجل المستخلصات'!$O$21) | O40: =IF('[5]سجل المستخلصات'!$R$21="","",'[5]سجل المستخلصات'!$R$21) | P40: =IF('[5]سجل المستخلصات'!$S$21="","",'[5]سجل المستخلصات'!$S$21) | Q40: =IF('[5]سجل المستخلصات'!$T$21="","",'[5]سجل المستخلصات'!$T$21) | R40: =IF('[5]سجل المستخلصات'!$V$21="","",'[5]سجل المستخلصات'!$V$21) | S40: =IF('[5]سجل المستخلصات'!$W$21="","",'[5]سجل المستخلصات'!$W$21) | T40: =IF('[5]سجل المستخلصات'!$X$21="","",'[5]سجل المستخلصات'!$X$21) | U40: =IF('[5]سجل المستخلصات'!$Z$21="","",'[5]سجل المستخلصات'!$Z$21) | V40: =IF('[5]سجل المستخلصات'!$AA$21="","",'[5]سجل المستخلصات'!$AA$21) | W40: =IF('[5]سجل المستخلصات'!$AC$21="","",'[5]سجل المستخلصات'!$AC$21) | X40: =IF('[5]سجل المستخلصات'!$AD$21="","",'[5]سجل المستخلصات'!$AD$21) | Y40: =IF('[5]سجل المستخلصات'!$AE$21="","",'[5]سجل المستخلصات'!$AE$21)
