Workbook

Sheet طباعة السند
B1: =CO_AR -> شركة الخطوط المعدنية للمقاولات العامة
B2: =CO_EN -> Metal Lines General Contracting Co. | L2: 🎛 لوحة التحكم (لا تُطبع)
B3: =DEPT&" — "&CITY&" | س.ت: "&CR&" | الرقم الضريبي: "&VAT -> الإدارة المالية — مكة المكرمة | س.ت: 4031000000 | الرقم الضريبي: 300000000000003 | L3: اختر رقم السند ⬅ | M3: 1001 | N3: =IF(M3="","(آخر سند)","")
L4: نوع النسخة | M4: الأصل
B5: رقم السند No. | D5: =IF(IF($M$6=0,"",INDEX(السندات!$E$5:$E$504,$M$6))="شيك","أمر دفع بشيك",IF(IF($M$6=0,"",INDEX(السندات!$E$5:$E$504,$M$6))="تحويل بنكي","أمر تحويل بنكي","أمر دفع نقدي")) -> أمر دفع نقدي | H5: =M4 -> الأصل | L5: السند المعروض | M5: =IF(M3="",IF(COUNT(السندات!$A$5:$A$504)=0,"",MAX(السندات!$A$5:$A$504)),M3) -> 1001
B6: =IF($M$6=0,"",INDEX(السندات!$B$5:$B$504,$M$6)) -> CP-2026-1001 | D6: =IF(IF($M$6=0,"",INDEX(السندات!$E$5:$E$504,$M$6))="شيك","CHEQUE PAYMENT ORDER",IF(IF($M$6=0,"",INDEX(السندات!$E$5:$E$504,$M$6))="تحويل بنكي","BANK TRANSFER ORDER","CASH PAYMENT ORDER")) -> CASH PAYMENT ORDER | L6: صف السند في السجل | M6: =IFERROR(MATCH(M5,السندات!$A$5:$A$504,0),0) -> 1
L7: ترتيبه | M7: =IF(M6=0,"-",COUNTIF(السندات!$A$5:$A$504,"<="&M5)&" من "&COUNT(السندات!$A$5:$A$504)) -> 1 من 3
B8: التاريخ الهجري | G8: =CUR&" "&CUR_EN -> ريال سعودي S.R
B9: =IF($M$6=0,"",INDEX(السندات!$C$5:$C$504,$M$6)) -> 46249 | D9: =IF($M$6=0,"⚠ لا توجد سندات — أضف سنداً في ورقة السجل",IF($M$6=0,"",INDEX(السندات!$N$5:$N$504,$M$6))) -> متوازن ✔ | G9: =IF($M$6=0,"","# "&TEXT(MAX(IF($M$6=0,"",INDEX(السندات!$J$5:$J$504,$M$6)),IF($M$6=0,"",INDEX(السندات!$K$5:$K$504,$M$6))),"#,##0.00")&" #") -> # 3,000.00 # | L9: =HYPERLINK("#'السندات'!C"&(COUNT(السندات!$A$5:$A$504)+5),"➕ سند جديد (أول صف فارغ في السجل)") -> ➕ سند جديد (أول صف فارغ في السجل)
L10: =HYPERLINK("#'بنود السندات'!A"&(COUNTA('بنود السندات'!A5:A3004)+5),"➕ إضافة بنود للسند") -> ➕ إضافة بنود للسند
B11: التاريخ : | C11: =IF($M$6=0,"",INDEX(السندات!$C$5:$C$504,$M$6)) -> 46249 | I11: DATE : | L11: 📊 الملخص والإحصائيات
B12: ادفعوا لأمر : | C12: =IF($M$6=0,"",INDEX(السندات!$D$5:$D$504,$M$6)) -> حيدر شماع | I12: PAY TO : | L12: ⚙ الإعدادات
B13: مبلغ وقدره : | C13: =IF($M$6=0,"",INDEX(السندات!$O$5:$O$504,$M$6)) -> فقط ثلاثة آلاف ريال سعودي لا غير | I13: The Sum of :
B14: وذلك مقابل : | C14: =IF($M$6=0,"",INDEX(السندات!$G$5:$G$504,$M$6)) -> ذمم | I14: Being : | L14: • الخلية الصفراء M3: اختيار السند
B15: طريقة الدفع : | C15: =IF($M$6=0,"",IF(IF($M$6=0,"",INDEX(السندات!$E$5:$E$504,$M$6))="نقدي","☑","☐")&" نقدي "&IF(IF($M$6=0,"",INDEX(السندات!$E$5:$E$504,$M$6))="شيك","☑","☐")&" شيك "&IF(IF($M$6=0,"",INDEX(السندات!$E$5:$E$504,$M$6))="تحويل بنكي","☑","☐")&" تحويل بنكي"&IF(IF($M$6=0,"",INDEX(السندات!$F$5:$F$504,$M$6))="",""," رقم: "&IF($M$6=0,"",INDEX(السندات!$F$5:$F$504,$M$6)))) -> ☑ نقدي ☐ شيك ☐ تحويل بنكي | I15: Method : | L15: • تُطبع منطقة السند فقط على ورقة A4
L16: • Ctrl+P للطباعة مباشرة
B17: مدين | D17: دائن | F17: البيـــــــــــــــــان | I17: الفرع | L17: • البنود من ورقة «بنود السندات» (حتى 12 بنداً)
B18: =CUR_EN&" ريال" -> S.R ريال | C18: هـ | D18: =CUR_EN&" ريال" -> S.R ريال | E18: هـ
B19: =IF(P19=0,"",INT(P19)) -> 3000 | C19: =IF(P19=0,"",ROUND(MOD(P19,1)*100,0)) -> 0 | D19: =IF(Q19=0,"",INT(Q19)) | E19: =IF(Q19=0,"",ROUND(MOD(Q19,1)*100,0)) | F19: =IFERROR(INDEX('بنود السندات'!$E$5:$E$3004,MATCH($M$5&"-"&1,'بنود السندات'!$C$5:$C$3004,0))&"","") -> ذمم حيدر شماع | I19: =IFERROR(INDEX('بنود السندات'!$D$5:$D$3004,MATCH($M$5&"-"&1,'بنود السندات'!$C$5:$C$3004,0))&"","") -> مكة | P19: =IFERROR(N(INDEX('بنود السندات'!$F$5:$F$3004,MATCH($M$5&"-"&1,'بنود السندات'!$C$5:$C$3004,0))),0) -> 3000 | Q19: =IFERROR(N(INDEX('بنود السندات'!$G$5:$G$3004,MATCH($M$5&"-"&1,'بنود السندات'!$C$5:$C$3004,0))),0) -> 0
B20: =IF(P20=0,"",INT(P20)) | C20: =IF(P20=0,"",ROUND(MOD(P20,1)*100,0)) | D20: =IF(Q20=0,"",INT(Q20)) -> 3000 | E20: =IF(Q20=0,"",ROUND(MOD(Q20,1)*100,0)) -> 0 | F20: =IFERROR(INDEX('بنود السندات'!$E$5:$E$3004,MATCH($M$5&"-"&2,'بنود السندات'!$C$5:$C$3004,0))&"","") -> الرياض 940 | I20: =IFERROR(INDEX('بنود السندات'!$D$5:$D$3004,MATCH($M$5&"-"&2,'بنود السندات'!$C$5:$C$3004,0))&"","") -> مكة | P20: =IFERROR(N(INDEX('بنود السندات'!$F$5:$F$3004,MATCH($M$5&"-"&2,'بنود السندات'!$C$5:$C$3004,0))),0) -> 0 | Q20: =IFERROR(N(INDEX('بنود السندات'!$G$5:$G$3004,MATCH($M$5&"-"&2,'بنود السندات'!$C$5:$C$3004,0))),0) -> 3000
B21: =IF(P21=0,"",INT(P21)) | C21: =IF(P21=0,"",ROUND(MOD(P21,1)*100,0)) | D21: =IF(Q21=0,"",INT(Q21)) | E21: =IF(Q21=0,"",ROUND(MOD(Q21,1)*100,0)) | F21: =IFERROR(INDEX('بنود السندات'!$E$5:$E$3004,MATCH($M$5&"-"&3,'بنود السندات'!$C$5:$C$3004,0))&"","") | I21: =IFERROR(INDEX('بنود السندات'!$D$5:$D$3004,MATCH($M$5&"-"&3,'بنود السندات'!$C$5:$C$3004,0))&"","") | P21: =IFERROR(N(INDEX('بنود السندات'!$F$5:$F$3004,MATCH($M$5&"-"&3,'بنود السندات'!$C$5:$C$3004,0))),0) -> 0 | Q21: =IFERROR(N(INDEX('بنود السندات'!$G$5:$G$3004,MATCH($M$5&"-"&3,'بنود السندات'!$C$5:$C$3004,0))),0) -> 0
B22: =IF(P22=0,"",INT(P22)) | C22: =IF(P22=0,"",ROUND(MOD(P22,1)*100,0)) | D22: =IF(Q22=0,"",INT(Q22)) | E22: =IF(Q22=0,"",ROUND(MOD(Q22,1)*100,0)) | F22: =IFERROR(INDEX('بنود السندات'!$E$5:$E$3004,MATCH($M$5&"-"&4,'بنود السندات'!$C$5:$C$3004,0))&"","") | I22: =IFERROR(INDEX('بنود السندات'!$D$5:$D$3004,MATCH($M$5&"-"&4,'بنود السندات'!$C$5:$C$3004,0))&"","") | P22: =IFERROR(N(INDEX('بنود السندات'!$F$5:$F$3004,MATCH($M$5&"-"&4,'بنود السندات'!$C$5:$C$3004,0))),0) -> 0 | Q22: =IFERROR(N(INDEX('بنود السندات'!$G$5:$G$3004,MATCH($M$5&"-"&4,'بنود السندات'!$C$5:$C$3004,0))),0) -> 0
B23: =IF(P23=0,"",INT(P23)) | C23: =IF(P23=0,"",ROUND(MOD(P23,1)*100,0)) | D23: =IF(Q23=0,"",INT(Q23)) | E23: =IF(Q23=0,"",ROUND(MOD(Q23,1)*100,0)) | F23: =IFERROR(INDEX('بنود السندات'!$E$5:$E$3004,MATCH($M$5&"-"&5,'بنود السندات'!$C$5:$C$3004,0))&"","") | I23: =IFERROR(INDEX('بنود السندات'!$D$5:$D$3004,MATCH($M$5&"-"&5,'بنود السندات'!$C$5:$C$3004,0))&"","") | P23: =IFERROR(N(INDEX('بنود السندات'!$F$5:$F$3004,MATCH($M$5&"-"&5,'بنود السندات'!$C$5:$C$3004,0))),0) -> 0 | Q23: =IFERROR(N(INDEX('بنود السندات'!$G$5:$G$3004,MATCH($M$5&"-"&5,'بنود السندات'!$C$5:$C$3004,0))),0) -> 0
B24: =IF(P24=0,"",INT(P24)) | C24: =IF(P24=0,"",ROUND(MOD(P24,1)*100,0)) | D24: =IF(Q24=0,"",INT(Q24)) | E24: =IF(Q24=0,"",ROUND(MOD(Q24,1)*100,0)) | F24: =IFERROR(INDEX('بنود السندات'!$E$5:$E$3004,MATCH($M$5&"-"&6,'بنود السندات'!$C$5:$C$3004,0))&"","") | I24: =IFERROR(INDEX('بنود السندات'!$D$5:$D$3004,MATCH($M$5&"-"&6,'بنود السندات'!$C$5:$C$3004,0))&"","") | P24: =IFERROR(N(INDEX('بنود السندات'!$F$5:$F$3004,MATCH($M$5&"-"&6,'بنود السندات'!$C$5:$C$3004,0))),0) -> 0 | Q24: =IFERROR(N(INDEX('بنود السندات'!$G$5:$G$3004,MATCH($M$5&"-"&6,'بنود السندات'!$C$5:$C$3004,0))),0) -> 0
B25: =IF(P25=0,"",INT(P25)) | C25: =IF(P25=0,"",ROUND(MOD(P25,1)*100,0)) | D25: =IF(Q25=0,"",INT(Q25)) | E25: =IF(Q25=0,"",ROUND(MOD(Q25,1)*100,0)) | F25: =IFERROR(INDEX('بنود السندات'!$E$5:$E$3004,MATCH($M$5&"-"&7,'بنود السندات'!$C$5:$C$3004,0))&"","") | I25: =IFERROR(INDEX('بنود السندات'!$D$5:$D$3004,MATCH($M$5&"-"&7,'بنود السندات'!$C$5:$C$3004,0))&"","") | P25: =IFERROR(N(INDEX('بنود السندات'!$F$5:$F$3004,MATCH($M$5&"-"&7,'بنود السندات'!$C$5:$C$3004,0))),0) -> 0 | Q25: =IFERROR(N(INDEX('بنود السندات'!$G$5:$G$3004,MATCH($M$5&"-"&7,'بنود السندات'!$C$5:$C$3004,0))),0) -> 0
B26: =IF(P26=0,"",INT(P26)) | C26: =IF(P26=0,"",ROUND(MOD(P26,1)*100,0)) | D26: =IF(Q26=0,"",INT(Q26)) | E26: =IF(Q26=0,"",ROUND(MOD(Q26,1)*100,0)) | F26: =IFERROR(INDEX('بنود السندات'!$E$5:$E$3004,MATCH($M$5&"-"&8,'بنود السندات'!$C$5:$C$3004,0))&"","") | I26: =IFERROR(INDEX('بنود السندات'!$D$5:$D$3004,MATCH($M$5&"-"&8,'بنود السندات'!$C$5:$C$3004,0))&"","") | P26: =IFERROR(N(INDEX('بنود السندات'!$F$5:$F$3004,MATCH($M$5&"-"&8,'بنود السندات'!$C$5:$C$3004,0))),0) -> 0 | Q26: =IFERROR(N(INDEX('بنود السندات'!$G$5:$G$3004,MATCH($M$5&"-"&8,'بنود السندات'!$C$5:$C$3004,0))),0) -> 0
B27: =IF(P27=0,"",INT(P27)) | C27: =IF(P27=0,"",ROUND(MOD(P27,1)*100,0)) | D27: =IF(Q27=0,"",INT(Q27)) | E27: =IF(Q27=0,"",ROUND(MOD(Q27,1)*100,0)) | F27: =IFERROR(INDEX('بنود السندات'!$E$5:$E$3004,MATCH($M$5&"-"&9,'بنود السندات'!$C$5:$C$3004,0))&"","") | I27: =IFERROR(INDEX('بنود السندات'!$D$5:$D$3004,MATCH($M$5&"-"&9,'بنود السندات'!$C$5:$C$3004,0))&"","") | P27: =IFERROR(N(INDEX('بنود السندات'!$F$5:$F$3004,MATCH($M$5&"-"&9,'بنود السندات'!$C$5:$C$3004,0))),0) -> 0 | Q27: =IFERROR(N(INDEX('بنود السندات'!$G$5:$G$3004,MATCH($M$5&"-"&9,'بنود السندات'!$C$5:$C$3004,0))),0) -> 0
B28: =IF(P28=0,"",INT(P28)) | C28: =IF(P28=0,"",ROUND(MOD(P28,1)*100,0)) | D28: =IF(Q28=0,"",INT(Q28)) | E28: =IF(Q28=0,"",ROUND(MOD(Q28,1)*100,0)) | F28: =IFERROR(INDEX('بنود السندات'!$E$5:$E$3004,MATCH($M$5&"-"&10,'بنود السندات'!$C$5:$C$3004,0))&"","") | I28: =IFERROR(INDEX('بنود السندات'!$D$5:$D$3004,MATCH($M$5&"-"&10,'بنود السندات'!$C$5:$C$3004,0))&"","") | P28: =IFERROR(N(INDEX('بنود السندات'!$F$5:$F$3004,MATCH($M$5&"-"&10,'بنود السندات'!$C$5:$C$3004,0))),0) -> 0 | Q28: =IFERROR(N(INDEX('بنود السندات'!$G$5:$G$3004,MATCH($M$5&"-"&10,'بنود السندات'!$C$5:$C$3004,0))),0) -> 0
B29: =IF(P29=0,"",INT(P29)) | C29: =IF(P29=0,"",ROUND(MOD(P29,1)*100,0)) | D29: =IF(Q29=0,"",INT(Q29)) | E29: =IF(Q29=0,"",ROUND(MOD(Q29,1)*100,0)) | F29: =IFERROR(INDEX('بنود السندات'!$E$5:$E$3004,MATCH($M$5&"-"&11,'بنود السندات'!$C$5:$C$3004,0))&"","") | I29: =IFERROR(INDEX('بنود السندات'!$D$5:$D$3004,MATCH($M$5&"-"&11,'بنود السندات'!$C$5:$C$3004,0))&"","") | P29: =IFERROR(N(INDEX('بنود السندات'!$F$5:$F$3004,MATCH($M$5&"-"&11,'بنود السندات'!$C$5:$C$3004,0))),0) -> 0 | Q29: =IFERROR(N(INDEX('بنود السندات'!$G$5:$G$3004,MATCH($M$5&"-"&11,'بنود السندات'!$C$5:$C$3004,0))),0) -> 0
B30: =IF(P30=0,"",INT(P30)) | C30: =IF(P30=0,"",ROUND(MOD(P30,1)*100,0)) | D30: =IF(Q30=0,"",INT(Q30)) | E30: =IF(Q30=0,"",ROUND(MOD(Q30,1)*100,0)) | F30: =IFERROR(INDEX('بنود السندات'!$E$5:$E$3004,MATCH($M$5&"-"&12,'بنود السندات'!$C$5:$C$3004,0))&"","") | I30: =IFERROR(INDEX('بنود السندات'!$D$5:$D$3004,MATCH($M$5&"-"&12,'بنود السندات'!$C$5:$C$3004,0))&"","") | P30: =IFERROR(N(INDEX('بنود السندات'!$F$5:$F$3004,MATCH($M$5&"-"&12,'بنود السندات'!$C$5:$C$3004,0))),0) -> 0 | Q30: =IFERROR(N(INDEX('بنود السندات'!$G$5:$G$3004,MATCH($M$5&"-"&12,'بنود السندات'!$C$5:$C$3004,0))),0) -> 0
B31: =INT(P31) -> 3000 | C31: =ROUND(MOD(P31,1)*100,0) -> 0 | D31: =INT(Q31) -> 3000 | E31: =ROUND(MOD(Q31,1)*100,0) -> 0 | F31: =IF($M$6=0,"",INDEX(السندات!$H$5:$H$504,$M$6)) -> رد ذمم حيدر شماع للمالك | I31: المجموع | P31: =ROUND(SUM(P19:P30),2) -> 3000 | Q31: =ROUND(SUM(Q19:Q30),2) -> 3000
B32: =IF(M6=0,"",IF(INDEX(السندات!$M$5:$M$504,M6)>12,"⚠ للسند "&INDEX(السندات!$M$5:$M$504,M6)&" بنداً — يظهر أول 12 فقط، والمجموع لما هو معروض",""))
B34: اسم المستلم | D34: أمين الصندوق | F34: المحاسب | H34: المدير العام
B35: =IF(IF($M$6=0,"",INDEX(السندات!$I$5:$I$504,$M$6))="","",IF($M$6=0,"",INDEX(السندات!$I$5:$I$504,$M$6))) -> حيدر شماع | D35: =IF(CASHIER="","",CASHIER) -> احمد عبدالعظيم | F35: =IF(ACCOUNTANT="","",ACCOUNTANT) | H35: =IF(GM="","",GM) -> حيدر شماع
B36: التوقيع | D36: التوقيع | F36: التوقيع | H36: التوقيع
B38: ="تاريخ الطباعة: "&TEXT(NOW(),"dd/mm/yyyy hh:mm")&" | السند "&M7&" | "&IF($M$6=0,"",INDEX(السندات!$B$5:$B$504,$M$6)) -> تاريخ الطباعة: 29/09/2026 07:59 | السند 1 من 3 | CP-2026-1001

Sheet السندات
A1: 🧾 سجل أوامر الدفع
A2: اكتب في الأعمدة الصفراء فقط — رقم السند والإجماليات والحالة والتفقيط تتولد تلقائياً
A3: ="عدد السندات: "&COUNT(A5:A504)&" | الإجمالي: "&TEXT(SUM(J5:J504),"#,##0.00")&" "&CUR_EN -> عدد السندات: 3 | الإجمالي: 45,330.50 S.R | N3: 🖨 طباعة السند | O3: =HYPERLINK("#'بنود السندات'!A"&(COUNTA('بنود السندات'!A5:A3004)+5),"➕ إضافة بنود ← بنود السندات") -> ➕ إضافة بنود ← بنود السندات
A4: رقم السند | B4: المرجع | C4: التاريخ | D4: ادفعوا لأمر | E4: طريقة الدفع | F4: رقم الشيك / الحوالة | G4: وذلك مقابل | H4: ملاحظة أسفل السند | I4: اسم المستلم | J4: إجمالي المدين | K4: إجمالي الدائن | L4: الفرق | M4: عدد البنود | N4: الحالة | O4: المبلغ كتابةً (تلقائي)
A5: =IF(C5="","",START_NO+COUNT(C$5:C5)-1) -> 1001 | B5: =IF(A5="","",PREFIX&"-"&TEXT(C5,"yyyy")&"-"&A5) -> CP-2026-1001 | C5: 46249 | D5: حيدر شماع | E5: نقدي | G5: ذمم | H5: رد ذمم حيدر شماع للمالك | I5: حيدر شماع | J5: =IF(A5="","",SUMIFS('بنود السندات'!$F$5:$F$3004,'بنود السندات'!$A$5:$A$3004,A5)) -> 3000 | K5: =IF(A5="","",SUMIFS('بنود السندات'!$G$5:$G$3004,'بنود السندات'!$A$5:$A$3004,A5)) -> 3000 | L5: =IF(A5="","",ROUND(J5-K5,2)) -> 0 | M5: =IF(A5="","",COUNTIF('بنود السندات'!$A$5:$A$3004,A5)) -> 2 | N5: =IF(A5="","",IF(M5=0,"بدون بنود ⚠",IF(L5=0,"متوازن ✔","غير متوازن ✘"))) -> متوازن ✔ | O5: =IF(A5="","","فقط "&IF(INT(ROUND(MAX(J5,K5),2))=0,"صفر",MID(IF(INT(INT(ROUND(MAX(J5,K5),2))/1000000)>0," و"&INDEX(تفقيط!$D$2:$D$1001,INT(INT(ROUND(MAX(J5,K5),2))/1000000)+1),"")&IF(INT(MOD(INT(ROUND(MAX(J5,K5),2)),1000000)/1000)>0," و"&INDEX(تفقيط!$C$2:$C$1001,INT(MOD(INT(ROUND(MAX(J5,K5),2)),1000000)/1000)+1),"")&IF(MOD(INT(ROUND(MAX(J5,K5),2)),1000)>0," و"&INDEX(تفقيط!$B$2:$B$1001,MOD(INT(ROUND(MAX(J5,K5),2)),1000)+1),""),3,400))&" "&CUR&IF(ROUND((ROUND(MAX(J5,K5),2)-INT(ROUND(MAX(J5,K5),2)))*100,0)>0," و"&INDEX(تفقيط!$E$2:$E$1001,ROUND((ROUND(MAX(J5,K5),2)-INT(ROUND(MAX(J5,K5),2)))*100,0)+1),"")&" لا غير") -> فقط ثلاثة آلاف ريال سعودي لا غير
A6: =IF(C6="","",START_NO+COUNT(C$5:C6)-1) -> 1002 | B6: =IF(A6="","",PREFIX&"-"&TEXT(C6,"yyyy")&"-"&A6) -> CP-2026-1002 | C6: 46254 | D6: مؤسسة البناء الحديث | E6: شيك | F6: 000457 | G6: دفعة مقدمة — توريد حديد مشروع العزيزية | H6: دفعة أولى من عقد التوريد | I6: سالم الحربي | J6: =IF(A6="","",SUMIFS('بنود السندات'!$F$5:$F$3004,'بنود السندات'!$A$5:$A$3004,A6)) -> 37500.5 | K6: =IF(A6="","",SUMIFS('بنود السندات'!$G$5:$G$3004,'بنود السندات'!$A$5:$A$3004,A6)) -> 37500.5 | L6: =IF(A6="","",ROUND(J6-K6,2)) -> 0 | M6: =IF(A6="","",COUNTIF('بنود السندات'!$A$5:$A$3004,A6)) -> 3 | N6: =IF(A6="","",IF(M6=0,"بدون بنود ⚠",IF(L6=0,"متوازن ✔","غير متوازن ✘"))) -> متوازن ✔ | O6: =IF(A6="","","فقط "&IF(INT(ROUND(MAX(J6,K6),2))=0,"صفر",MID(IF(INT(INT(ROUND(MAX(J6,K6),2))/1000000)>0," و"&INDEX(تفقيط!$D$2:$D$1001,INT(INT(ROUND(MAX(J6,K6),2))/1000000)+1),"")&IF(INT(MOD(INT(ROUND(MAX(J6,K6),2)),1000000)/1000)>0," و"&INDEX(تفقيط!$C$2:$C$1001,INT(MOD(INT(ROUND(MAX(J6,K6),2)),1000000)/1000)+1),"")&IF(MOD(INT(ROUND(MAX(J6,K6),2)),1000)>0," و"&INDEX(تفقيط!$B$2:$B$1001,MOD(INT(ROUND(MAX(J6,K6),2)),1000)+1),""),3,400))&" "&CUR&IF(ROUND((ROUND(MAX(J6,K6),2)-INT(ROUND(MAX(J6,K6),2)))*100,0)>0," و"&INDEX(تفقيط!$E$2:$E$1001,ROUND((ROUND(MAX(J6,K6),2)-INT(ROUND(MAX(J6,K6),2)))*100,0)+1),"")&" لا غير") -> فقط سبعة وثلاثون ألفاً وخمسمائة ريال سعودي وخمسون هللة لا غير
A7: =IF(C7="","",START_NO+COUNT(C$5:C7)-1) -> 1003 | B7: =IF(A7="","",PREFIX&"-"&TEXT(C7,"yyyy")&"-"&A7) -> CP-2026-1003 | C7: 46268 | D7: شركة الوقود المتحدة | E7: تحويل بنكي | F7: TRX-88213 | G7: محروقات معدات شهر أغسطس | H7: شامل ضريبة القيمة المضافة | I7: محمد القرشي | J7: =IF(A7="","",SUMIFS('بنود السندات'!$F$5:$F$3004,'بنود السندات'!$A$5:$A$3004,A7)) -> 4830 | K7: =IF(A7="","",SUMIFS('بنود السندات'!$G$5:$G$3004,'بنود السندات'!$A$5:$A$3004,A7)) -> 4830 | L7: =IF(A7="","",ROUND(J7-K7,2)) -> 0 | M7: =IF(A7="","",COUNTIF('بنود السندات'!$A$5:$A$3004,A7)) -> 3 | N7: =IF(A7="","",IF(M7=0,"بدون بنود ⚠",IF(L7=0,"متوازن ✔","غير متوازن ✘"))) -> متوازن ✔ | O7: =IF(A7="","","فقط "&IF(INT(ROUND(MAX(J7,K7),2))=0,"صفر",MID(IF(INT(INT(ROUND(MAX(J7,K7),2))/1000000)>0," و"&INDEX(تفقيط!$D$2:$D$1001,INT(INT(ROUND(MAX(J7,K7),2))/1000000)+1),"")&IF(INT(MOD(INT(ROUND(MAX(J7,K7),2)),1000000)/1000)>0," و"&INDEX(تفقيط!$C$2:$C$1001,INT(MOD(INT(ROUND(MAX(J7,K7),2)),1000000)/1000)+1),"")&IF(MOD(INT(ROUND(MAX(J7,K7),2)),1000)>0," و"&INDEX(تفقيط!$B$2:$B$1001,MOD(INT(ROUND(MAX(J7,K7),2)),1000)+1),""),3,400))&" "&CUR&IF(ROUND((ROUND(MAX(J7,K7),2)-INT(ROUND(MAX(J7,K7),2)))*100,0)>0," و"&INDEX(تفقيط!$E$2:$E$1001,ROUND((ROUND(MAX(J7,K7),2)-INT(ROUND(MAX(J7,K7),2)))*100,0)+1),"")&" لا غير") -> فقط أربعة آلاف وثمانمائة وثلاثون ريال سعودي لا غير
A8: =IF(C8="","",START_NO+COUNT(C$5:C8)-1) | B8: =IF(A8="","",PREFIX&"-"&TEXT(C8,"yyyy")&"-"&A8) | J8: =IF(A8="","",SUMIFS('بنود السندات'!$F$5:$F$3004,'بنود السندات'!$A$5:$A$3004,A8)) | K8: =IF(A8="","",SUMIFS('بنود السندات'!$G$5:$G$3004,'بنود السندات'!$A$5:$A$3004,A8)) | L8: =IF(A8="","",ROUND(J8-K8,2)) | M8: =IF(A8="","",COUNTIF('بنود السندات'!$A$5:$A$3004,A8)) | N8: =IF(A8="","",IF(M8=0,"بدون بنود ⚠",IF(L8=0,"متوازن ✔","غير متوازن ✘"))) | O8: =IF(A8="","","فقط "&IF(INT(ROUND(MAX(J8,K8),2))=0,"صفر",MID(IF(INT(INT(ROUND(MAX(J8,K8),2))/1000000)>0," و"&INDEX(تفقيط!$D$2:$D$1001,INT(INT(ROUND(MAX(J8,K8),2))/1000000)+1),"")&IF(INT(MOD(INT(ROUND(MAX(J8,K8),2)),1000000)/1000)>0," و"&INDEX(تفقيط!$C$2:$C$1001,INT(MOD(INT(ROUND(MAX(J8,K8),2)),1000000)/1000)+1),"")&IF(MOD(INT(ROUND(MAX(J8,K8),2)),1000)>0," و"&INDEX(تفقيط!$B$2:$B$1001,MOD(INT(ROUND(MAX(J8,K8),2)),1000)+1),""),3,400))&" "&CUR&IF(ROUND((ROUND(MAX(J8,K8),2)-INT(ROUND(MAX(J8,K8),2)))*100,0)>0," و"&INDEX(تفقيط!$E$2:$E$1001,ROUND((ROUND(MAX(J8,K8),2)-INT(ROUND(MAX(J8,K8),2)))*100,0)+1),"")&" لا غير")
A9: =IF(C9="","",START_NO+COUNT(C$5:C9)-1) | B9: =IF(A9="","",PREFIX&"-"&TEXT(C9,"yyyy")&"-"&A9) | J9: =IF(A9="","",SUMIFS('بنود السندات'!$F$5:$F$3004,'بنود السندات'!$A$5:$A$3004,A9)) | K9: =IF(A9="","",SUMIFS('بنود السندات'!$G$5:$G$3004,'بنود السندات'!$A$5:$A$3004,A9)) | L9: =IF(A9="","",ROUND(J9-K9,2)) | M9: =IF(A9="","",COUNTIF('بنود السندات'!$A$5:$A$3004,A9)) | N9: =IF(A9="","",IF(M9=0,"بدون بنود ⚠",IF(L9=0,"متوازن ✔","غير متوازن ✘"))) | O9: =IF(A9="","","فقط "&IF(INT(ROUND(MAX(J9,K9),2))=0,"صفر",MID(IF(INT(INT(ROUND(MAX(J9,K9),2))/1000000)>0," و"&INDEX(تفقيط!$D$2:$D$1001,INT(INT(ROUND(MAX(J9,K9),2))/1000000)+1),"")&IF(INT(MOD(INT(ROUND(MAX(J9,K9),2)),1000000)/1000)>0," و"&INDEX(تفقيط!$C$2:$C$1001,INT(MOD(INT(ROUND(MAX(J9,K9),2)),1000000)/1000)+1),"")&IF(MOD(INT(ROUND(MAX(J9,K9),2)),1000)>0," و"&INDEX(تفقيط!$B$2:$B$1001,MOD(INT(ROUND(MAX(J9,K9),2)),1000)+1),""),3,400))&" "&CUR&IF(ROUND((ROUND(MAX(J9,K9),2)-INT(ROUND(MAX(J9,K9),2)))*100,0)>0," و"&INDEX(تفقيط!$E$2:$E$1001,ROUND((ROUND(MAX(J9,K9),2)-INT(ROUND(MAX(J9,K9),2)))*100,0)+1),"")&" لا غير")
A10: =IF(C10="","",START_NO+COUNT(C$5:C10)-1) | B10: =IF(A10="","",PREFIX&"-"&TEXT(C10,"yyyy")&"-"&A10) | J10: =IF(A10="","",SUMIFS('بنود السندات'!$F$5:$F$3004,'بنود السندات'!$A$5:$A$3004,A10)) | K10: =IF(A10="","",SUMIFS('بنود السندات'!$G$5:$G$3004,'بنود السندات'!$A$5:$A$3004,A10)) | L10: =IF(A10="","",ROUND(J10-K10,2)) | M10: =IF(A10="","",COUNTIF('بنود السندات'!$A$5:$A$3004,A10)) | N10: =IF(A10="","",IF(M10=0,"بدون بنود ⚠",IF(L10=0,"متوازن ✔","غير متوازن ✘"))) | O10: =IF(A10="","","فقط "&IF(INT(ROUND(MAX(J10,K10),2))=0,"صفر",MID(IF(INT(INT(ROUND(MAX(J10,K10),2))/1000000)>0," و"&INDEX(تفقيط!$D$2:$D$1001,INT(INT(ROUND(MAX(J10,K10),2))/1000000)+1),"")&IF(INT(MOD(INT(ROUND(MAX(J10,K10),2)),1000000)/1000)>0," و"&INDEX(تفقيط!$C$2:$C$1001,INT(MOD(INT(ROUND(MAX(J10,K10),2)),1000000)/1000)+1),"")&IF(MOD(INT(ROUND(MAX(J10,K10),2)),1000)>0," و"&INDEX(تفقيط!$B$2:$B$1001,MOD(INT(ROUND(MAX(J10,K10),2)),1000)+1),""),3,400))&" "&CUR&IF(ROUND((ROUND(MAX(J10,K10),2)-INT(ROUND(MAX(J10,K10),2)))*100,0)>0," و"&INDEX(تفقيط!$E$2:$E$1001,ROUND((ROUND(MAX(J10,K10),2)-INT(ROUND(MAX(J10,K10),2)))*100,0)+1),"")&" لا غير")
A11: =IF(C11="","",START_NO+COUNT(C$5:C11)-1) | B11: =IF(A11="","",PREFIX&"-"&TEXT(C11,"yyyy")&"-"&A11) | J11: =IF(A11="","",SUMIFS('بنود السندات'!$F$5:$F$3004,'بنود السندات'!$A$5:$A$3004,A11)) | K11: =IF(A11="","",SUMIFS('بنود السندات'!$G$5:$G$3004,'بنود السندات'!$A$5:$A$3004,A11)) | L11: =IF(A11="","",ROUND(J11-K11,2)) | M11: =IF(A11="","",COUNTIF('بنود السندات'!$A$5:$A$3004,A11)) | N11: =IF(A11="","",IF(M11=0,"بدون بنود ⚠",IF(L11=0,"متوازن ✔","غير متوازن ✘"))) | O11: =IF(A11="","","فقط "&IF(INT(ROUND(MAX(J11,K11),2))=0,"صفر",MID(IF(INT(INT(ROUND(MAX(J11,K11),2))/1000000)>0," و"&INDEX(تفقيط!$D$2:$D$1001,INT(INT(ROUND(MAX(J11,K11),2))/1000000)+1),"")&IF(INT(MOD(INT(ROUND(MAX(J11,K11),2)),1000000)/1000)>0," و"&INDEX(تفقيط!$C$2:$C$1001,INT(MOD(INT(ROUND(MAX(J11,K11),2)),1000000)/1000)+1),"")&IF(MOD(INT(ROUND(MAX(J11,K11),2)),1000)>0," و"&INDEX(تفقيط!$B$2:$B$1001,MOD(INT(ROUND(MAX(J11,K11),2)),1000)+1),""),3,400))&" "&CUR&IF(ROUND((ROUND(MAX(J11,K11),2)-INT(ROUND(MAX(J11,K11),2)))*100,0)>0," و"&INDEX(تفقيط!$E$2:$E$1001,ROUND((ROUND(MAX(J11,K11),2)-INT(ROUND(MAX(J11,K11),2)))*100,0)+1),"")&" لا غير")
A12: =IF(C12="","",START_NO+COUNT(C$5:C12)-1) | B12: =IF(A12="","",PREFIX&"-"&TEXT(C12,"yyyy")&"-"&A12) | J12: =IF(A12="","",SUMIFS('بنود السندات'!$F$5:$F$3004,'بنود السندات'!$A$5:$A$3004,A12)) | K12: =IF(A12="","",SUMIFS('بنود السندات'!$G$5:$G$3004,'بنود السندات'!$A$5:$A$3004,A12)) | L12: =IF(A12="","",ROUND(J12-K12,2)) | M12: =IF(A12="","",COUNTIF('بنود السندات'!$A$5:$A$3004,A12)) | N12: =IF(A12="","",IF(M12=0,"بدون بنود ⚠",IF(L12=0,"متوازن ✔","غير متوازن ✘"))) | O12: =IF(A12="","","فقط "&IF(INT(ROUND(MAX(J12,K12),2))=0,"صفر",MID(IF(INT(INT(ROUND(MAX(J12,K12),2))/1000000)>0," و"&INDEX(تفقيط!$D$2:$D$1001,INT(INT(ROUND(MAX(J12,K12),2))/1000000)+1),"")&IF(INT(MOD(INT(ROUND(MAX(J12,K12),2)),1000000)/1000)>0," و"&INDEX(تفقيط!$C$2:$C$1001,INT(MOD(INT(ROUND(MAX(J12,K12),2)),1000000)/1000)+1),"")&IF(MOD(INT(ROUND(MAX(J12,K12),2)),1000)>0," و"&INDEX(تفقيط!$B$2:$B$1001,MOD(INT(ROUND(MAX(J12,K12),2)),1000)+1),""),3,400))&" "&CUR&IF(ROUND((ROUND(MAX(J12,K12),2)-INT(ROUND(MAX(J12,K12),2)))*100,0)>0," و"&INDEX(تفقيط!$E$2:$E$1001,ROUND((ROUND(MAX(J12,K12),2)-INT(ROUND(MAX(J12,K12),2)))*100,0)+1),"")&" لا غير")
A13: =IF(C13="","",START_NO+COUNT(C$5:C13)-1) | B13: =IF(A13="","",PREFIX&"-"&TEXT(C13,"yyyy")&"-"&A13) | J13: =IF(A13="","",SUMIFS('بنود السندات'!$F$5:$F$3004,'بنود السندات'!$A$5:$A$3004,A13)) | K13: =IF(A13="","",SUMIFS('بنود السندات'!$G$5:$G$3004,'بنود السندات'!$A$5:$A$3004,A13)) | L13: =IF(A13="","",ROUND(J13-K13,2)) | M13: =IF(A13="","",COUNTIF('بنود السندات'!$A$5:$A$3004,A13)) | N13: =IF(A13="","",IF(M13=0,"بدون بنود ⚠",IF(L13=0,"متوازن ✔","غير متوازن ✘"))) | O13: =IF(A13="","","فقط "&IF(INT(ROUND(MAX(J13,K13),2))=0,"صفر",MID(IF(INT(INT(ROUND(MAX(J13,K13),2))/1000000)>0," و"&INDEX(تفقيط!$D$2:$D$1001,INT(INT(ROUND(MAX(J13,K13),2))/1000000)+1),"")&IF(INT(MOD(INT(ROUND(MAX(J13,K13),2)),1000000)/1000)>0," و"&INDEX(تفقيط!$C$2:$C$1001,INT(MOD(INT(ROUND(MAX(J13,K13),2)),1000000)/1000)+1),"")&IF(MOD(INT(ROUND(MAX(J13,K13),2)),1000)>0," و"&INDEX(تفقيط!$B$2:$B$1001,MOD(INT(ROUND(MAX(J13,K13),2)),1000)+1),""),3,400))&" "&CUR&IF(ROUND((ROUND(MAX(J13,K13),2)-INT(ROUND(MAX(J13,K13),2)))*100,0)>0," و"&INDEX(تفقيط!$E$2:$E$1001,ROUND((ROUND(MAX(J13,K13),2)-INT(ROUND(MAX(J13,K13),2)))*100,0)+1),"")&" لا غير")
A14: =IF(C14="","",START_NO+COUNT(C$5:C14)-1) | B14: =IF(A14="","",PREFIX&"-"&TEXT(C14,"yyyy")&"-"&A14) | J14: =IF(A14="","",SUMIFS('بنود السندات'!$F$5:$F$3004,'بنود السندات'!$A$5:$A$3004,A14)) | K14: =IF(A14="","",SUMIFS('بنود السندات'!$G$5:$G$3004,'بنود السندات'!$A$5:$A$3004,A14)) | L14: =IF(A14="","",ROUND(J14-K14,2)) | M14: =IF(A14="","",COUNTIF('بنود السندات'!$A$5:$A$3004,A14)) | N14: =IF(A14="","",IF(M14=0,"بدون بنود ⚠",IF(L14=0,"متوازن ✔","غير متوازن ✘"))) | O14: =IF(A14="","","فقط "&IF(INT(ROUND(MAX(J14,K14),2))=0,"صفر",MID(IF(INT(INT(ROUND(MAX(J14,K14),2))/1000000)>0," و"&INDEX(تفقيط!$D$2:$D$1001,INT(INT(ROUND(MAX(J14,K14),2))/1000000)+1),"")&IF(INT(MOD(INT(ROUND(MAX(J14,K14),2)),1000000)/1000)>0," و"&INDEX(تفقيط!$C$2:$C$1001,INT(MOD(INT(ROUND(MAX(J14,K14),2)),1000000)/1000)+1),"")&IF(MOD(INT(ROUND(MAX(J14,K14),2)),1000)>0," و"&INDEX(تفقيط!$B$2:$B$1001,MOD(INT(ROUND(MAX(J14,K14),2)),1000)+1),""),3,400))&" "&CUR&IF(ROUND((ROUND(MAX(J14,K14),2)-INT(ROUND(MAX(J14,K14),2)))*100,0)>0," و"&INDEX(تفقيط!$E$2:$E$1001,ROUND((ROUND(MAX(J14,K14),2)-INT(ROUND(MAX(J14,K14),2)))*100,0)+1),"")&" لا غير")
A15: =IF(C15="","",START_NO+COUNT(C$5:C15)-1) | B15: =IF(A15="","",PREFIX&"-"&TEXT(C15,"yyyy")&"-"&A15) | J15: =IF(A15="","",SUMIFS('بنود السندات'!$F$5:$F$3004,'بنود السندات'!$A$5:$A$3004,A15)) | K15: =IF(A15="","",SUMIFS('بنود السندات'!$G$5:$G$3004,'بنود السندات'!$A$5:$A$3004,A15)) | L15: =IF(A15="","",ROUND(J15-K15,2)) | M15: =IF(A15="","",COUNTIF('بنود السندات'!$A$5:$A$3004,A15)) | N15: =IF(A15="","",IF(M15=0,"بدون بنود ⚠",IF(L15=0,"متوازن ✔","غير متوازن ✘"))) | O15: =IF(A15="","","فقط "&IF(INT(ROUND(MAX(J15,K15),2))=0,"صفر",MID(IF(INT(INT(ROUND(MAX(J15,K15),2))/1000000)>0," و"&INDEX(تفقيط!$D$2:$D$1001,INT(INT(ROUND(MAX(J15,K15),2))/1000000)+1),"")&IF(INT(MOD(INT(ROUND(MAX(J15,K15),2)),1000000)/1000)>0," و"&INDEX(تفقيط!$C$2:$C$1001,INT(MOD(INT(ROUND(MAX(J15,K15),2)),1000000)/1000)+1),"")&IF(MOD(INT(ROUND(MAX(J15,K15),2)),1000)>0," و"&INDEX(تفقيط!$B$2:$B$1001,MOD(INT(ROUND(MAX(J15,K15),2)),1000)+1),""),3,400))&" "&CUR&IF(ROUND((ROUND(MAX(J15,K15),2)-INT(ROUND(MAX(J15,K15),2)))*100,0)>0," و"&INDEX(تفقيط!$E$2:$E$1001,ROUND((ROUND(MAX(J15,K15),2)-INT(ROUND(MAX(J15,K15),2)))*100,0)+1),"")&" لا غير")
A16: =IF(C16="","",START_NO+COUNT(C$5:C16)-1) | B16: =IF(A16="","",PREFIX&"-"&TEXT(C16,"yyyy")&"-"&A16) | J16: =IF(A16="","",SUMIFS('بنود السندات'!$F$5:$F$3004,'بنود السندات'!$A$5:$A$3004,A16)) | K16: =IF(A16="","",SUMIFS('بنود السندات'!$G$5:$G$3004,'بنود السندات'!$A$5:$A$3004,A16)) | L16: =IF(A16="","",ROUND(J16-K16,2)) | M16: =IF(A16="","",COUNTIF('بنود السندات'!$A$5:$A$3004,A16)) | N16: =IF(A16="","",IF(M16=0,"بدون بنود ⚠",IF(L16=0,"متوازن ✔","غير متوازن ✘"))) | O16: =IF(A16="","","فقط "&IF(INT(ROUND(MAX(J16,K16),2))=0,"صفر",MID(IF(INT(INT(ROUND(MAX(J16,K16),2))/1000000)>0," و"&INDEX(تفقيط!$D$2:$D$1001,INT(INT(ROUND(MAX(J16,K16),2))/1000000)+1),"")&IF(INT(MOD(INT(ROUND(MAX(J16,K16),2)),1000000)/1000)>0," و"&INDEX(تفقيط!$C$2:$C$1001,INT(MOD(INT(ROUND(MAX(J16,K16),2)),1000000)/1000)+1),"")&IF(MOD(INT(ROUND(MAX(J16,K16),2)),1000)>0," و"&INDEX(تفقيط!$B$2:$B$1001,MOD(INT(ROUND(MAX(J16,K16),2)),1000)+1),""),3,400))&" "&CUR&IF(ROUND((ROUND(MAX(J16,K16),2)-INT(ROUND(MAX(J16,K16),2)))*100,0)>0," و"&INDEX(تفقيط!$E$2:$E$1001,ROUND((ROUND(MAX(J16,K16),2)-INT(ROUND(MAX(J16,K16),2)))*100,0)+1),"")&" لا غير")
A17: =IF(C17="","",START_NO+COUNT(C$5:C17)-1) | B17: =IF(A17="","",PREFIX&"-"&TEXT(C17,"yyyy")&"-"&A17) | J17: =IF(A17="","",SUMIFS('بنود السندات'!$F$5:$F$3004,'بنود السندات'!$A$5:$A$3004,A17)) | K17: =IF(A17="","",SUMIFS('بنود السندات'!$G$5:$G$3004,'بنود السندات'!$A$5:$A$3004,A17)) | L17: =IF(A17="","",ROUND(J17-K17,2)) | M17: =IF(A17="","",COUNTIF('بنود السندات'!$A$5:$A$3004,A17)) | N17: =IF(A17="","",IF(M17=0,"بدون بنود ⚠",IF(L17=0,"متوازن ✔","غير متوازن ✘"))) | O17: =IF(A17="","","فقط "&IF(INT(ROUND(MAX(J17,K17),2))=0,"صفر",MID(IF(INT(INT(ROUND(MAX(J17,K17),2))/1000000)>0," و"&INDEX(تفقيط!$D$2:$D$1001,INT(INT(ROUND(MAX(J17,K17),2))/1000000)+1),"")&IF(INT(MOD(INT(ROUND(MAX(J17,K17),2)),1000000)/1000)>0," و"&INDEX(تفقيط!$C$2:$C$1001,INT(MOD(INT(ROUND(MAX(J17,K17),2)),1000000)/1000)+1),"")&IF(MOD(INT(ROUND(MAX(J17,K17),2)),1000)>0," و"&INDEX(تفقيط!$B$2:$B$1001,MOD(INT(ROUND(MAX(J17,K17),2)),1000)+1),""),3,400))&" "&CUR&IF(ROUND((ROUND(MAX(J17,K17),2)-INT(ROUND(MAX(J17,K17),2)))*100,0)>0," و"&INDEX(تفقيط!$E$2:$E$1001,ROUND((ROUND(MAX(J17,K17),2)-INT(ROUND(MAX(J17,K17),2)))*100,0)+1),"")&" لا غير")
A18: =IF(C18="","",START_NO+COUNT(C$5:C18)-1) | B18: =IF(A18="","",PREFIX&"-"&TEXT(C18,"yyyy")&"-"&A18) | J18: =IF(A18="","",SUMIFS('بنود السندات'!$F$5:$F$3004,'بنود السندات'!$A$5:$A$3004,A18)) | K18: =IF(A18="","",SUMIFS('بنود السندات'!$G$5:$G$3004,'بنود السندات'!$A$5:$A$3004,A18)) | L18: =IF(A18="","",ROUND(J18-K18,2)) | M18: =IF(A18="","",COUNTIF('بنود السندات'!$A$5:$A$3004,A18)) | N18: =IF(A18="","",IF(M18=0,"بدون بنود ⚠",IF(L18=0,"متوازن ✔","غير متوازن ✘"))) | O18: =IF(A18="","","فقط "&IF(INT(ROUND(MAX(J18,K18),2))=0,"صفر",MID(IF(INT(INT(ROUND(MAX(J18,K18),2))/1000000)>0," و"&INDEX(تفقيط!$D$2:$D$1001,INT(INT(ROUND(MAX(J18,K18),2))/1000000)+1),"")&IF(INT(MOD(INT(ROUND(MAX(J18,K18),2)),1000000)/1000)>0," و"&INDEX(تفقيط!$C$2:$C$1001,INT(MOD(INT(ROUND(MAX(J18,K18),2)),1000000)/1000)+1),"")&IF(MOD(INT(ROUND(MAX(J18,K18),2)),1000)>0," و"&INDEX(تفقيط!$B$2:$B$1001,MOD(INT(ROUND(MAX(J18,K18),2)),1000)+1),""),3,400))&" "&CUR&IF(ROUND((ROUND(MAX(J18,K18),2)-INT(ROUND(MAX(J18,K18),2)))*100,0)>0," و"&INDEX(تفقيط!$E$2:$E$1001,ROUND((ROUND(MAX(J18,K18),2)-INT(ROUND(MAX(J18,K18),2)))*100,0)+1),"")&" لا غير")
A19: =IF(C19="","",START_NO+COUNT(C$5:C19)-1) | B19: =IF(A19="","",PREFIX&"-"&TEXT(C19,"yyyy")&"-"&A19) | J19: =IF(A19="","",SUMIFS('بنود السندات'!$F$5:$F$3004,'بنود السندات'!$A$5:$A$3004,A19)) | K19: =IF(A19="","",SUMIFS('بنود السندات'!$G$5:$G$3004,'بنود السندات'!$A$5:$A$3004,A19)) | L19: =IF(A19="","",ROUND(J19-K19,2)) | M19: =IF(A19="","",COUNTIF('بنود السندات'!$A$5:$A$3004,A19)) | N19: =IF(A19="","",IF(M19=0,"بدون بنود ⚠",IF(L19=0,"متوازن ✔","غير متوازن ✘"))) | O19: =IF(A19="","","فقط "&IF(INT(ROUND(MAX(J19,K19),2))=0,"صفر",MID(IF(INT(INT(ROUND(MAX(J19,K19),2))/1000000)>0," و"&INDEX(تفقيط!$D$2:$D$1001,INT(INT(ROUND(MAX(J19,K19),2))/1000000)+1),"")&IF(INT(MOD(INT(ROUND(MAX(J19,K19),2)),1000000)/1000)>0," و"&INDEX(تفقيط!$C$2:$C$1001,INT(MOD(INT(ROUND(MAX(J19,K19),2)),1000000)/1000)+1),"")&IF(MOD(INT(ROUND(MAX(J19,K19),2)),1000)>0," و"&INDEX(تفقيط!$B$2:$B$1001,MOD(INT(ROUND(MAX(J19,K19),2)),1000)+1),""),3,400))&" "&CUR&IF(ROUND((ROUND(MAX(J19,K19),2)-INT(ROUND(MAX(J19,K19),2)))*100,0)>0," و"&INDEX(تفقيط!$E$2:$E$1001,ROUND((ROUND(MAX(J19,K19),2)-INT(ROUND(MAX(J19,K19),2)))*100,0)+1),"")&" لا غير")
... A504: =IF(C504="","",START_NO+COUNT(C$5:C504)-1) | B504: =IF(A504="","",PREFIX&"-"&TEXT(C504,"yyyy")&"-"&A504) | J504: =IF(A504="","",SUMIFS('بنود السندات'!$F$5:$F$3004,'بنود السندات'!$A$5:$A$3004,A504)) | K504: =IF(A504="","",SUMIFS('بنود السندات'!$G$5:$G$3004,'بنود السندات'!$A$5:$A$3004,A504)) | L504: =IF(A504="","",ROUND(J504-K504,2)) | M504: =IF(A504="","",COUNTIF('بنود السندات'!$A$5:$A$3004,A504)) | N504: =IF(A504="","",IF(M504=0,"بدون بنود ⚠",IF(L504=0,"متوازن ✔","غير متوازن ✘"))) | O504: =IF(A504="","","فقط "&IF(INT(ROUND(MAX(J504,K504),2))=0,"صفر",MID(IF(INT(INT(ROUND(MAX(J504,K504),2))/1000000)>0," و"&INDEX(تفقيط!$D$2:$D$1001,INT(INT(ROUND(MAX(J504,K504),2))/1000000)+1),"")&IF(INT(MOD(INT(ROUND(MAX(J504,K504),2)),1000000)/1000)>0," و"&INDEX(تفقيط!$C$2:$C$1001,INT(MOD(INT(ROUND(MAX(J504,K504),2)),1000000)/1000)+1),"")&IF(MOD(INT(ROUND(MAX(J504,K504),2)),1000)>0," و"&INDEX(تفقيط!$B$2:$B$1001,MOD(INT(ROUND(MAX(J504,K504),2)),1000)+1),""),3,400))&" "&CUR&IF(ROUND((ROUND(MAX(J504,K504),2)-INT(ROUND(MAX(J504,K504),2)))*100,0)>0," و"&INDEX(تفقيط!$E$2:$E$1001,ROUND((ROUND(MAX(J504,K504),2)-INT(ROUND(MAX(J504,K504),2)))*100,0)+1),"")&" لا غير")

Sheet بنود السندات
A1: 📋 بنود السندات (مدين / دائن)
A2: اختر رقم السند ثم الفرع والبيان واكتب المبلغ في خانة المدين أو الدائن — يمكن إضافة بنود لأي عدد من السندات
A3: 🧾 السجل | D3: 🖨 طباعة السند | E3: ="إجمالي المدين: "&TEXT(SUM(F5:F3004),"#,##0.00")&" | إجمالي الدائن: "&TEXT(SUM(G5:G3004),"#,##0.00") -> إجمالي المدين: 45,330.50 | إجمالي الدائن: 45,330.50
A4: رقم السند | B4: م | C4: مفتاح | D4: الفرع | E4: البيان / الحساب | F4: مدين | G4: دائن | H4: تاريخ السند | I4: المستفيد | J4: تنبيه
A5: 1001 | B5: =IF(A5="","",COUNTIF(A$5:A5,A5)) -> 1 | C5: =IF(A5="","",A5&"-"&B5) -> 1001-1 | D5: مكة | E5: ذمم حيدر شماع | F5: 3000 | H5: =IF(A5="","",IFERROR(INDEX(السندات!$C$5:$C$504,MATCH(A5,السندات!$A$5:$A$504,0)),"")) -> 46249 | I5: =IF(A5="","",IFERROR(INDEX(السندات!$D$5:$D$504,MATCH(A5,السندات!$A$5:$A$504,0)),"")) -> حيدر شماع | J5: =IF(A5="","",IF(ISNA(MATCH(A5,السندات!$A$5:$A$504,0)),"رقم سند غير موجود ✘",IF(AND(F5<>"",G5<>""),"اكتب مدين أو دائن فقط ✘",IF(AND(N(F5)=0,N(G5)=0),"بدون مبلغ ⚠",IF(B5>12,"يتجاوز 12 بنداً في الطباعة ⚠","")))))
A6: 1001 | B6: =IF(A6="","",COUNTIF(A$5:A6,A6)) -> 2 | C6: =IF(A6="","",A6&"-"&B6) -> 1001-2 | D6: مكة | E6: الرياض 940 | G6: 3000 | H6: =IF(A6="","",IFERROR(INDEX(السندات!$C$5:$C$504,MATCH(A6,السندات!$A$5:$A$504,0)),"")) -> 46249 | I6: =IF(A6="","",IFERROR(INDEX(السندات!$D$5:$D$504,MATCH(A6,السندات!$A$5:$A$504,0)),"")) -> حيدر شماع | J6: =IF(A6="","",IF(ISNA(MATCH(A6,السندات!$A$5:$A$504,0)),"رقم سند غير موجود ✘",IF(AND(F6<>"",G6<>""),"اكتب مدين أو دائن فقط ✘",IF(AND(N(F6)=0,N(G6)=0),"بدون مبلغ ⚠",IF(B6>12,"يتجاوز 12 بنداً في الطباعة ⚠","")))))
A7: 1002 | B7: =IF(A7="","",COUNTIF(A$5:A7,A7)) -> 1 | C7: =IF(A7="","",A7&"-"&B7) -> 1002-1 | D7: مكة | E7: مواد ومشتريات مشاريع | F7: 25000 | H7: =IF(A7="","",IFERROR(INDEX(السندات!$C$5:$C$504,MATCH(A7,السندات!$A$5:$A$504,0)),"")) -> 46254 | I7: =IF(A7="","",IFERROR(INDEX(السندات!$D$5:$D$504,MATCH(A7,السندات!$A$5:$A$504,0)),"")) -> مؤسسة البناء الحديث | J7: =IF(A7="","",IF(ISNA(MATCH(A7,السندات!$A$5:$A$504,0)),"رقم سند غير موجود ✘",IF(AND(F7<>"",G7<>""),"اكتب مدين أو دائن فقط ✘",IF(AND(N(F7)=0,N(G7)=0),"بدون مبلغ ⚠",IF(B7>12,"يتجاوز 12 بنداً في الطباعة ⚠","")))))
A8: 1002 | B8: =IF(A8="","",COUNTIF(A$5:A8,A8)) -> 2 | C8: =IF(A8="","",A8&"-"&B8) -> 1002-2 | D8: جدة | E8: مواد ومشتريات مشاريع | F8: 12500.5 | H8: =IF(A8="","",IFERROR(INDEX(السندات!$C$5:$C$504,MATCH(A8,السندات!$A$5:$A$504,0)),"")) -> 46254 | I8: =IF(A8="","",IFERROR(INDEX(السندات!$D$5:$D$504,MATCH(A8,السندات!$A$5:$A$504,0)),"")) -> مؤسسة البناء الحديث | J8: =IF(A8="","",IF(ISNA(MATCH(A8,السندات!$A$5:$A$504,0)),"رقم سند غير موجود ✘",IF(AND(F8<>"",G8<>""),"اكتب مدين أو دائن فقط ✘",IF(AND(N(F8)=0,N(G8)=0),"بدون مبلغ ⚠",IF(B8>12,"يتجاوز 12 بنداً في الطباعة ⚠","")))))
A9: 1002 | B9: =IF(A9="","",COUNTIF(A$5:A9,A9)) -> 3 | C9: =IF(A9="","",A9&"-"&B9) -> 1002-3 | D9: مكة | E9: البنك الأهلي | G9: 37500.5 | H9: =IF(A9="","",IFERROR(INDEX(السندات!$C$5:$C$504,MATCH(A9,السندات!$A$5:$A$504,0)),"")) -> 46254 | I9: =IF(A9="","",IFERROR(INDEX(السندات!$D$5:$D$504,MATCH(A9,السندات!$A$5:$A$504,0)),"")) -> مؤسسة البناء الحديث | J9: =IF(A9="","",IF(ISNA(MATCH(A9,السندات!$A$5:$A$504,0)),"رقم سند غير موجود ✘",IF(AND(F9<>"",G9<>""),"اكتب مدين أو دائن فقط ✘",IF(AND(N(F9)=0,N(G9)=0),"بدون مبلغ ⚠",IF(B9>12,"يتجاوز 12 بنداً في الطباعة ⚠","")))))
A10: 1003 | B10: =IF(A10="","",COUNTIF(A$5:A10,A10)) -> 1 | C10: =IF(A10="","",A10&"-"&B10) -> 1003-1 | D10: الرياض | E10: وقود ومحروقات | F10: 4200 | H10: =IF(A10="","",IFERROR(INDEX(السندات!$C$5:$C$504,MATCH(A10,السندات!$A$5:$A$504,0)),"")) -> 46268 | I10: =IF(A10="","",IFERROR(INDEX(السندات!$D$5:$D$504,MATCH(A10,السندات!$A$5:$A$504,0)),"")) -> شركة الوقود المتحدة | J10: =IF(A10="","",IF(ISNA(MATCH(A10,السندات!$A$5:$A$504,0)),"رقم سند غير موجود ✘",IF(AND(F10<>"",G10<>""),"اكتب مدين أو دائن فقط ✘",IF(AND(N(F10)=0,N(G10)=0),"بدون مبلغ ⚠",IF(B10>12,"يتجاوز 12 بنداً في الطباعة ⚠","")))))
A11: 1003 | B11: =IF(A11="","",COUNTIF(A$5:A11,A11)) -> 2 | C11: =IF(A11="","",A11&"-"&B11) -> 1003-2 | D11: الرياض | E11: ضريبة القيمة المضافة (مدخلات) | F11: 630 | H11: =IF(A11="","",IFERROR(INDEX(السندات!$C$5:$C$504,MATCH(A11,السندات!$A$5:$A$504,0)),"")) -> 46268 | I11: =IF(A11="","",IFERROR(INDEX(السندات!$D$5:$D$504,MATCH(A11,السندات!$A$5:$A$504,0)),"")) -> شركة الوقود المتحدة | J11: =IF(A11="","",IF(ISNA(MATCH(A11,السندات!$A$5:$A$504,0)),"رقم سند غير موجود ✘",IF(AND(F11<>"",G11<>""),"اكتب مدين أو دائن فقط ✘",IF(AND(N(F11)=0,N(G11)=0),"بدون مبلغ ⚠",IF(B11>12,"يتجاوز 12 بنداً في الطباعة ⚠","")))))
A12: 1003 | B12: =IF(A12="","",COUNTIF(A$5:A12,A12)) -> 3 | C12: =IF(A12="","",A12&"-"&B12) -> 1003-3 | D12: الرياض | E12: مصرف الراجحي | G12: 4830 | H12: =IF(A12="","",IFERROR(INDEX(السندات!$C$5:$C$504,MATCH(A12,السندات!$A$5:$A$504,0)),"")) -> 46268 | I12: =IF(A12="","",IFERROR(INDEX(السندات!$D$5:$D$504,MATCH(A12,السندات!$A$5:$A$504,0)),"")) -> شركة الوقود المتحدة | J12: =IF(A12="","",IF(ISNA(MATCH(A12,السندات!$A$5:$A$504,0)),"رقم سند غير موجود ✘",IF(AND(F12<>"",G12<>""),"اكتب مدين أو دائن فقط ✘",IF(AND(N(F12)=0,N(G12)=0),"بدون مبلغ ⚠",IF(B12>12,"يتجاوز 12 بنداً في الطباعة ⚠","")))))
B13: =IF(A13="","",COUNTIF(A$5:A13,A13)) | C13: =IF(A13="","",A13&"-"&B13) | H13: =IF(A13="","",IFERROR(INDEX(السندات!$C$5:$C$504,MATCH(A13,السندات!$A$5:$A$504,0)),"")) | I13: =IF(A13="","",IFERROR(INDEX(السندات!$D$5:$D$504,MATCH(A13,السندات!$A$5:$A$504,0)),"")) | J13: =IF(A13="","",IF(ISNA(MATCH(A13,السندات!$A$5:$A$504,0)),"رقم سند غير موجود ✘",IF(AND(F13<>"",G13<>""),"اكتب مدين أو دائن فقط ✘",IF(AND(N(F13)=0,N(G13)=0),"بدون مبلغ ⚠",IF(B13>12,"يتجاوز 12 بنداً في الطباعة ⚠","")))))
B14: =IF(A14="","",COUNTIF(A$5:A14,A14)) | C14: =IF(A14="","",A14&"-"&B14) | H14: =IF(A14="","",IFERROR(INDEX(السندات!$C$5:$C$504,MATCH(A14,السندات!$A$5:$A$504,0)),"")) | I14: =IF(A14="","",IFERROR(INDEX(السندات!$D$5:$D$504,MATCH(A14,السندات!$A$5:$A$504,0)),"")) | J14: =IF(A14="","",IF(ISNA(MATCH(A14,السندات!$A$5:$A$504,0)),"رقم سند غير موجود ✘",IF(AND(F14<>"",G14<>""),"اكتب مدين أو دائن فقط ✘",IF(AND(N(F14)=0,N(G14)=0),"بدون مبلغ ⚠",IF(B14>12,"يتجاوز 12 بنداً في الطباعة ⚠","")))))
B15: =IF(A15="","",COUNTIF(A$5:A15,A15)) | C15: =IF(A15="","",A15&"-"&B15) | H15: =IF(A15="","",IFERROR(INDEX(السندات!$C$5:$C$504,MATCH(A15,السندات!$A$5:$A$504,0)),"")) | I15: =IF(A15="","",IFERROR(INDEX(السندات!$D$5:$D$504,MATCH(A15,السندات!$A$5:$A$504,0)),"")) | J15: =IF(A15="","",IF(ISNA(MATCH(A15,السندات!$A$5:$A$504,0)),"رقم سند غير موجود ✘",IF(AND(F15<>"",G15<>""),"اكتب مدين أو دائن فقط ✘",IF(AND(N(F15)=0,N(G15)=0),"بدون مبلغ ⚠",IF(B15>12,"يتجاوز 12 بنداً في الطباعة ⚠","")))))
B16: =IF(A16="","",COUNTIF(A$5:A16,A16)) | C16: =IF(A16="","",A16&"-"&B16) | H16: =IF(A16="","",IFERROR(INDEX(السندات!$C$5:$C$504,MATCH(A16,السندات!$A$5:$A$504,0)),"")) | I16: =IF(A16="","",IFERROR(INDEX(السندات!$D$5:$D$504,MATCH(A16,السندات!$A$5:$A$504,0)),"")) | J16: =IF(A16="","",IF(ISNA(MATCH(A16,السندات!$A$5:$A$504,0)),"رقم سند غير موجود ✘",IF(AND(F16<>"",G16<>""),"اكتب مدين أو دائن فقط ✘",IF(AND(N(F16)=0,N(G16)=0),"بدون مبلغ ⚠",IF(B16>12,"يتجاوز 12 بنداً في الطباعة ⚠","")))))
B17: =IF(A17="","",COUNTIF(A$5:A17,A17)) | C17: =IF(A17="","",A17&"-"&B17) | H17: =IF(A17="","",IFERROR(INDEX(السندات!$C$5:$C$504,MATCH(A17,السندات!$A$5:$A$504,0)),"")) | I17: =IF(A17="","",IFERROR(INDEX(السندات!$D$5:$D$504,MATCH(A17,السندات!$A$5:$A$504,0)),"")) | J17: =IF(A17="","",IF(ISNA(MATCH(A17,السندات!$A$5:$A$504,0)),"رقم سند غير موجود ✘",IF(AND(F17<>"",G17<>""),"اكتب مدين أو دائن فقط ✘",IF(AND(N(F17)=0,N(G17)=0),"بدون مبلغ ⚠",IF(B17>12,"يتجاوز 12 بنداً في الطباعة ⚠","")))))
B18: =IF(A18="","",COUNTIF(A$5:A18,A18)) | C18: =IF(A18="","",A18&"-"&B18) | H18: =IF(A18="","",IFERROR(INDEX(السندات!$C$5:$C$504,MATCH(A18,السندات!$A$5:$A$504,0)),"")) | I18: =IF(A18="","",IFERROR(INDEX(السندات!$D$5:$D$504,MATCH(A18,السندات!$A$5:$A$504,0)),"")) | J18: =IF(A18="","",IF(ISNA(MATCH(A18,السندات!$A$5:$A$504,0)),"رقم سند غير موجود ✘",IF(AND(F18<>"",G18<>""),"اكتب مدين أو دائن فقط ✘",IF(AND(N(F18)=0,N(G18)=0),"بدون مبلغ ⚠",IF(B18>12,"يتجاوز 12 بنداً في الطباعة ⚠","")))))
B19: =IF(A19="","",COUNTIF(A$5:A19,A19)) | C19: =IF(A19="","",A19&"-"&B19) | H19: =IF(A19="","",IFERROR(INDEX(السندات!$C$5:$C$504,MATCH(A19,السندات!$A$5:$A$504,0)),"")) | I19: =IF(A19="","",IFERROR(INDEX(السندات!$D$5:$D$504,MATCH(A19,السندات!$A$5:$A$504,0)),"")) | J19: =IF(A19="","",IF(ISNA(MATCH(A19,السندات!$A$5:$A$504,0)),"رقم سند غير موجود ✘",IF(AND(F19<>"",G19<>""),"اكتب مدين أو دائن فقط ✘",IF(AND(N(F19)=0,N(G19)=0),"بدون مبلغ ⚠",IF(B19>12,"يتجاوز 12 بنداً في الطباعة ⚠","")))))
B20: =IF(A20="","",COUNTIF(A$5:A20,A20)) | C20: =IF(A20="","",A20&"-"&B20) | H20: =IF(A20="","",IFERROR(INDEX(السندات!$C$5:$C$504,MATCH(A20,السندات!$A$5:$A$504,0)),"")) | I20: =IF(A20="","",IFERROR(INDEX(السندات!$D$5:$D$504,MATCH(A20,السندات!$A$5:$A$504,0)),"")) | J20: =IF(A20="","",IF(ISNA(MATCH(A20,السندات!$A$5:$A$504,0)),"رقم سند غير موجود ✘",IF(AND(F20<>"",G20<>""),"اكتب مدين أو دائن فقط ✘",IF(AND(N(F20)=0,N(G20)=0),"بدون مبلغ ⚠",IF(B20>12,"يتجاوز 12 بنداً في الطباعة ⚠","")))))
B21: =IF(A21="","",COUNTIF(A$5:A21,A21)) | C21: =IF(A21="","",A21&"-"&B21) | H21: =IF(A21="","",IFERROR(INDEX(السندات!$C$5:$C$504,MATCH(A21,السندات!$A$5:$A$504,0)),"")) | I21: =IF(A21="","",IFERROR(INDEX(السندات!$D$5:$D$504,MATCH(A21,السندات!$A$5:$A$504,0)),"")) | J21: =IF(A21="","",IF(ISNA(MATCH(A21,السندات!$A$5:$A$504,0)),"رقم سند غير موجود ✘",IF(AND(F21<>"",G21<>""),"اكتب مدين أو دائن فقط ✘",IF(AND(N(F21)=0,N(G21)=0),"بدون مبلغ ⚠",IF(B21>12,"يتجاوز 12 بنداً في الطباعة ⚠","")))))
B22: =IF(A22="","",COUNTIF(A$5:A22,A22)) | C22: =IF(A22="","",A22&"-"&B22) | H22: =IF(A22="","",IFERROR(INDEX(السندات!$C$5:$C$504,MATCH(A22,السندات!$A$5:$A$504,0)),"")) | I22: =IF(A22="","",IFERROR(INDEX(السندات!$D$5:$D$504,MATCH(A22,السندات!$A$5:$A$504,0)),"")) | J22: =IF(A22="","",IF(ISNA(MATCH(A22,السندات!$A$5:$A$504,0)),"رقم سند غير موجود ✘",IF(AND(F22<>"",G22<>""),"اكتب مدين أو دائن فقط ✘",IF(AND(N(F22)=0,N(G22)=0),"بدون مبلغ ⚠",IF(B22>12,"يتجاوز 12 بنداً في الطباعة ⚠","")))))
B23: =IF(A23="","",COUNTIF(A$5:A23,A23)) | C23: =IF(A23="","",A23&"-"&B23) | H23: =IF(A23="","",IFERROR(INDEX(السندات!$C$5:$C$504,MATCH(A23,السندات!$A$5:$A$504,0)),"")) | I23: =IF(A23="","",IFERROR(INDEX(السندات!$D$5:$D$504,MATCH(A23,السندات!$A$5:$A$504,0)),"")) | J23: =IF(A23="","",IF(ISNA(MATCH(A23,السندات!$A$5:$A$504,0)),"رقم سند غير موجود ✘",IF(AND(F23<>"",G23<>""),"اكتب مدين أو دائن فقط ✘",IF(AND(N(F23)=0,N(G23)=0),"بدون مبلغ ⚠",IF(B23>12,"يتجاوز 12 بنداً في الطباعة ⚠","")))))
B24: =IF(A24="","",COUNTIF(A$5:A24,A24)) | C24: =IF(A24="","",A24&"-"&B24) | H24: =IF(A24="","",IFERROR(INDEX(السندات!$C$5:$C$504,MATCH(A24,السندات!$A$5:$A$504,0)),"")) | I24: =IF(A24="","",IFERROR(INDEX(السندات!$D$5:$D$504,MATCH(A24,السندات!$A$5:$A$504,0)),"")) | J24: =IF(A24="","",IF(ISNA(MATCH(A24,السندات!$A$5:$A$504,0)),"رقم سند غير موجود ✘",IF(AND(F24<>"",G24<>""),"اكتب مدين أو دائن فقط ✘",IF(AND(N(F24)=0,N(G24)=0),"بدون مبلغ ⚠",IF(B24>12,"يتجاوز 12 بنداً في الطباعة ⚠","")))))
... B3004: =IF(A3004="","",COUNTIF(A$5:A3004,A3004)) | C3004: =IF(A3004="","",A3004&"-"&B3004) | H3004: =IF(A3004="","",IFERROR(INDEX(السندات!$C$5:$C$504,MATCH(A3004,السندات!$A$5:$A$504,0)),"")) | I3004: =IF(A3004="","",IFERROR(INDEX(السندات!$D$5:$D$504,MATCH(A3004,السندات!$A$5:$A$504,0)),"")) | J3004: =IF(A3004="","",IF(ISNA(MATCH(A3004,السندات!$A$5:$A$504,0)),"رقم سند غير موجود ✘",IF(AND(F3004<>"",G3004<>""),"اكتب مدين أو دائن فقط ✘",IF(AND(N(F3004)=0,N(G3004)=0),"بدون مبلغ ⚠",IF(B3004>12,"يتجاوز 12 بنداً في الطباعة ⚠","")))))

Sheet الملخص
B1: 📊 ملخص أوامر الدفع
B2: كل الأرقام تتحدث تلقائياً من سجل السندات والبنود
B3: 🖨 طباعة السند | C3: 🧾 السجل | D3: 📋 البنود | J3: السنة ⬅ | K3: 2026
B5: عدد السندات | D5: إجمالي المدفوعات | G5: متوسط السند | J5: أكبر سند | K5: سندات غير متوازنة
B6: =COUNT(السندات!$A$5:$A$504) -> 3 | D6: =SUM(السندات!$J$5:$J$504) -> 45330.5 | G6: =IFERROR(AVERAGE(السندات!$J$5:$J$504),0) -> 15110.167 | J6: =MAX(السندات!$J$5:$J$504) -> 37500.5 | K6: =COUNTIF(السندات!$N$5:$N$504,"*✘*") -> 0
B8: الفرع | C8: مدين | D8: دائن | F8: الشهر | G8: عدد السندات | H8: المبلغ | J8: طريقة الدفع | K8: المبلغ | L8: العدد
B9: =IFERROR(INDEX(الإعدادات!$E$5:$E$44,1)&"","") -> مكة | C9: =IF(B9="","",SUMIFS('بنود السندات'!$F$5:$F$3004,'بنود السندات'!$D$5:$D$3004,B9)) -> 28000 | D9: =IF(B9="","",SUMIFS('بنود السندات'!$G$5:$G$3004,'بنود السندات'!$D$5:$D$3004,B9)) -> 40500.5 | F9: يناير | G9: =COUNTIFS(السندات!$C$5:$C$504,">="&DATE($K$3,1,1),السندات!$C$5:$C$504,"<"&DATE($K$3,2,1)) -> 0 | H9: =SUMIFS(السندات!$J$5:$J$504,السندات!$C$5:$C$504,">="&DATE($K$3,1,1),السندات!$C$5:$C$504,"<"&DATE($K$3,2,1)) -> 0 | J9: =INDEX(الإعدادات!$I$5:$I$7,1) -> نقدي | K9: =SUMIFS(السندات!$J$5:$J$504,السندات!$E$5:$E$504,J9) -> 3000 | L9: =COUNTIFS(السندات!$E$5:$E$504,J9,السندات!$A$5:$A$504,">0") -> 1
B10: =IFERROR(INDEX(الإعدادات!$E$5:$E$44,2)&"","") -> الرياض | C10: =IF(B10="","",SUMIFS('بنود السندات'!$F$5:$F$3004,'بنود السندات'!$D$5:$D$3004,B10)) -> 4830 | D10: =IF(B10="","",SUMIFS('بنود السندات'!$G$5:$G$3004,'بنود السندات'!$D$5:$D$3004,B10)) -> 4830 | F10: فبراير | G10: =COUNTIFS(السندات!$C$5:$C$504,">="&DATE($K$3,2,1),السندات!$C$5:$C$504,"<"&DATE($K$3,3,1)) -> 0 | H10: =SUMIFS(السندات!$J$5:$J$504,السندات!$C$5:$C$504,">="&DATE($K$3,2,1),السندات!$C$5:$C$504,"<"&DATE($K$3,3,1)) -> 0 | J10: =INDEX(الإعدادات!$I$5:$I$7,2) -> شيك | K10: =SUMIFS(السندات!$J$5:$J$504,السندات!$E$5:$E$504,J10) -> 37500.5 | L10: =COUNTIFS(السندات!$E$5:$E$504,J10,السندات!$A$5:$A$504,">0") -> 1
B11: =IFERROR(INDEX(الإعدادات!$E$5:$E$44,3)&"","") -> جدة | C11: =IF(B11="","",SUMIFS('بنود السندات'!$F$5:$F$3004,'بنود السندات'!$D$5:$D$3004,B11)) -> 12500.5 | D11: =IF(B11="","",SUMIFS('بنود السندات'!$G$5:$G$3004,'بنود السندات'!$D$5:$D$3004,B11)) -> 0 | F11: مارس | G11: =COUNTIFS(السندات!$C$5:$C$504,">="&DATE($K$3,3,1),السندات!$C$5:$C$504,"<"&DATE($K$3,4,1)) -> 0 | H11: =SUMIFS(السندات!$J$5:$J$504,السندات!$C$5:$C$504,">="&DATE($K$3,3,1),السندات!$C$5:$C$504,"<"&DATE($K$3,4,1)) -> 0 | J11: =INDEX(الإعدادات!$I$5:$I$7,3) -> تحويل بنكي | K11: =SUMIFS(السندات!$J$5:$J$504,السندات!$E$5:$E$504,J11) -> 4830 | L11: =COUNTIFS(السندات!$E$5:$E$504,J11,السندات!$A$5:$A$504,">0") -> 1
B12: =IFERROR(INDEX(الإعدادات!$E$5:$E$44,4)&"","") -> المدينة المنورة | C12: =IF(B12="","",SUMIFS('بنود السندات'!$F$5:$F$3004,'بنود السندات'!$D$5:$D$3004,B12)) -> 0 | D12: =IF(B12="","",SUMIFS('بنود السندات'!$G$5:$G$3004,'بنود السندات'!$D$5:$D$3004,B12)) -> 0 | F12: أبريل | G12: =COUNTIFS(السندات!$C$5:$C$504,">="&DATE($K$3,4,1),السندات!$C$5:$C$504,"<"&DATE($K$3,5,1)) -> 0 | H12: =SUMIFS(السندات!$J$5:$J$504,السندات!$C$5:$C$504,">="&DATE($K$3,4,1),السندات!$C$5:$C$504,"<"&DATE($K$3,5,1)) -> 0
B13: =IFERROR(INDEX(الإعدادات!$E$5:$E$44,5)&"","") -> الدمام | C13: =IF(B13="","",SUMIFS('بنود السندات'!$F$5:$F$3004,'بنود السندات'!$D$5:$D$3004,B13)) -> 0 | D13: =IF(B13="","",SUMIFS('بنود السندات'!$G$5:$G$3004,'بنود السندات'!$D$5:$D$3004,B13)) -> 0 | F13: مايو | G13: =COUNTIFS(السندات!$C$5:$C$504,">="&DATE($K$3,5,1),السندات!$C$5:$C$504,"<"&DATE($K$3,6,1)) -> 0 | H13: =SUMIFS(السندات!$J$5:$J$504,السندات!$C$5:$C$504,">="&DATE($K$3,5,1),السندات!$C$5:$C$504,"<"&DATE($K$3,6,1)) -> 0
B14: =IFERROR(INDEX(الإعدادات!$E$5:$E$44,6)&"","") -> الطائف | C14: =IF(B14="","",SUMIFS('بنود السندات'!$F$5:$F$3004,'بنود السندات'!$D$5:$D$3004,B14)) -> 0 | D14: =IF(B14="","",SUMIFS('بنود السندات'!$G$5:$G$3004,'بنود السندات'!$D$5:$D$3004,B14)) -> 0 | F14: يونيو | G14: =COUNTIFS(السندات!$C$5:$C$504,">="&DATE($K$3,6,1),السندات!$C$5:$C$504,"<"&DATE($K$3,7,1)) -> 0 | H14: =SUMIFS(السندات!$J$5:$J$504,السندات!$C$5:$C$504,">="&DATE($K$3,6,1),السندات!$C$5:$C$504,"<"&DATE($K$3,7,1)) -> 0
B15: =IFERROR(INDEX(الإعدادات!$E$5:$E$44,7)&"","") | C15: =IF(B15="","",SUMIFS('بنود السندات'!$F$5:$F$3004,'بنود السندات'!$D$5:$D$3004,B15)) | D15: =IF(B15="","",SUMIFS('بنود السندات'!$G$5:$G$3004,'بنود السندات'!$D$5:$D$3004,B15)) | F15: يوليو | G15: =COUNTIFS(السندات!$C$5:$C$504,">="&DATE($K$3,7,1),السندات!$C$5:$C$504,"<"&DATE($K$3,8,1)) -> 0 | H15: =SUMIFS(السندات!$J$5:$J$504,السندات!$C$5:$C$504,">="&DATE($K$3,7,1),السندات!$C$5:$C$504,"<"&DATE($K$3,8,1)) -> 0
B16: =IFERROR(INDEX(الإعدادات!$E$5:$E$44,8)&"","") | C16: =IF(B16="","",SUMIFS('بنود السندات'!$F$5:$F$3004,'بنود السندات'!$D$5:$D$3004,B16)) | D16: =IF(B16="","",SUMIFS('بنود السندات'!$G$5:$G$3004,'بنود السندات'!$D$5:$D$3004,B16)) | F16: أغسطس | G16: =COUNTIFS(السندات!$C$5:$C$504,">="&DATE($K$3,8,1),السندات!$C$5:$C$504,"<"&DATE($K$3,9,1)) -> 2 | H16: =SUMIFS(السندات!$J$5:$J$504,السندات!$C$5:$C$504,">="&DATE($K$3,8,1),السندات!$C$5:$C$504,"<"&DATE($K$3,9,1)) -> 40500.5
B17: =IFERROR(INDEX(الإعدادات!$E$5:$E$44,9)&"","") | C17: =IF(B17="","",SUMIFS('بنود السندات'!$F$5:$F$3004,'بنود السندات'!$D$5:$D$3004,B17)) | D17: =IF(B17="","",SUMIFS('بنود السندات'!$G$5:$G$3004,'بنود السندات'!$D$5:$D$3004,B17)) | F17: سبتمبر | G17: =COUNTIFS(السندات!$C$5:$C$504,">="&DATE($K$3,9,1),السندات!$C$5:$C$504,"<"&DATE($K$3,10,1)) -> 1 | H17: =SUMIFS(السندات!$J$5:$J$504,السندات!$C$5:$C$504,">="&DATE($K$3,9,1),السندات!$C$5:$C$504,"<"&DATE($K$3,10,1)) -> 4830
B18: =IFERROR(INDEX(الإعدادات!$E$5:$E$44,10)&"","") | C18: =IF(B18="","",SUMIFS('بنود السندات'!$F$5:$F$3004,'بنود السندات'!$D$5:$D$3004,B18)) | D18: =IF(B18="","",SUMIFS('بنود السندات'!$G$5:$G$3004,'بنود السندات'!$D$5:$D$3004,B18)) | F18: أكتوبر | G18: =COUNTIFS(السندات!$C$5:$C$504,">="&DATE($K$3,10,1),السندات!$C$5:$C$504,"<"&DATE($K$3,11,1)) -> 0 | H18: =SUMIFS(السندات!$J$5:$J$504,السندات!$C$5:$C$504,">="&DATE($K$3,10,1),السندات!$C$5:$C$504,"<"&DATE($K$3,11,1)) -> 0
B19: الإجمالي | C19: =SUM(C9:C18) -> 45330.5 | D19: =SUM(D9:D18) -> 45330.5 | F19: نوفمبر | G19: =COUNTIFS(السندات!$C$5:$C$504,">="&DATE($K$3,11,1),السندات!$C$5:$C$504,"<"&DATE($K$3,12,1)) -> 0 | H19: =SUMIFS(السندات!$J$5:$J$504,السندات!$C$5:$C$504,">="&DATE($K$3,11,1),السندات!$C$5:$C$504,"<"&DATE($K$3,12,1)) -> 0
F20: ديسمبر | G20: =COUNTIFS(السندات!$C$5:$C$504,">="&DATE($K$3,12,1),السندات!$C$5:$C$504,"<"&DATE($K$3,13,1)) -> 0 | H20: =SUMIFS(السندات!$J$5:$J$504,السندات!$C$5:$C$504,">="&DATE($K$3,12,1),السندات!$C$5:$C$504,"<"&DATE($K$3,13,1)) -> 0
F21: الإجمالي | G21: =SUM(G9:G20) -> 3 | H21: =SUM(H9:H20) -> 45330.5

Sheet الإعدادات
B1: ⚙ الإعدادات وبيانات الشركة
B2: الخلايا الصفراء فقط قابلة للتعديل — أي تغيير هنا ينعكس تلقائياً على كل السندات
B4: البند | C4: القيمة | E4: الفروع | G4: الحسابات / البيان | I4: طرق الدفع
B5: اسم الشركة (عربي) | C5: شركة الخطوط المعدنية للمقاولات العامة | E5: مكة | G5: الرياض 940 | I5: نقدي
B6: اسم الشركة (إنجليزي) | C6: Metal Lines General Contracting Co. | E6: الرياض | G6: الصندوق الرئيسي | I6: شيك
B7: الإدارة | C7: الإدارة المالية | E7: جدة | G7: البنك الأهلي | I7: تحويل بنكي
B8: المدينة | C8: مكة المكرمة | E8: المدينة المنورة | G8: مصرف الراجحي
B9: السجل التجاري | C9: 4031000000 | E9: الدمام | G9: عهد وسلف موظفين | I9: ⚠ لا تغيّر أسماء طرق الدفع (يعتمد عليها عنوان السند)
B10: الرقم الضريبي | C10: 300000000000003 | E10: الطائف | G10: مصروفات عمومية وإدارية
B11: اسم العملة (للتفقيط) | C11: ريال سعودي | G11: رواتب وأجور
B12: رمز العملة | C12: S.R | G12: مواد ومشتريات مشاريع
B13: بادئة رقم السند | C13: CP | G13: مقاولو الباطن
B14: رقم أول سند | C14: 1001 | G14: إيجارات
B15: أمين الصندوق | C15: احمد عبدالعظيم | G15: صيانة معدات
B16: المحاسب | G16: وقود ومحروقات
B17: المدير العام | C17: حيدر شماع | G17: ضريبة القيمة المضافة (مدخلات)
G18: جاري المالك
B21: طريقة الاستخدام — عدة سندات في نفس الجلسة
B22: 1 | C22: ورقة «السندات»: اكتب التاريخ واسم المستفيد في أول صف فارغ — رقم السند يتولد تلقائياً.
B23: 2 | C23: ورقة «بنود السندات»: اختر رقم السند من القائمة ثم الفرع والبيان والمبلغ (مدين أو دائن). أضف أي عدد من البنود.
B24: 3 | C24: ورقة «طباعة السند»: اختر رقم السند من الخلية الصفراء — كل البيانات والتفقيط والهجري تمتلئ تلقائياً — ثم اطبع (Ctrl+P).
B25: 4 | C25: لسند آخر كرّر الخطوات 1→3؛ كل السندات محفوظة في السجل ويمكن إعادة طباعة أي سند في أي وقت.
B26: ✔ | C26: يظهر «متوازن ✔» عندما يتساوى المدين مع الدائن، و«غير متوازن ✘» باللون الأحمر لو في فرق.
B27: ★ | C27: العنوان يتغير تلقائياً حسب طريقة الدفع: أمر دفع نقدي / أمر دفع بشيك / أمر تحويل بنكي.
B28: ★ | C28: اترك خلية الاختيار في ورقة الطباعة فارغة ليظهر آخر سند تم إدخاله تلقائياً.
B29: ★ | C29: الخلايا الصفراء = إدخال • الخلايا الرمادية = معادلات تلقائية لا تُعدّل.

Sheet تفقيط
A1: الرقم | B1: آحاد | C1: آلاف | D1: ملايين | E1: هللات
A2: 0
A3: 1 | B3: واحد | C3: ألف | D3: مليون | E3: هللة واحدة
A4: 2 | B4: اثنان | C4: ألفان | D4: مليونان | E4: هللتان
A5: 3 | B5: ثلاثة | C5: ثلاثة آلاف | D5: ثلاثة ملايين | E5: ثلاثة هللات
A6: 4 | B6: أربعة | C6: أربعة آلاف | D6: أربعة ملايين | E6: أربعة هللات
A7: 5 | B7: خمسة | C7: خمسة آلاف | D7: خمسة ملايين | E7: خمسة هللات
A8: 6 | B8: ستة | C8: ستة آلاف | D8: ستة ملايين | E8: ستة هللات
A9: 7 | B9: سبعة | C9: سبعة آلاف | D9: سبعة ملايين | E9: سبعة هللات
A10: 8 | B10: ثمانية | C10: ثمانية آلاف | D10: ثمانية ملايين | E10: ثمانية هللات
A11: 9 | B11: تسعة | C11: تسعة آلاف | D11: تسعة ملايين | E11: تسعة هللات
A12: 10 | B12: عشرة | C12: عشرة آلاف | D12: عشرة ملايين | E12: عشرة هللات
A13: 11 | B13: أحد عشر | C13: أحد عشر ألفاً | D13: أحد عشر مليوناً | E13: أحد عشر هللة
A14: 12 | B14: اثنا عشر | C14: اثنا عشر ألفاً | D14: اثنا عشر مليوناً | E14: اثنا عشر هللة
... A1001: 999 | B1001: تسعمائة وتسعة وتسعون | C1001: تسعمائة وتسعة وتسعون ألفاً | D1001: تسعمائة وتسعة وتسعون مليوناً | E1001: تسعمائة وتسعة وتسعون هللة
