Workbook

Sheet الرئيسية
B1: نظام المحاسبة المتكامل لشركات المقاولات
B2: =الرئيسية!$C$6&" | الفترة المنتهية في: "&TEXT(الرئيسية!$C$7,"yyyy/mm/dd")&" | المبالغ بـ "&الرئيسية!$G$7 -> شركة الإعمار الحديثة للمقاولات العامة | الفترة المنتهية في: 2026/03/31 | المبالغ بـ ريال
B5: ⚙ بيانات الشركة والإعدادات العامة
B6: اسم الشركة | C6: شركة الإعمار الحديثة للمقاولات العامة | F6: السنة المالية | G6: 2026
B7: تاريخ نهاية الفترة | C7: 46112 | F7: العملة | G7: ريال
B9: 📊 لوحة المؤشرات الرئيسية (تتحدث تلقائياً)
B10: إجمالي إيرادات العقود | D10: مجمل الربح | F10: صافي ربح الفترة | H10: إجمالي الأصول
B11: ='قائمة الدخل'!$D$8 -> 2700000 | D11: ='قائمة الدخل'!$D$17 -> 625000 | F11: ='قائمة الدخل'!$D$24 -> 507300 | H11: ='المركز المالي'!$D$20 -> 5332300
B13: النقدية وما في حكمها | D13: حالة ميزان المراجعة | F13: حالة المركز المالي | H13: قيود غير مرحّلة
B14: ='المركز المالي'!$C$8 -> 2892300 | D14: ='ميزان المراجعة'!$A$6 -> ✔ الميزان متوازن | F14: =IF(LEFT('المركز المالي'!$B$44,1)="✔","✔ متوازن","✖ غير متوازن") -> ✔ متوازن | H14: ='قيود اليومية'!$I$6 -> 1
B16: 🧭 الانتقال السريع بين الواجهات
B17: 🌳 تعديل شجرة الحسابات | D17: ✍ إدخال القيود اليومية | F17: 🏗 تجميع المشروعات | H17: 📄 كشف حساب مشروع
B19: 📒 دفتر الأستاذ العام | D19: ⚖ ميزان المراجعة | F19: 📈 قائمة الدخل | H19: 🏦 قائمة المركز المالي
B21: 📘 دليل الاستخدام السريع
B22: 1) الخلايا ذات الخلفية الصفراء والخط الأزرق هي خلايا الإدخال فقط، وباقي الخلايا معادلات تلقائية لا يُنصح بتعديلها.
B23: 2) ابدأ بمراجعة «شجرة الحسابات»: أضف أي حساب جديد في أول صف فارغ، وحدد المستوى (تحليلي للحسابات التي يُرحّل إليها) والنوع والطبيعة وبند القائمة.
B24: 3) أضف المشروعات في «تجميع المشروعات» (الكود، الاسم، العميل، قيمة العقد، التكلفة التقديرية) لتظهر في القائمة المنسدلة للقيود.
B25: 4) سجّل القيود في «قيود اليومية»: اختر رقم الحساب من القائمة المنسدلة، ويظهر اسم الحساب تلقائياً؛ ولكل قيد عدة أسطر بنفس رقم القيد.
B26: 5) عمود «حالة القيد» يفحص التوازن: القيد المتوازن فقط يُرحّل تلقائياً للميزان والقوائم، والقيد غير المتوازن يظهر باللون الأحمر ولا يُرحّل.
B27: 6) الميزان وقائمة الدخل والمركز المالي وكشوف المشروعات تتحدث فوراً، مع مؤشرات تحقق ذاتي من التوازن.
B28: 7) القيد رقم 28 في البيانات التجريبية غير متوازن عمداً لتوضيح آلية التنبيه ومنع الترحيل — صحّحه أو احذفه.
B30: مفتاح الألوان: | C30: خلية إدخال | D30: معادلة تلقائية | E30: ✔ سليم / متوازن | F30: ✖ خطأ / غير متوازن | G30: ⚠ تنبيه

Sheet شجرة الحسابات
A1: واجهة تعديل الحسابات الأساسية وشجرة الحسابات
A2: =الرئيسية!$C$6&" | الفترة المنتهية في: "&TEXT(الرئيسية!$C$7,"yyyy/mm/dd")&" | المبالغ بـ "&الرئيسية!$G$7 -> شركة الإعمار الحديثة للمقاولات العامة | الفترة المنتهية في: 2026/03/31 | المبالغ بـ ريال
A3: 🏠 الرئيسية | B3: ✍ القيود | C3: 🏗 المشروعات | D3: 📄 كشف مشروع | E3: 📒 الأستاذ | F3: ⚖ الميزان | G3: 📈 الدخل | H3: 🏦 المركز المالي
A5: عدد الحسابات التحليلية | C5: حسابات الأصول | E5: حسابات الخصوم | F5: حسابات حقوق الملكية | H5: حسابات الإيرادات | I5: حسابات المصروفات | J5: تنبيهات تحتاج مراجعة
A6: =COUNTIFS('شجرة الحسابات'!$C$9:$C$208,"تحليلي") -> 40 | C6: =COUNTIFS('شجرة الحسابات'!$E$9:$E$208,"الأصول",'شجرة الحسابات'!$C$9:$C$208,"تحليلي") -> 14 | E6: =COUNTIFS('شجرة الحسابات'!$E$9:$E$208,"الخصوم",'شجرة الحسابات'!$C$9:$C$208,"تحليلي") -> 8 | F6: =COUNTIFS('شجرة الحسابات'!$E$9:$E$208,"حقوق الملكية",'شجرة الحسابات'!$C$9:$C$208,"تحليلي") -> 4 | H6: =COUNTIFS('شجرة الحسابات'!$E$9:$E$208,"الإيرادات",'شجرة الحسابات'!$C$9:$C$208,"تحليلي") -> 3 | I6: =COUNTIFS('شجرة الحسابات'!$E$9:$E$208,"المصروفات",'شجرة الحسابات'!$C$9:$C$208,"تحليلي") -> 11 | J6: =COUNTIF('شجرة الحسابات'!$K$9:$K$208,"⚠*") -> 0
A7: ➕ لإضافة حساب: اكتب في أول صف فارغ بالجدول (الخلايا الصفراء) — المستوى «تحليلي» للحسابات التي يُرحّل إليها، و«رئيسي/فرعي» للتجميع. رقم الحساب التحليلي يبدأ بأرقام الحساب الأب (مثال: 1111 تحت 11) ليتجمع تلقائياً في الميزان.
A8: رقم الحساب | B8: اسم الحساب | C8: المستوى | D8: الحساب الأب | E8: نوع الحساب | F8: الطبيعة | G8: القائمة المالية | H8: بند القائمة المالية | I8: عنصر تكلفة المشروع | J8: الرصيد الحالي | K8: التحقق
A9: 1 | B9: الأصول | C9: رئيسي | E9: الأصول | F9: مدين | G9: =IF(E9="","",IF(OR(E9="الأصول",E9="الخصوم",E9="حقوق الملكية"),"المركز المالي","قائمة الدخل")) -> المركز المالي | J9: =IF(A9="","",IF(F9="دائن",'ميزان المراجعة'!D9-'ميزان المراجعة'!C9,'ميزان المراجعة'!C9-'ميزان المراجعة'!D9)) -> 5332300 | K9: =IF(A9="","",IF(COUNTIF('شجرة الحسابات'!$A$9:$A$208,A9)>1,"⚠ رقم مكرر",IF(OR(B9="",C9="",E9="",F9=""),"⚠ بيانات ناقصة",IF(C9<>"تحليلي","● حساب تجميعي",IF(H9="","⚠ حدد بند القائمة",IF(COUNTIF(L_LINES,H9)=0,"⚠ بند غير معروف","✔ سليم")))))) -> ● حساب تجميعي
A10: 11 | B10: الأصول المتداولة | C10: فرعي | D10: 1 | E10: الأصول | F10: مدين | G10: =IF(E10="","",IF(OR(E10="الأصول",E10="الخصوم",E10="حقوق الملكية"),"المركز المالي","قائمة الدخل")) -> المركز المالي | J10: =IF(A10="","",IF(F10="دائن",'ميزان المراجعة'!D10-'ميزان المراجعة'!C10,'ميزان المراجعة'!C10-'ميزان المراجعة'!D10)) -> 3837300 | K10: =IF(A10="","",IF(COUNTIF('شجرة الحسابات'!$A$9:$A$208,A10)>1,"⚠ رقم مكرر",IF(OR(B10="",C10="",E10="",F10=""),"⚠ بيانات ناقصة",IF(C10<>"تحليلي","● حساب تجميعي",IF(H10="","⚠ حدد بند القائمة",IF(COUNTIF(L_LINES,H10)=0,"⚠ بند غير معروف","✔ سليم")))))) -> ● حساب تجميعي
A11: 1101 | B11: الصندوق (النقدية بالخزينة) | C11: تحليلي | D11: 11 | E11: الأصول | F11: مدين | G11: =IF(E11="","",IF(OR(E11="الأصول",E11="الخصوم",E11="حقوق الملكية"),"المركز المالي","قائمة الدخل")) -> المركز المالي | H11: النقدية وما في حكمها | J11: =IF(A11="","",IF(F11="دائن",'ميزان المراجعة'!D11-'ميزان المراجعة'!C11,'ميزان المراجعة'!C11-'ميزان المراجعة'!D11)) -> 25500 | K11: =IF(A11="","",IF(COUNTIF('شجرة الحسابات'!$A$9:$A$208,A11)>1,"⚠ رقم مكرر",IF(OR(B11="",C11="",E11="",F11=""),"⚠ بيانات ناقصة",IF(C11<>"تحليلي","● حساب تجميعي",IF(H11="","⚠ حدد بند القائمة",IF(COUNTIF(L_LINES,H11)=0,"⚠ بند غير معروف","✔ سليم")))))) -> ✔ سليم
A12: 1102 | B12: البنك - الحساب الجاري | C12: تحليلي | D12: 11 | E12: الأصول | F12: مدين | G12: =IF(E12="","",IF(OR(E12="الأصول",E12="الخصوم",E12="حقوق الملكية"),"المركز المالي","قائمة الدخل")) -> المركز المالي | H12: النقدية وما في حكمها | J12: =IF(A12="","",IF(F12="دائن",'ميزان المراجعة'!D12-'ميزان المراجعة'!C12,'ميزان المراجعة'!C12-'ميزان المراجعة'!D12)) -> 2866800 | K12: =IF(A12="","",IF(COUNTIF('شجرة الحسابات'!$A$9:$A$208,A12)>1,"⚠ رقم مكرر",IF(OR(B12="",C12="",E12="",F12=""),"⚠ بيانات ناقصة",IF(C12<>"تحليلي","● حساب تجميعي",IF(H12="","⚠ حدد بند القائمة",IF(COUNTIF(L_LINES,H12)=0,"⚠ بند غير معروف","✔ سليم")))))) -> ✔ سليم
A13: 1103 | B13: عملاء المقاولات | C13: تحليلي | D13: 11 | E13: الأصول | F13: مدين | G13: =IF(E13="","",IF(OR(E13="الأصول",E13="الخصوم",E13="حقوق الملكية"),"المركز المالي","قائمة الدخل")) -> المركز المالي | H13: عملاء المقاولات | J13: =IF(A13="","",IF(F13="دائن",'ميزان المراجعة'!D13-'ميزان المراجعة'!C13,'ميزان المراجعة'!C13-'ميزان المراجعة'!D13)) -> 385000 | K13: =IF(A13="","",IF(COUNTIF('شجرة الحسابات'!$A$9:$A$208,A13)>1,"⚠ رقم مكرر",IF(OR(B13="",C13="",E13="",F13=""),"⚠ بيانات ناقصة",IF(C13<>"تحليلي","● حساب تجميعي",IF(H13="","⚠ حدد بند القائمة",IF(COUNTIF(L_LINES,H13)=0,"⚠ بند غير معروف","✔ سليم")))))) -> ✔ سليم
A14: 1104 | B14: محتجزات ضمان لدى العملاء | C14: تحليلي | D14: 11 | E14: الأصول | F14: مدين | G14: =IF(E14="","",IF(OR(E14="الأصول",E14="الخصوم",E14="حقوق الملكية"),"المركز المالي","قائمة الدخل")) -> المركز المالي | H14: محتجزات ضمان لدى العملاء | J14: =IF(A14="","",IF(F14="دائن",'ميزان المراجعة'!D14-'ميزان المراجعة'!C14,'ميزان المراجعة'!C14-'ميزان المراجعة'!D14)) -> 195000 | K14: =IF(A14="","",IF(COUNTIF('شجرة الحسابات'!$A$9:$A$208,A14)>1,"⚠ رقم مكرر",IF(OR(B14="",C14="",E14="",F14=""),"⚠ بيانات ناقصة",IF(C14<>"تحليلي","● حساب تجميعي",IF(H14="","⚠ حدد بند القائمة",IF(COUNTIF(L_LINES,H14)=0,"⚠ بند غير معروف","✔ سليم")))))) -> ✔ سليم
A15: 1105 | B15: إيرادات مستحقة - أعمال منفذة غير مفوترة | C15: تحليلي | D15: 11 | E15: الأصول | F15: مدين | G15: =IF(E15="","",IF(OR(E15="الأصول",E15="الخصوم",E15="حقوق الملكية"),"المركز المالي","قائمة الدخل")) -> المركز المالي | H15: إيرادات مستحقة (أعمال منفذة غير مفوترة) | J15: =IF(A15="","",IF(F15="دائن",'ميزان المراجعة'!D15-'ميزان المراجعة'!C15,'ميزان المراجعة'!C15-'ميزان المراجعة'!D15)) -> 180000 | K15: =IF(A15="","",IF(COUNTIF('شجرة الحسابات'!$A$9:$A$208,A15)>1,"⚠ رقم مكرر",IF(OR(B15="",C15="",E15="",F15=""),"⚠ بيانات ناقصة",IF(C15<>"تحليلي","● حساب تجميعي",IF(H15="","⚠ حدد بند القائمة",IF(COUNTIF(L_LINES,H15)=0,"⚠ بند غير معروف","✔ سليم")))))) -> ✔ سليم
A16: 1106 | B16: دفعات مقدمة لمقاولي الباطن | C16: تحليلي | D16: 11 | E16: الأصول | F16: مدين | G16: =IF(E16="","",IF(OR(E16="الأصول",E16="الخصوم",E16="حقوق الملكية"),"المركز المالي","قائمة الدخل")) -> المركز المالي | H16: دفعات مقدمة وأرصدة مدينة أخرى | J16: =IF(A16="","",IF(F16="دائن",'ميزان المراجعة'!D16-'ميزان المراجعة'!C16,'ميزان المراجعة'!C16-'ميزان المراجعة'!D16)) -> 90000 | K16: =IF(A16="","",IF(COUNTIF('شجرة الحسابات'!$A$9:$A$208,A16)>1,"⚠ رقم مكرر",IF(OR(B16="",C16="",E16="",F16=""),"⚠ بيانات ناقصة",IF(C16<>"تحليلي","● حساب تجميعي",IF(H16="","⚠ حدد بند القائمة",IF(COUNTIF(L_LINES,H16)=0,"⚠ بند غير معروف","✔ سليم")))))) -> ✔ سليم
A17: 1107 | B17: مخزون مواد البناء | C17: تحليلي | D17: 11 | E17: الأصول | F17: مدين | G17: =IF(E17="","",IF(OR(E17="الأصول",E17="الخصوم",E17="حقوق الملكية"),"المركز المالي","قائمة الدخل")) -> المركز المالي | H17: مخزون المواد | J17: =IF(A17="","",IF(F17="دائن",'ميزان المراجعة'!D17-'ميزان المراجعة'!C17,'ميزان المراجعة'!C17-'ميزان المراجعة'!D17)) -> 0 | K17: =IF(A17="","",IF(COUNTIF('شجرة الحسابات'!$A$9:$A$208,A17)>1,"⚠ رقم مكرر",IF(OR(B17="",C17="",E17="",F17=""),"⚠ بيانات ناقصة",IF(C17<>"تحليلي","● حساب تجميعي",IF(H17="","⚠ حدد بند القائمة",IF(COUNTIF(L_LINES,H17)=0,"⚠ بند غير معروف","✔ سليم")))))) -> ✔ سليم
A18: 1108 | B18: مشروعات تحت التنفيذ | C18: تحليلي | D18: 11 | E18: الأصول | F18: مدين | G18: =IF(E18="","",IF(OR(E18="الأصول",E18="الخصوم",E18="حقوق الملكية"),"المركز المالي","قائمة الدخل")) -> المركز المالي | H18: مشروعات تحت التنفيذ | J18: =IF(A18="","",IF(F18="دائن",'ميزان المراجعة'!D18-'ميزان المراجعة'!C18,'ميزان المراجعة'!C18-'ميزان المراجعة'!D18)) -> 95000 | K18: =IF(A18="","",IF(COUNTIF('شجرة الحسابات'!$A$9:$A$208,A18)>1,"⚠ رقم مكرر",IF(OR(B18="",C18="",E18="",F18=""),"⚠ بيانات ناقصة",IF(C18<>"تحليلي","● حساب تجميعي",IF(H18="","⚠ حدد بند القائمة",IF(COUNTIF(L_LINES,H18)=0,"⚠ بند غير معروف","✔ سليم")))))) -> ✔ سليم
A19: 1109 | B19: مصروفات مدفوعة مقدماً | C19: تحليلي | D19: 11 | E19: الأصول | F19: مدين | G19: =IF(E19="","",IF(OR(E19="الأصول",E19="الخصوم",E19="حقوق الملكية"),"المركز المالي","قائمة الدخل")) -> المركز المالي | H19: دفعات مقدمة وأرصدة مدينة أخرى | J19: =IF(A19="","",IF(F19="دائن",'ميزان المراجعة'!D19-'ميزان المراجعة'!C19,'ميزان المراجعة'!C19-'ميزان المراجعة'!D19)) -> 0 | K19: =IF(A19="","",IF(COUNTIF('شجرة الحسابات'!$A$9:$A$208,A19)>1,"⚠ رقم مكرر",IF(OR(B19="",C19="",E19="",F19=""),"⚠ بيانات ناقصة",IF(C19<>"تحليلي","● حساب تجميعي",IF(H19="","⚠ حدد بند القائمة",IF(COUNTIF(L_LINES,H19)=0,"⚠ بند غير معروف","✔ سليم")))))) -> ✔ سليم
A20: 1110 | B20: تأمينات خطابات الضمان | C20: تحليلي | D20: 11 | E20: الأصول | F20: مدين | G20: =IF(E20="","",IF(OR(E20="الأصول",E20="الخصوم",E20="حقوق الملكية"),"المركز المالي","قائمة الدخل")) -> المركز المالي | H20: دفعات مقدمة وأرصدة مدينة أخرى | J20: =IF(A20="","",IF(F20="دائن",'ميزان المراجعة'!D20-'ميزان المراجعة'!C20,'ميزان المراجعة'!C20-'ميزان المراجعة'!D20)) -> 0 | K20: =IF(A20="","",IF(COUNTIF('شجرة الحسابات'!$A$9:$A$208,A20)>1,"⚠ رقم مكرر",IF(OR(B20="",C20="",E20="",F20=""),"⚠ بيانات ناقصة",IF(C20<>"تحليلي","● حساب تجميعي",IF(H20="","⚠ حدد بند القائمة",IF(COUNTIF(L_LINES,H20)=0,"⚠ بند غير معروف","✔ سليم")))))) -> ✔ سليم
A21: 12 | B21: الأصول غير المتداولة | C21: فرعي | D21: 1 | E21: الأصول | F21: مدين | G21: =IF(E21="","",IF(OR(E21="الأصول",E21="الخصوم",E21="حقوق الملكية"),"المركز المالي","قائمة الدخل")) -> المركز المالي | J21: =IF(A21="","",IF(F21="دائن",'ميزان المراجعة'!D21-'ميزان المراجعة'!C21,'ميزان المراجعة'!C21-'ميزان المراجعة'!D21)) -> 1495000 | K21: =IF(A21="","",IF(COUNTIF('شجرة الحسابات'!$A$9:$A$208,A21)>1,"⚠ رقم مكرر",IF(OR(B21="",C21="",E21="",F21=""),"⚠ بيانات ناقصة",IF(C21<>"تحليلي","● حساب تجميعي",IF(H21="","⚠ حدد بند القائمة",IF(COUNTIF(L_LINES,H21)=0,"⚠ بند غير معروف","✔ سليم")))))) -> ● حساب تجميعي
A22: 1201 | B22: المعدات والآلات الثقيلة | C22: تحليلي | D22: 12 | E22: الأصول | F22: مدين | G22: =IF(E22="","",IF(OR(E22="الأصول",E22="الخصوم",E22="حقوق الملكية"),"المركز المالي","قائمة الدخل")) -> المركز المالي | H22: الممتلكات والمعدات - بالتكلفة | J22: =IF(A22="","",IF(F22="دائن",'ميزان المراجعة'!D22-'ميزان المراجعة'!C22,'ميزان المراجعة'!C22-'ميزان المراجعة'!D22)) -> 1200000 | K22: =IF(A22="","",IF(COUNTIF('شجرة الحسابات'!$A$9:$A$208,A22)>1,"⚠ رقم مكرر",IF(OR(B22="",C22="",E22="",F22=""),"⚠ بيانات ناقصة",IF(C22<>"تحليلي","● حساب تجميعي",IF(H22="","⚠ حدد بند القائمة",IF(COUNTIF(L_LINES,H22)=0,"⚠ بند غير معروف","✔ سليم")))))) -> ✔ سليم
A23: 1202 | B23: السيارات ووسائل النقل | C23: تحليلي | D23: 12 | E23: الأصول | F23: مدين | G23: =IF(E23="","",IF(OR(E23="الأصول",E23="الخصوم",E23="حقوق الملكية"),"المركز المالي","قائمة الدخل")) -> المركز المالي | H23: الممتلكات والمعدات - بالتكلفة | J23: =IF(A23="","",IF(F23="دائن",'ميزان المراجعة'!D23-'ميزان المراجعة'!C23,'ميزان المراجعة'!C23-'ميزان المراجعة'!D23)) -> 250000 | K23: =IF(A23="","",IF(COUNTIF('شجرة الحسابات'!$A$9:$A$208,A23)>1,"⚠ رقم مكرر",IF(OR(B23="",C23="",E23="",F23=""),"⚠ بيانات ناقصة",IF(C23<>"تحليلي","● حساب تجميعي",IF(H23="","⚠ حدد بند القائمة",IF(COUNTIF(L_LINES,H23)=0,"⚠ بند غير معروف","✔ سليم")))))) -> ✔ سليم
A24: 1203 | B24: الأثاث والتجهيزات المكتبية | C24: تحليلي | D24: 12 | E24: الأصول | F24: مدين | G24: =IF(E24="","",IF(OR(E24="الأصول",E24="الخصوم",E24="حقوق الملكية"),"المركز المالي","قائمة الدخل")) -> المركز المالي | H24: الممتلكات والمعدات - بالتكلفة | J24: =IF(A24="","",IF(F24="دائن",'ميزان المراجعة'!D24-'ميزان المراجعة'!C24,'ميزان المراجعة'!C24-'ميزان المراجعة'!D24)) -> 80000 | K24: =IF(A24="","",IF(COUNTIF('شجرة الحسابات'!$A$9:$A$208,A24)>1,"⚠ رقم مكرر",IF(OR(B24="",C24="",E24="",F24=""),"⚠ بيانات ناقصة",IF(C24<>"تحليلي","● حساب تجميعي",IF(H24="","⚠ حدد بند القائمة",IF(COUNTIF(L_LINES,H24)=0,"⚠ بند غير معروف","✔ سليم")))))) -> ✔ سليم
A25: 1204 | B25: مجمع إهلاك الأصول الثابتة | C25: تحليلي | D25: 12 | E25: الأصول | F25: دائن | G25: =IF(E25="","",IF(OR(E25="الأصول",E25="الخصوم",E25="حقوق الملكية"),"المركز المالي","قائمة الدخل")) -> المركز المالي | H25: مجمع الإهلاك | J25: =IF(A25="","",IF(F25="دائن",'ميزان المراجعة'!D25-'ميزان المراجعة'!C25,'ميزان المراجعة'!C25-'ميزان المراجعة'!D25)) -> 35000 | K25: =IF(A25="","",IF(COUNTIF('شجرة الحسابات'!$A$9:$A$208,A25)>1,"⚠ رقم مكرر",IF(OR(B25="",C25="",E25="",F25=""),"⚠ بيانات ناقصة",IF(C25<>"تحليلي","● حساب تجميعي",IF(H25="","⚠ حدد بند القائمة",IF(COUNTIF(L_LINES,H25)=0,"⚠ بند غير معروف","✔ سليم")))))) -> ✔ سليم
A26: 2 | B26: الخصوم | C26: رئيسي | E26: الخصوم | F26: دائن | G26: =IF(E26="","",IF(OR(E26="الأصول",E26="الخصوم",E26="حقوق الملكية"),"المركز المالي","قائمة الدخل")) -> المركز المالي | J26: =IF(A26="","",IF(F26="دائن",'ميزان المراجعة'!D26-'ميزان المراجعة'!C26,'ميزان المراجعة'!C26-'ميزان المراجعة'!D26)) -> 1865000 | K26: =IF(A26="","",IF(COUNTIF('شجرة الحسابات'!$A$9:$A$208,A26)>1,"⚠ رقم مكرر",IF(OR(B26="",C26="",E26="",F26=""),"⚠ بيانات ناقصة",IF(C26<>"تحليلي","● حساب تجميعي",IF(H26="","⚠ حدد بند القائمة",IF(COUNTIF(L_LINES,H26)=0,"⚠ بند غير معروف","✔ سليم")))))) -> ● حساب تجميعي
A27: 21 | B27: الخصوم المتداولة | C27: فرعي | D27: 2 | E27: الخصوم | F27: دائن | G27: =IF(E27="","",IF(OR(E27="الأصول",E27="الخصوم",E27="حقوق الملكية"),"المركز المالي","قائمة الدخل")) -> المركز المالي | J27: =IF(A27="","",IF(F27="دائن",'ميزان المراجعة'!D27-'ميزان المراجعة'!C27,'ميزان المراجعة'!C27-'ميزان المراجعة'!D27)) -> 1365000 | K27: =IF(A27="","",IF(COUNTIF('شجرة الحسابات'!$A$9:$A$208,A27)>1,"⚠ رقم مكرر",IF(OR(B27="",C27="",E27="",F27=""),"⚠ بيانات ناقصة",IF(C27<>"تحليلي","● حساب تجميعي",IF(H27="","⚠ حدد بند القائمة",IF(COUNTIF(L_LINES,H27)=0,"⚠ بند غير معروف","✔ سليم")))))) -> ● حساب تجميعي
A28: 2101 | B28: الموردون | C28: تحليلي | D28: 21 | E28: الخصوم | F28: دائن | G28: =IF(E28="","",IF(OR(E28="الأصول",E28="الخصوم",E28="حقوق الملكية"),"المركز المالي","قائمة الدخل")) -> المركز المالي | H28: الموردون | J28: =IF(A28="","",IF(F28="دائن",'ميزان المراجعة'!D28-'ميزان المراجعة'!C28,'ميزان المراجعة'!C28-'ميزان المراجعة'!D28)) -> 180000 | K28: =IF(A28="","",IF(COUNTIF('شجرة الحسابات'!$A$9:$A$208,A28)>1,"⚠ رقم مكرر",IF(OR(B28="",C28="",E28="",F28=""),"⚠ بيانات ناقصة",IF(C28<>"تحليلي","● حساب تجميعي",IF(H28="","⚠ حدد بند القائمة",IF(COUNTIF(L_LINES,H28)=0,"⚠ بند غير معروف","✔ سليم")))))) -> ✔ سليم
A29: 2102 | B29: مقاولو الباطن | C29: تحليلي | D29: 21 | E29: الخصوم | F29: دائن | G29: =IF(E29="","",IF(OR(E29="الأصول",E29="الخصوم",E29="حقوق الملكية"),"المركز المالي","قائمة الدخل")) -> المركز المالي | H29: مقاولو الباطن | J29: =IF(A29="","",IF(F29="دائن",'ميزان المراجعة'!D29-'ميزان المراجعة'!C29,'ميزان المراجعة'!C29-'ميزان المراجعة'!D29)) -> 347500 | K29: =IF(A29="","",IF(COUNTIF('شجرة الحسابات'!$A$9:$A$208,A29)>1,"⚠ رقم مكرر",IF(OR(B29="",C29="",E29="",F29=""),"⚠ بيانات ناقصة",IF(C29<>"تحليلي","● حساب تجميعي",IF(H29="","⚠ حدد بند القائمة",IF(COUNTIF(L_LINES,H29)=0,"⚠ بند غير معروف","✔ سليم")))))) -> ✔ سليم
A30: 2103 | B30: محتجزات ضمان مقاولي الباطن | C30: تحليلي | D30: 21 | E30: الخصوم | F30: دائن | G30: =IF(E30="","",IF(OR(E30="الأصول",E30="الخصوم",E30="حقوق الملكية"),"المركز المالي","قائمة الدخل")) -> المركز المالي | H30: محتجزات ضمان مقاولي الباطن | J30: =IF(A30="","",IF(F30="دائن",'ميزان المراجعة'!D30-'ميزان المراجعة'!C30,'ميزان المراجعة'!C30-'ميزان المراجعة'!D30)) -> 42500 | K30: =IF(A30="","",IF(COUNTIF('شجرة الحسابات'!$A$9:$A$208,A30)>1,"⚠ رقم مكرر",IF(OR(B30="",C30="",E30="",F30=""),"⚠ بيانات ناقصة",IF(C30<>"تحليلي","● حساب تجميعي",IF(H30="","⚠ حدد بند القائمة",IF(COUNTIF(L_LINES,H30)=0,"⚠ بند غير معروف","✔ سليم")))))) -> ✔ سليم
A31: 2104 | B31: دفعات مقدمة من العملاء | C31: تحليلي | D31: 21 | E31: الخصوم | F31: دائن | G31: =IF(E31="","",IF(OR(E31="الأصول",E31="الخصوم",E31="حقوق الملكية"),"المركز المالي","قائمة الدخل")) -> المركز المالي | H31: دفعات مقدمة من العملاء | J31: =IF(A31="","",IF(F31="دائن",'ميزان المراجعة'!D31-'ميزان المراجعة'!C31,'ميزان المراجعة'!C31-'ميزان المراجعة'!D31)) -> 755000 | K31: =IF(A31="","",IF(COUNTIF('شجرة الحسابات'!$A$9:$A$208,A31)>1,"⚠ رقم مكرر",IF(OR(B31="",C31="",E31="",F31=""),"⚠ بيانات ناقصة",IF(C31<>"تحليلي","● حساب تجميعي",IF(H31="","⚠ حدد بند القائمة",IF(COUNTIF(L_LINES,H31)=0,"⚠ بند غير معروف","✔ سليم")))))) -> ✔ سليم
A32: 2105 | B32: مصروفات مستحقة | C32: تحليلي | D32: 21 | E32: الخصوم | F32: دائن | G32: =IF(E32="","",IF(OR(E32="الأصول",E32="الخصوم",E32="حقوق الملكية"),"المركز المالي","قائمة الدخل")) -> المركز المالي | H32: مصروفات مستحقة وأرصدة دائنة أخرى | J32: =IF(A32="","",IF(F32="دائن",'ميزان المراجعة'!D32-'ميزان المراجعة'!C32,'ميزان المراجعة'!C32-'ميزان المراجعة'!D32)) -> 0 | K32: =IF(A32="","",IF(COUNTIF('شجرة الحسابات'!$A$9:$A$208,A32)>1,"⚠ رقم مكرر",IF(OR(B32="",C32="",E32="",F32=""),"⚠ بيانات ناقصة",IF(C32<>"تحليلي","● حساب تجميعي",IF(H32="","⚠ حدد بند القائمة",IF(COUNTIF(L_LINES,H32)=0,"⚠ بند غير معروف","✔ سليم")))))) -> ✔ سليم
A33: 2106 | B33: رواتب وأجور مستحقة | C33: تحليلي | D33: 21 | E33: الخصوم | F33: دائن | G33: =IF(E33="","",IF(OR(E33="الأصول",E33="الخصوم",E33="حقوق الملكية"),"المركز المالي","قائمة الدخل")) -> المركز المالي | H33: مصروفات مستحقة وأرصدة دائنة أخرى | J33: =IF(A33="","",IF(F33="دائن",'ميزان المراجعة'!D33-'ميزان المراجعة'!C33,'ميزان المراجعة'!C33-'ميزان المراجعة'!D33)) -> 40000 | K33: =IF(A33="","",IF(COUNTIF('شجرة الحسابات'!$A$9:$A$208,A33)>1,"⚠ رقم مكرر",IF(OR(B33="",C33="",E33="",F33=""),"⚠ بيانات ناقصة",IF(C33<>"تحليلي","● حساب تجميعي",IF(H33="","⚠ حدد بند القائمة",IF(COUNTIF(L_LINES,H33)=0,"⚠ بند غير معروف","✔ سليم")))))) -> ✔ سليم
A34: 22 | B34: الخصوم غير المتداولة | C34: فرعي | D34: 2 | E34: الخصوم | F34: دائن | G34: =IF(E34="","",IF(OR(E34="الأصول",E34="الخصوم",E34="حقوق الملكية"),"المركز المالي","قائمة الدخل")) -> المركز المالي | J34: =IF(A34="","",IF(F34="دائن",'ميزان المراجعة'!D34-'ميزان المراجعة'!C34,'ميزان المراجعة'!C34-'ميزان المراجعة'!D34)) -> 500000 | K34: =IF(A34="","",IF(COUNTIF('شجرة الحسابات'!$A$9:$A$208,A34)>1,"⚠ رقم مكرر",IF(OR(B34="",C34="",E34="",F34=""),"⚠ بيانات ناقصة",IF(C34<>"تحليلي","● حساب تجميعي",IF(H34="","⚠ حدد بند القائمة",IF(COUNTIF(L_LINES,H34)=0,"⚠ بند غير معروف","✔ سليم")))))) -> ● حساب تجميعي
A35: 2201 | B35: قروض بنكية طويلة الأجل | C35: تحليلي | D35: 22 | E35: الخصوم | F35: دائن | G35: =IF(E35="","",IF(OR(E35="الأصول",E35="الخصوم",E35="حقوق الملكية"),"المركز المالي","قائمة الدخل")) -> المركز المالي | H35: قروض طويلة الأجل | J35: =IF(A35="","",IF(F35="دائن",'ميزان المراجعة'!D35-'ميزان المراجعة'!C35,'ميزان المراجعة'!C35-'ميزان المراجعة'!D35)) -> 500000 | K35: =IF(A35="","",IF(COUNTIF('شجرة الحسابات'!$A$9:$A$208,A35)>1,"⚠ رقم مكرر",IF(OR(B35="",C35="",E35="",F35=""),"⚠ بيانات ناقصة",IF(C35<>"تحليلي","● حساب تجميعي",IF(H35="","⚠ حدد بند القائمة",IF(COUNTIF(L_LINES,H35)=0,"⚠ بند غير معروف","✔ سليم")))))) -> ✔ سليم
A36: 2202 | B36: مخصص مكافأة نهاية الخدمة | C36: تحليلي | D36: 22 | E36: الخصوم | F36: دائن | G36: =IF(E36="","",IF(OR(E36="الأصول",E36="الخصوم",E36="حقوق الملكية"),"المركز المالي","قائمة الدخل")) -> المركز المالي | H36: مخصص مكافأة نهاية الخدمة | J36: =IF(A36="","",IF(F36="دائن",'ميزان المراجعة'!D36-'ميزان المراجعة'!C36,'ميزان المراجعة'!C36-'ميزان المراجعة'!D36)) -> 0 | K36: =IF(A36="","",IF(COUNTIF('شجرة الحسابات'!$A$9:$A$208,A36)>1,"⚠ رقم مكرر",IF(OR(B36="",C36="",E36="",F36=""),"⚠ بيانات ناقصة",IF(C36<>"تحليلي","● حساب تجميعي",IF(H36="","⚠ حدد بند القائمة",IF(COUNTIF(L_LINES,H36)=0,"⚠ بند غير معروف","✔ سليم")))))) -> ✔ سليم
A37: 3 | B37: حقوق الملكية | C37: رئيسي | E37: حقوق الملكية | F37: دائن | G37: =IF(E37="","",IF(OR(E37="الأصول",E37="الخصوم",E37="حقوق الملكية"),"المركز المالي","قائمة الدخل")) -> المركز المالي | J37: =IF(A37="","",IF(F37="دائن",'ميزان المراجعة'!D37-'ميزان المراجعة'!C37,'ميزان المراجعة'!C37-'ميزان المراجعة'!D37)) -> 2960000 | K37: =IF(A37="","",IF(COUNTIF('شجرة الحسابات'!$A$9:$A$208,A37)>1,"⚠ رقم مكرر",IF(OR(B37="",C37="",E37="",F37=""),"⚠ بيانات ناقصة",IF(C37<>"تحليلي","● حساب تجميعي",IF(H37="","⚠ حدد بند القائمة",IF(COUNTIF(L_LINES,H37)=0,"⚠ بند غير معروف","✔ سليم")))))) -> ● حساب تجميعي
A38: 31 | B38: رأس المال والاحتياطيات | C38: فرعي | D38: 3 | E38: حقوق الملكية | F38: دائن | G38: =IF(E38="","",IF(OR(E38="الأصول",E38="الخصوم",E38="حقوق الملكية"),"المركز المالي","قائمة الدخل")) -> المركز المالي | J38: =IF(A38="","",IF(F38="دائن",'ميزان المراجعة'!D38-'ميزان المراجعة'!C38,'ميزان المراجعة'!C38-'ميزان المراجعة'!D38)) -> 2960000 | K38: =IF(A38="","",IF(COUNTIF('شجرة الحسابات'!$A$9:$A$208,A38)>1,"⚠ رقم مكرر",IF(OR(B38="",C38="",E38="",F38=""),"⚠ بيانات ناقصة",IF(C38<>"تحليلي","● حساب تجميعي",IF(H38="","⚠ حدد بند القائمة",IF(COUNTIF(L_LINES,H38)=0,"⚠ بند غير معروف","✔ سليم")))))) -> ● حساب تجميعي
A39: 3101 | B39: رأس المال المدفوع | C39: تحليلي | D39: 31 | E39: حقوق الملكية | F39: دائن | G39: =IF(E39="","",IF(OR(E39="الأصول",E39="الخصوم",E39="حقوق الملكية"),"المركز المالي","قائمة الدخل")) -> المركز المالي | H39: رأس المال | J39: =IF(A39="","",IF(F39="دائن",'ميزان المراجعة'!D39-'ميزان المراجعة'!C39,'ميزان المراجعة'!C39-'ميزان المراجعة'!D39)) -> 3000000 | K39: =IF(A39="","",IF(COUNTIF('شجرة الحسابات'!$A$9:$A$208,A39)>1,"⚠ رقم مكرر",IF(OR(B39="",C39="",E39="",F39=""),"⚠ بيانات ناقصة",IF(C39<>"تحليلي","● حساب تجميعي",IF(H39="","⚠ حدد بند القائمة",IF(COUNTIF(L_LINES,H39)=0,"⚠ بند غير معروف","✔ سليم")))))) -> ✔ سليم
A40: 3102 | B40: الاحتياطي النظامي | C40: تحليلي | D40: 31 | E40: حقوق الملكية | F40: دائن | G40: =IF(E40="","",IF(OR(E40="الأصول",E40="الخصوم",E40="حقوق الملكية"),"المركز المالي","قائمة الدخل")) -> المركز المالي | H40: الاحتياطيات | J40: =IF(A40="","",IF(F40="دائن",'ميزان المراجعة'!D40-'ميزان المراجعة'!C40,'ميزان المراجعة'!C40-'ميزان المراجعة'!D40)) -> 0 | K40: =IF(A40="","",IF(COUNTIF('شجرة الحسابات'!$A$9:$A$208,A40)>1,"⚠ رقم مكرر",IF(OR(B40="",C40="",E40="",F40=""),"⚠ بيانات ناقصة",IF(C40<>"تحليلي","● حساب تجميعي",IF(H40="","⚠ حدد بند القائمة",IF(COUNTIF(L_LINES,H40)=0,"⚠ بند غير معروف","✔ سليم")))))) -> ✔ سليم
A41: 3103 | B41: الأرباح المحتجزة | C41: تحليلي | D41: 31 | E41: حقوق الملكية | F41: دائن | G41: =IF(E41="","",IF(OR(E41="الأصول",E41="الخصوم",E41="حقوق الملكية"),"المركز المالي","قائمة الدخل")) -> المركز المالي | H41: الأرباح المحتجزة | J41: =IF(A41="","",IF(F41="دائن",'ميزان المراجعة'!D41-'ميزان المراجعة'!C41,'ميزان المراجعة'!C41-'ميزان المراجعة'!D41)) -> 0 | K41: =IF(A41="","",IF(COUNTIF('شجرة الحسابات'!$A$9:$A$208,A41)>1,"⚠ رقم مكرر",IF(OR(B41="",C41="",E41="",F41=""),"⚠ بيانات ناقصة",IF(C41<>"تحليلي","● حساب تجميعي",IF(H41="","⚠ حدد بند القائمة",IF(COUNTIF(L_LINES,H41)=0,"⚠ بند غير معروف","✔ سليم")))))) -> ✔ سليم
A42: 3104 | B42: جاري الشركاء (مسحوبات) | C42: تحليلي | D42: 31 | E42: حقوق الملكية | F42: مدين | G42: =IF(E42="","",IF(OR(E42="الأصول",E42="الخصوم",E42="حقوق الملكية"),"المركز المالي","قائمة الدخل")) -> المركز المالي | H42: جاري الشركاء | J42: =IF(A42="","",IF(F42="دائن",'ميزان المراجعة'!D42-'ميزان المراجعة'!C42,'ميزان المراجعة'!C42-'ميزان المراجعة'!D42)) -> 40000 | K42: =IF(A42="","",IF(COUNTIF('شجرة الحسابات'!$A$9:$A$208,A42)>1,"⚠ رقم مكرر",IF(OR(B42="",C42="",E42="",F42=""),"⚠ بيانات ناقصة",IF(C42<>"تحليلي","● حساب تجميعي",IF(H42="","⚠ حدد بند القائمة",IF(COUNTIF(L_LINES,H42)=0,"⚠ بند غير معروف","✔ سليم")))))) -> ✔ سليم
A43: 4 | B43: الإيرادات | C43: رئيسي | E43: الإيرادات | F43: دائن | G43: =IF(E43="","",IF(OR(E43="الأصول",E43="الخصوم",E43="حقوق الملكية"),"المركز المالي","قائمة الدخل")) -> قائمة الدخل | J43: =IF(A43="","",IF(F43="دائن",'ميزان المراجعة'!D43-'ميزان المراجعة'!C43,'ميزان المراجعة'!C43-'ميزان المراجعة'!D43)) -> 2708000 | K43: =IF(A43="","",IF(COUNTIF('شجرة الحسابات'!$A$9:$A$208,A43)>1,"⚠ رقم مكرر",IF(OR(B43="",C43="",E43="",F43=""),"⚠ بيانات ناقصة",IF(C43<>"تحليلي","● حساب تجميعي",IF(H43="","⚠ حدد بند القائمة",IF(COUNTIF(L_LINES,H43)=0,"⚠ بند غير معروف","✔ سليم")))))) -> ● حساب تجميعي
A44: 41 | B44: إيرادات العقود | C44: فرعي | D44: 4 | E44: الإيرادات | F44: دائن | G44: =IF(E44="","",IF(OR(E44="الأصول",E44="الخصوم",E44="حقوق الملكية"),"المركز المالي","قائمة الدخل")) -> قائمة الدخل | J44: =IF(A44="","",IF(F44="دائن",'ميزان المراجعة'!D44-'ميزان المراجعة'!C44,'ميزان المراجعة'!C44-'ميزان المراجعة'!D44)) -> 2700000 | K44: =IF(A44="","",IF(COUNTIF('شجرة الحسابات'!$A$9:$A$208,A44)>1,"⚠ رقم مكرر",IF(OR(B44="",C44="",E44="",F44=""),"⚠ بيانات ناقصة",IF(C44<>"تحليلي","● حساب تجميعي",IF(H44="","⚠ حدد بند القائمة",IF(COUNTIF(L_LINES,H44)=0,"⚠ بند غير معروف","✔ سليم")))))) -> ● حساب تجميعي
A45: 4101 | B45: إيرادات المستخلصات | C45: تحليلي | D45: 41 | E45: الإيرادات | F45: دائن | G45: =IF(E45="","",IF(OR(E45="الأصول",E45="الخصوم",E45="حقوق الملكية"),"المركز المالي","قائمة الدخل")) -> قائمة الدخل | H45: إيرادات العقود | J45: =IF(A45="","",IF(F45="دائن",'ميزان المراجعة'!D45-'ميزان المراجعة'!C45,'ميزان المراجعة'!C45-'ميزان المراجعة'!D45)) -> 2580000 | K45: =IF(A45="","",IF(COUNTIF('شجرة الحسابات'!$A$9:$A$208,A45)>1,"⚠ رقم مكرر",IF(OR(B45="",C45="",E45="",F45=""),"⚠ بيانات ناقصة",IF(C45<>"تحليلي","● حساب تجميعي",IF(H45="","⚠ حدد بند القائمة",IF(COUNTIF(L_LINES,H45)=0,"⚠ بند غير معروف","✔ سليم")))))) -> ✔ سليم
A46: 4102 | B46: إيرادات أعمال إضافية وأوامر تغيير | C46: تحليلي | D46: 41 | E46: الإيرادات | F46: دائن | G46: =IF(E46="","",IF(OR(E46="الأصول",E46="الخصوم",E46="حقوق الملكية"),"المركز المالي","قائمة الدخل")) -> قائمة الدخل | H46: إيرادات العقود | J46: =IF(A46="","",IF(F46="دائن",'ميزان المراجعة'!D46-'ميزان المراجعة'!C46,'ميزان المراجعة'!C46-'ميزان المراجعة'!D46)) -> 120000 | K46: =IF(A46="","",IF(COUNTIF('شجرة الحسابات'!$A$9:$A$208,A46)>1,"⚠ رقم مكرر",IF(OR(B46="",C46="",E46="",F46=""),"⚠ بيانات ناقصة",IF(C46<>"تحليلي","● حساب تجميعي",IF(H46="","⚠ حدد بند القائمة",IF(COUNTIF(L_LINES,H46)=0,"⚠ بند غير معروف","✔ سليم")))))) -> ✔ سليم
A47: 42 | B47: إيرادات أخرى | C47: فرعي | D47: 4 | E47: الإيرادات | F47: دائن | G47: =IF(E47="","",IF(OR(E47="الأصول",E47="الخصوم",E47="حقوق الملكية"),"المركز المالي","قائمة الدخل")) -> قائمة الدخل | J47: =IF(A47="","",IF(F47="دائن",'ميزان المراجعة'!D47-'ميزان المراجعة'!C47,'ميزان المراجعة'!C47-'ميزان المراجعة'!D47)) -> 8000 | K47: =IF(A47="","",IF(COUNTIF('شجرة الحسابات'!$A$9:$A$208,A47)>1,"⚠ رقم مكرر",IF(OR(B47="",C47="",E47="",F47=""),"⚠ بيانات ناقصة",IF(C47<>"تحليلي","● حساب تجميعي",IF(H47="","⚠ حدد بند القائمة",IF(COUNTIF(L_LINES,H47)=0,"⚠ بند غير معروف","✔ سليم")))))) -> ● حساب تجميعي
A48: 4201 | B48: إيرادات متنوعة (بيع خردة ومخلفات) | C48: تحليلي | D48: 42 | E48: الإيرادات | F48: دائن | G48: =IF(E48="","",IF(OR(E48="الأصول",E48="الخصوم",E48="حقوق الملكية"),"المركز المالي","قائمة الدخل")) -> قائمة الدخل | H48: إيرادات أخرى | J48: =IF(A48="","",IF(F48="دائن",'ميزان المراجعة'!D48-'ميزان المراجعة'!C48,'ميزان المراجعة'!C48-'ميزان المراجعة'!D48)) -> 8000 | K48: =IF(A48="","",IF(COUNTIF('شجرة الحسابات'!$A$9:$A$208,A48)>1,"⚠ رقم مكرر",IF(OR(B48="",C48="",E48="",F48=""),"⚠ بيانات ناقصة",IF(C48<>"تحليلي","● حساب تجميعي",IF(H48="","⚠ حدد بند القائمة",IF(COUNTIF(L_LINES,H48)=0,"⚠ بند غير معروف","✔ سليم")))))) -> ✔ سليم
A49: 5 | B49: تكاليف العقود | C49: رئيسي | E49: المصروفات | F49: مدين | G49: =IF(E49="","",IF(OR(E49="الأصول",E49="الخصوم",E49="حقوق الملكية"),"المركز المالي","قائمة الدخل")) -> قائمة الدخل | J49: =IF(A49="","",IF(F49="دائن",'ميزان المراجعة'!D49-'ميزان المراجعة'!C49,'ميزان المراجعة'!C49-'ميزان المراجعة'!D49)) -> 2075000 | K49: =IF(A49="","",IF(COUNTIF('شجرة الحسابات'!$A$9:$A$208,A49)>1,"⚠ رقم مكرر",IF(OR(B49="",C49="",E49="",F49=""),"⚠ بيانات ناقصة",IF(C49<>"تحليلي","● حساب تجميعي",IF(H49="","⚠ حدد بند القائمة",IF(COUNTIF(L_LINES,H49)=0,"⚠ بند غير معروف","✔ سليم")))))) -> ● حساب تجميعي
A50: 51 | B50: التكاليف المباشرة للمشروعات | C50: فرعي | D50: 5 | E50: المصروفات | F50: مدين | G50: =IF(E50="","",IF(OR(E50="الأصول",E50="الخصوم",E50="حقوق الملكية"),"المركز المالي","قائمة الدخل")) -> قائمة الدخل | J50: =IF(A50="","",IF(F50="دائن",'ميزان المراجعة'!D50-'ميزان المراجعة'!C50,'ميزان المراجعة'!C50-'ميزان المراجعة'!D50)) -> 2075000 | K50: =IF(A50="","",IF(COUNTIF('شجرة الحسابات'!$A$9:$A$208,A50)>1,"⚠ رقم مكرر",IF(OR(B50="",C50="",E50="",F50=""),"⚠ بيانات ناقصة",IF(C50<>"تحليلي","● حساب تجميعي",IF(H50="","⚠ حدد بند القائمة",IF(COUNTIF(L_LINES,H50)=0,"⚠ بند غير معروف","✔ سليم")))))) -> ● حساب تجميعي
A51: 5101 | B51: تكلفة المواد المستخدمة | C51: تحليلي | D51: 51 | E51: المصروفات | F51: مدين | G51: =IF(E51="","",IF(OR(E51="الأصول",E51="الخصوم",E51="حقوق الملكية"),"المركز المالي","قائمة الدخل")) -> قائمة الدخل | H51: تكلفة العقود | I51: مواد | J51: =IF(A51="","",IF(F51="دائن",'ميزان المراجعة'!D51-'ميزان المراجعة'!C51,'ميزان المراجعة'!C51-'ميزان المراجعة'!D51)) -> 680000 | K51: =IF(A51="","",IF(COUNTIF('شجرة الحسابات'!$A$9:$A$208,A51)>1,"⚠ رقم مكرر",IF(OR(B51="",C51="",E51="",F51=""),"⚠ بيانات ناقصة",IF(C51<>"تحليلي","● حساب تجميعي",IF(H51="","⚠ حدد بند القائمة",IF(COUNTIF(L_LINES,H51)=0,"⚠ بند غير معروف","✔ سليم")))))) -> ✔ سليم
A52: 5102 | B52: أجور العمالة المباشرة | C52: تحليلي | D52: 51 | E52: المصروفات | F52: مدين | G52: =IF(E52="","",IF(OR(E52="الأصول",E52="الخصوم",E52="حقوق الملكية"),"المركز المالي","قائمة الدخل")) -> قائمة الدخل | H52: تكلفة العقود | I52: أجور عمال | J52: =IF(A52="","",IF(F52="دائن",'ميزان المراجعة'!D52-'ميزان المراجعة'!C52,'ميزان المراجعة'!C52-'ميزان المراجعة'!D52)) -> 340000 | K52: =IF(A52="","",IF(COUNTIF('شجرة الحسابات'!$A$9:$A$208,A52)>1,"⚠ رقم مكرر",IF(OR(B52="",C52="",E52="",F52=""),"⚠ بيانات ناقصة",IF(C52<>"تحليلي","● حساب تجميعي",IF(H52="","⚠ حدد بند القائمة",IF(COUNTIF(L_LINES,H52)=0,"⚠ بند غير معروف","✔ سليم")))))) -> ✔ سليم
A53: 5103 | B53: تكلفة مقاولي الباطن | C53: تحليلي | D53: 51 | E53: المصروفات | F53: مدين | G53: =IF(E53="","",IF(OR(E53="الأصول",E53="الخصوم",E53="حقوق الملكية"),"المركز المالي","قائمة الدخل")) -> قائمة الدخل | H53: تكلفة العقود | I53: مقاولو باطن | J53: =IF(A53="","",IF(F53="دائن",'ميزان المراجعة'!D53-'ميزان المراجعة'!C53,'ميزان المراجعة'!C53-'ميزان المراجعة'!D53)) -> 850000 | K53: =IF(A53="","",IF(COUNTIF('شجرة الحسابات'!$A$9:$A$208,A53)>1,"⚠ رقم مكرر",IF(OR(B53="",C53="",E53="",F53=""),"⚠ بيانات ناقصة",IF(C53<>"تحليلي","● حساب تجميعي",IF(H53="","⚠ حدد بند القائمة",IF(COUNTIF(L_LINES,H53)=0,"⚠ بند غير معروف","✔ سليم")))))) -> ✔ سليم
A54: 5104 | B54: إيجار وتشغيل المعدات | C54: تحليلي | D54: 51 | E54: المصروفات | F54: مدين | G54: =IF(E54="","",IF(OR(E54="الأصول",E54="الخصوم",E54="حقوق الملكية"),"المركز المالي","قائمة الدخل")) -> قائمة الدخل | H54: تكلفة العقود | I54: معدات | J54: =IF(A54="","",IF(F54="دائن",'ميزان المراجعة'!D54-'ميزان المراجعة'!C54,'ميزان المراجعة'!C54-'ميزان المراجعة'!D54)) -> 125000 | K54: =IF(A54="","",IF(COUNTIF('شجرة الحسابات'!$A$9:$A$208,A54)>1,"⚠ رقم مكرر",IF(OR(B54="",C54="",E54="",F54=""),"⚠ بيانات ناقصة",IF(C54<>"تحليلي","● حساب تجميعي",IF(H54="","⚠ حدد بند القائمة",IF(COUNTIF(L_LINES,H54)=0,"⚠ بند غير معروف","✔ سليم")))))) -> ✔ سليم
A55: 5105 | B55: مصاريف الموقع الإدارية | C55: تحليلي | D55: 51 | E55: المصروفات | F55: مدين | G55: =IF(E55="","",IF(OR(E55="الأصول",E55="الخصوم",E55="حقوق الملكية"),"المركز المالي","قائمة الدخل")) -> قائمة الدخل | H55: تكلفة العقود | I55: مصاريف موقع | J55: =IF(A55="","",IF(F55="دائن",'ميزان المراجعة'!D55-'ميزان المراجعة'!C55,'ميزان المراجعة'!C55-'ميزان المراجعة'!D55)) -> 50000 | K55: =IF(A55="","",IF(COUNTIF('شجرة الحسابات'!$A$9:$A$208,A55)>1,"⚠ رقم مكرر",IF(OR(B55="",C55="",E55="",F55=""),"⚠ بيانات ناقصة",IF(C55<>"تحليلي","● حساب تجميعي",IF(H55="","⚠ حدد بند القائمة",IF(COUNTIF(L_LINES,H55)=0,"⚠ بند غير معروف","✔ سليم")))))) -> ✔ سليم
A56: 5106 | B56: إهلاك معدات المشروعات | C56: تحليلي | D56: 51 | E56: المصروفات | F56: مدين | G56: =IF(E56="","",IF(OR(E56="الأصول",E56="الخصوم",E56="حقوق الملكية"),"المركز المالي","قائمة الدخل")) -> قائمة الدخل | H56: تكلفة العقود | I56: معدات | J56: =IF(A56="","",IF(F56="دائن",'ميزان المراجعة'!D56-'ميزان المراجعة'!C56,'ميزان المراجعة'!C56-'ميزان المراجعة'!D56)) -> 30000 | K56: =IF(A56="","",IF(COUNTIF('شجرة الحسابات'!$A$9:$A$208,A56)>1,"⚠ رقم مكرر",IF(OR(B56="",C56="",E56="",F56=""),"⚠ بيانات ناقصة",IF(C56<>"تحليلي","● حساب تجميعي",IF(H56="","⚠ حدد بند القائمة",IF(COUNTIF(L_LINES,H56)=0,"⚠ بند غير معروف","✔ سليم")))))) -> ✔ سليم
A57: 6 | B57: المصاريف العمومية والإدارية | C57: رئيسي | E57: المصروفات | F57: مدين | G57: =IF(E57="","",IF(OR(E57="الأصول",E57="الخصوم",E57="حقوق الملكية"),"المركز المالي","قائمة الدخل")) -> قائمة الدخل | J57: =IF(A57="","",IF(F57="دائن",'ميزان المراجعة'!D57-'ميزان المراجعة'!C57,'ميزان المراجعة'!C57-'ميزان المراجعة'!D57)) -> 125700 | K57: =IF(A57="","",IF(COUNTIF('شجرة الحسابات'!$A$9:$A$208,A57)>1,"⚠ رقم مكرر",IF(OR(B57="",C57="",E57="",F57=""),"⚠ بيانات ناقصة",IF(C57<>"تحليلي","● حساب تجميعي",IF(H57="","⚠ حدد بند القائمة",IF(COUNTIF(L_LINES,H57)=0,"⚠ بند غير معروف","✔ سليم")))))) -> ● حساب تجميعي
A58: 61 | B58: مصاريف الإدارة العامة | C58: فرعي | D58: 6 | E58: المصروفات | F58: مدين | G58: =IF(E58="","",IF(OR(E58="الأصول",E58="الخصوم",E58="حقوق الملكية"),"المركز المالي","قائمة الدخل")) -> قائمة الدخل | J58: =IF(A58="","",IF(F58="دائن",'ميزان المراجعة'!D58-'ميزان المراجعة'!C58,'ميزان المراجعة'!C58-'ميزان المراجعة'!D58)) -> 125700 | K58: =IF(A58="","",IF(COUNTIF('شجرة الحسابات'!$A$9:$A$208,A58)>1,"⚠ رقم مكرر",IF(OR(B58="",C58="",E58="",F58=""),"⚠ بيانات ناقصة",IF(C58<>"تحليلي","● حساب تجميعي",IF(H58="","⚠ حدد بند القائمة",IF(COUNTIF(L_LINES,H58)=0,"⚠ بند غير معروف","✔ سليم")))))) -> ● حساب تجميعي
A59: 6101 | B59: رواتب الإدارة العامة | C59: تحليلي | D59: 61 | E59: المصروفات | F59: مدين | G59: =IF(E59="","",IF(OR(E59="الأصول",E59="الخصوم",E59="حقوق الملكية"),"المركز المالي","قائمة الدخل")) -> قائمة الدخل | H59: مصاريف عمومية وإدارية | J59: =IF(A59="","",IF(F59="دائن",'ميزان المراجعة'!D59-'ميزان المراجعة'!C59,'ميزان المراجعة'!C59-'ميزان المراجعة'!D59)) -> 60000 | K59: =IF(A59="","",IF(COUNTIF('شجرة الحسابات'!$A$9:$A$208,A59)>1,"⚠ رقم مكرر",IF(OR(B59="",C59="",E59="",F59=""),"⚠ بيانات ناقصة",IF(C59<>"تحليلي","● حساب تجميعي",IF(H59="","⚠ حدد بند القائمة",IF(COUNTIF(L_LINES,H59)=0,"⚠ بند غير معروف","✔ سليم")))))) -> ✔ سليم
A60: 6102 | B60: إيجار المكتب الرئيسي | C60: تحليلي | D60: 61 | E60: المصروفات | F60: مدين | G60: =IF(E60="","",IF(OR(E60="الأصول",E60="الخصوم",E60="حقوق الملكية"),"المركز المالي","قائمة الدخل")) -> قائمة الدخل | H60: مصاريف عمومية وإدارية | J60: =IF(A60="","",IF(F60="دائن",'ميزان المراجعة'!D60-'ميزان المراجعة'!C60,'ميزان المراجعة'!C60-'ميزان المراجعة'!D60)) -> 45000 | K60: =IF(A60="","",IF(COUNTIF('شجرة الحسابات'!$A$9:$A$208,A60)>1,"⚠ رقم مكرر",IF(OR(B60="",C60="",E60="",F60=""),"⚠ بيانات ناقصة",IF(C60<>"تحليلي","● حساب تجميعي",IF(H60="","⚠ حدد بند القائمة",IF(COUNTIF(L_LINES,H60)=0,"⚠ بند غير معروف","✔ سليم")))))) -> ✔ سليم
A61: 6103 | B61: كهرباء ومياه واتصالات | C61: تحليلي | D61: 61 | E61: المصروفات | F61: مدين | G61: =IF(E61="","",IF(OR(E61="الأصول",E61="الخصوم",E61="حقوق الملكية"),"المركز المالي","قائمة الدخل")) -> قائمة الدخل | H61: مصاريف عمومية وإدارية | J61: =IF(A61="","",IF(F61="دائن",'ميزان المراجعة'!D61-'ميزان المراجعة'!C61,'ميزان المراجعة'!C61-'ميزان المراجعة'!D61)) -> 12500 | K61: =IF(A61="","",IF(COUNTIF('شجرة الحسابات'!$A$9:$A$208,A61)>1,"⚠ رقم مكرر",IF(OR(B61="",C61="",E61="",F61=""),"⚠ بيانات ناقصة",IF(C61<>"تحليلي","● حساب تجميعي",IF(H61="","⚠ حدد بند القائمة",IF(COUNTIF(L_LINES,H61)=0,"⚠ بند غير معروف","✔ سليم")))))) -> ✔ سليم
A62: 6104 | B62: إهلاك الأصول الإدارية | C62: تحليلي | D62: 61 | E62: المصروفات | F62: مدين | G62: =IF(E62="","",IF(OR(E62="الأصول",E62="الخصوم",E62="حقوق الملكية"),"المركز المالي","قائمة الدخل")) -> قائمة الدخل | H62: مصاريف عمومية وإدارية | J62: =IF(A62="","",IF(F62="دائن",'ميزان المراجعة'!D62-'ميزان المراجعة'!C62,'ميزان المراجعة'!C62-'ميزان المراجعة'!D62)) -> 5000 | K62: =IF(A62="","",IF(COUNTIF('شجرة الحسابات'!$A$9:$A$208,A62)>1,"⚠ رقم مكرر",IF(OR(B62="",C62="",E62="",F62=""),"⚠ بيانات ناقصة",IF(C62<>"تحليلي","● حساب تجميعي",IF(H62="","⚠ حدد بند القائمة",IF(COUNTIF(L_LINES,H62)=0,"⚠ بند غير معروف","✔ سليم")))))) -> ✔ سليم
A63: 6105 | B63: مصاريف وعمولات بنكية | C63: تحليلي | D63: 61 | E63: المصروفات | F63: مدين | G63: =IF(E63="","",IF(OR(E63="الأصول",E63="الخصوم",E63="حقوق الملكية"),"المركز المالي","قائمة الدخل")) -> قائمة الدخل | H63: مصاريف تمويلية | J63: =IF(A63="","",IF(F63="دائن",'ميزان المراجعة'!D63-'ميزان المراجعة'!C63,'ميزان المراجعة'!C63-'ميزان المراجعة'!D63)) -> 3200 | K63: =IF(A63="","",IF(COUNTIF('شجرة الحسابات'!$A$9:$A$208,A63)>1,"⚠ رقم مكرر",IF(OR(B63="",C63="",E63="",F63=""),"⚠ بيانات ناقصة",IF(C63<>"تحليلي","● حساب تجميعي",IF(H63="","⚠ حدد بند القائمة",IF(COUNTIF(L_LINES,H63)=0,"⚠ بند غير معروف","✔ سليم")))))) -> ✔ سليم
G64: =IF(E64="","",IF(OR(E64="الأصول",E64="الخصوم",E64="حقوق الملكية"),"المركز المالي","قائمة الدخل")) | J64: =IF(A64="","",IF(F64="دائن",'ميزان المراجعة'!D64-'ميزان المراجعة'!C64,'ميزان المراجعة'!C64-'ميزان المراجعة'!D64)) | K64: =IF(A64="","",IF(COUNTIF('شجرة الحسابات'!$A$9:$A$208,A64)>1,"⚠ رقم مكرر",IF(OR(B64="",C64="",E64="",F64=""),"⚠ بيانات ناقصة",IF(C64<>"تحليلي","● حساب تجميعي",IF(H64="","⚠ حدد بند القائمة",IF(COUNTIF(L_LINES,H64)=0,"⚠ بند غير معروف","✔ سليم"))))))
G65: =IF(E65="","",IF(OR(E65="الأصول",E65="الخصوم",E65="حقوق الملكية"),"المركز المالي","قائمة الدخل")) | J65: =IF(A65="","",IF(F65="دائن",'ميزان المراجعة'!D65-'ميزان المراجعة'!C65,'ميزان المراجعة'!C65-'ميزان المراجعة'!D65)) | K65: =IF(A65="","",IF(COUNTIF('شجرة الحسابات'!$A$9:$A$208,A65)>1,"⚠ رقم مكرر",IF(OR(B65="",C65="",E65="",F65=""),"⚠ بيانات ناقصة",IF(C65<>"تحليلي","● حساب تجميعي",IF(H65="","⚠ حدد بند القائمة",IF(COUNTIF(L_LINES,H65)=0,"⚠ بند غير معروف","✔ سليم"))))))
G66: =IF(E66="","",IF(OR(E66="الأصول",E66="الخصوم",E66="حقوق الملكية"),"المركز المالي","قائمة الدخل")) | J66: =IF(A66="","",IF(F66="دائن",'ميزان المراجعة'!D66-'ميزان المراجعة'!C66,'ميزان المراجعة'!C66-'ميزان المراجعة'!D66)) | K66: =IF(A66="","",IF(COUNTIF('شجرة الحسابات'!$A$9:$A$208,A66)>1,"⚠ رقم مكرر",IF(OR(B66="",C66="",E66="",F66=""),"⚠ بيانات ناقصة",IF(C66<>"تحليلي","● حساب تجميعي",IF(H66="","⚠ حدد بند القائمة",IF(COUNTIF(L_LINES,H66)=0,"⚠ بند غير معروف","✔ سليم"))))))
G67: =IF(E67="","",IF(OR(E67="الأصول",E67="الخصوم",E67="حقوق الملكية"),"المركز المالي","قائمة الدخل")) | J67: =IF(A67="","",IF(F67="دائن",'ميزان المراجعة'!D67-'ميزان المراجعة'!C67,'ميزان المراجعة'!C67-'ميزان المراجعة'!D67)) | K67: =IF(A67="","",IF(COUNTIF('شجرة الحسابات'!$A$9:$A$208,A67)>1,"⚠ رقم مكرر",IF(OR(B67="",C67="",E67="",F67=""),"⚠ بيانات ناقصة",IF(C67<>"تحليلي","● حساب تجميعي",IF(H67="","⚠ حدد بند القائمة",IF(COUNTIF(L_LINES,H67)=0,"⚠ بند غير معروف","✔ سليم"))))))
G68: =IF(E68="","",IF(OR(E68="الأصول",E68="الخصوم",E68="حقوق الملكية"),"المركز المالي","قائمة الدخل")) | J68: =IF(A68="","",IF(F68="دائن",'ميزان المراجعة'!D68-'ميزان المراجعة'!C68,'ميزان المراجعة'!C68-'ميزان المراجعة'!D68)) | K68: =IF(A68="","",IF(COUNTIF('شجرة الحسابات'!$A$9:$A$208,A68)>1,"⚠ رقم مكرر",IF(OR(B68="",C68="",E68="",F68=""),"⚠ بيانات ناقصة",IF(C68<>"تحليلي","● حساب تجميعي",IF(H68="","⚠ حدد بند القائمة",IF(COUNTIF(L_LINES,H68)=0,"⚠ بند غير معروف","✔ سليم"))))))
G69: =IF(E69="","",IF(OR(E69="الأصول",E69="الخصوم",E69="حقوق الملكية"),"المركز المالي","قائمة الدخل")) | J69: =IF(A69="","",IF(F69="دائن",'ميزان المراجعة'!D69-'ميزان المراجعة'!C69,'ميزان المراجعة'!C69-'ميزان المراجعة'!D69)) | K69: =IF(A69="","",IF(COUNTIF('شجرة الحسابات'!$A$9:$A$208,A69)>1,"⚠ رقم مكرر",IF(OR(B69="",C69="",E69="",F69=""),"⚠ بيانات ناقصة",IF(C69<>"تحليلي","● حساب تجميعي",IF(H69="","⚠ حدد بند القائمة",IF(COUNTIF(L_LINES,H69)=0,"⚠ بند غير معروف","✔ سليم"))))))
G70: =IF(E70="","",IF(OR(E70="الأصول",E70="الخصوم",E70="حقوق الملكية"),"المركز المالي","قائمة الدخل")) | J70: =IF(A70="","",IF(F70="دائن",'ميزان المراجعة'!D70-'ميزان المراجعة'!C70,'ميزان المراجعة'!C70-'ميزان المراجعة'!D70)) | K70: =IF(A70="","",IF(COUNTIF('شجرة الحسابات'!$A$9:$A$208,A70)>1,"⚠ رقم مكرر",IF(OR(B70="",C70="",E70="",F70=""),"⚠ بيانات ناقصة",IF(C70<>"تحليلي","● حساب تجميعي",IF(H70="","⚠ حدد بند القائمة",IF(COUNTIF(L_LINES,H70)=0,"⚠ بند غير معروف","✔ سليم"))))))
G71: =IF(E71="","",IF(OR(E71="الأصول",E71="الخصوم",E71="حقوق الملكية"),"المركز المالي","قائمة الدخل")) | J71: =IF(A71="","",IF(F71="دائن",'ميزان المراجعة'!D71-'ميزان المراجعة'!C71,'ميزان المراجعة'!C71-'ميزان المراجعة'!D71)) | K71: =IF(A71="","",IF(COUNTIF('شجرة الحسابات'!$A$9:$A$208,A71)>1,"⚠ رقم مكرر",IF(OR(B71="",C71="",E71="",F71=""),"⚠ بيانات ناقصة",IF(C71<>"تحليلي","● حساب تجميعي",IF(H71="","⚠ حدد بند القائمة",IF(COUNTIF(L_LINES,H71)=0,"⚠ بند غير معروف","✔ سليم"))))))
G72: =IF(E72="","",IF(OR(E72="الأصول",E72="الخصوم",E72="حقوق الملكية"),"المركز المالي","قائمة الدخل")) | J72: =IF(A72="","",IF(F72="دائن",'ميزان المراجعة'!D72-'ميزان المراجعة'!C72,'ميزان المراجعة'!C72-'ميزان المراجعة'!D72)) | K72: =IF(A72="","",IF(COUNTIF('شجرة الحسابات'!$A$9:$A$208,A72)>1,"⚠ رقم مكرر",IF(OR(B72="",C72="",E72="",F72=""),"⚠ بيانات ناقصة",IF(C72<>"تحليلي","● حساب تجميعي",IF(H72="","⚠ حدد بند القائمة",IF(COUNTIF(L_LINES,H72)=0,"⚠ بند غير معروف","✔ سليم"))))))
G73: =IF(E73="","",IF(OR(E73="الأصول",E73="الخصوم",E73="حقوق الملكية"),"المركز المالي","قائمة الدخل")) | J73: =IF(A73="","",IF(F73="دائن",'ميزان المراجعة'!D73-'ميزان المراجعة'!C73,'ميزان المراجعة'!C73-'ميزان المراجعة'!D73)) | K73: =IF(A73="","",IF(COUNTIF('شجرة الحسابات'!$A$9:$A$208,A73)>1,"⚠ رقم مكرر",IF(OR(B73="",C73="",E73="",F73=""),"⚠ بيانات ناقصة",IF(C73<>"تحليلي","● حساب تجميعي",IF(H73="","⚠ حدد بند القائمة",IF(COUNTIF(L_LINES,H73)=0,"⚠ بند غير معروف","✔ سليم"))))))
G74: =IF(E74="","",IF(OR(E74="الأصول",E74="الخصوم",E74="حقوق الملكية"),"المركز المالي","قائمة الدخل")) | J74: =IF(A74="","",IF(F74="دائن",'ميزان المراجعة'!D74-'ميزان المراجعة'!C74,'ميزان المراجعة'!C74-'ميزان المراجعة'!D74)) | K74: =IF(A74="","",IF(COUNTIF('شجرة الحسابات'!$A$9:$A$208,A74)>1,"⚠ رقم مكرر",IF(OR(B74="",C74="",E74="",F74=""),"⚠ بيانات ناقصة",IF(C74<>"تحليلي","● حساب تجميعي",IF(H74="","⚠ حدد بند القائمة",IF(COUNTIF(L_LINES,H74)=0,"⚠ بند غير معروف","✔ سليم"))))))
G75: =IF(E75="","",IF(OR(E75="الأصول",E75="الخصوم",E75="حقوق الملكية"),"المركز المالي","قائمة الدخل")) | J75: =IF(A75="","",IF(F75="دائن",'ميزان المراجعة'!D75-'ميزان المراجعة'!C75,'ميزان المراجعة'!C75-'ميزان المراجعة'!D75)) | K75: =IF(A75="","",IF(COUNTIF('شجرة الحسابات'!$A$9:$A$208,A75)>1,"⚠ رقم مكرر",IF(OR(B75="",C75="",E75="",F75=""),"⚠ بيانات ناقصة",IF(C75<>"تحليلي","● حساب تجميعي",IF(H75="","⚠ حدد بند القائمة",IF(COUNTIF(L_LINES,H75)=0,"⚠ بند غير معروف","✔ سليم"))))))
... G208: =IF(E208="","",IF(OR(E208="الأصول",E208="الخصوم",E208="حقوق الملكية"),"المركز المالي","قائمة الدخل")) | J208: =IF(A208="","",IF(F208="دائن",'ميزان المراجعة'!D208-'ميزان المراجعة'!C208,'ميزان المراجعة'!C208-'ميزان المراجعة'!D208)) | K208: =IF(A208="","",IF(COUNTIF('شجرة الحسابات'!$A$9:$A$208,A208)>1,"⚠ رقم مكرر",IF(OR(B208="",C208="",E208="",F208=""),"⚠ بيانات ناقصة",IF(C208<>"تحليلي","● حساب تجميعي",IF(H208="","⚠ حدد بند القائمة",IF(COUNTIF(L_LINES,H208)=0,"⚠ بند غير معروف","✔ سليم"))))))

Sheet قيود اليومية
A1: واجهة إدخال القيود اليومية
A2: =الرئيسية!$C$6&" | الفترة المنتهية في: "&TEXT(الرئيسية!$C$7,"yyyy/mm/dd")&" | المبالغ بـ "&الرئيسية!$G$7 -> شركة الإعمار الحديثة للمقاولات العامة | الفترة المنتهية في: 2026/03/31 | المبالغ بـ ريال
A3: 🏠 الرئيسية | B3: 🌳 الشجرة | C3: 🏗 المشروعات | D3: 📄 كشف مشروع | E3: 📒 الأستاذ | F3: ⚖ الميزان | G3: 📈 الدخل | H3: 🏦 المركز المالي
A5: 🔎 فحص قيد قبل الترحيل | C5: مدين القيد | D5: دائن القيد | E5: الفرق | F5: حالة القيد المختار | G5: إجمالي المدين (كل القيود) | H5: إجمالي الدائن (كل القيود) | I5: قيود غير مرحّلة
A6: رقم القيد: | B6: 12 | C6: =SUMIFS('قيود اليومية'!$G$11:$G$1010,'قيود اليومية'!$A$11:$A$1010,$B$6) -> 1500000 | D6: =SUMIFS('قيود اليومية'!$H$11:$H$1010,'قيود اليومية'!$A$11:$A$1010,$B$6) -> 1500000 | E6: =ROUND(C6-D6,2) -> 0 | F6: =IF($B$6="","— أدخل رقم القيد —",IF(COUNTIF('قيود اليومية'!$A$11:$A$1010,$B$6)=0,"⚠ القيد غير موجود",IF(COUNTIFS('قيود اليومية'!$A$11:$A$1010,$B$6,'قيود اليومية'!$I$11:$I$1010,"مرحل ✔")>0,"✔ القيد متوازن وتم ترحيله",IF(E6<>0,"✖ غير متوازن - لن يُرحّل (الفرق "&TEXT(ABS(E6),"#,##0.00")&")","✖ به خطأ في الحسابات - راجع عمود الفحص")))) -> ✔ القيد متوازن وتم ترحيله | G6: =SUM('قيود اليومية'!$G$11:$G$1010) -> 13413700 | H6: =SUM('قيود اليومية'!$H$11:$H$1010) -> 13410700 | I6: =SUMPRODUCT(('قيود اليومية'!$A$11:$A$1010<>"")*('قيود اليومية'!$I$11:$I$1010<>"مرحل ✔")/COUNTIF('قيود اليومية'!$A$11:$A$1010,'قيود اليومية'!$A$11:$A$1010&"")) -> 1
A7: رقم القيد التالي: | B7: =MAX('قيود اليومية'!$A$11:$A$1010)+1 -> 29
A8: =IF(I6>0,"⚠ تنبيه: يوجد "&TEXT(I6,"0")&" قيد غير متوازن أو به خطأ — هذه القيود لا تُرحّل للميزان والقوائم حتى تصحيحها (الأسطر المظللة بالأحمر).","✔ جميع القيود متوازنة ومرحّلة للميزان والقوائم المالية.") -> ⚠ تنبيه: يوجد 1 قيد غير متوازن أو به خطأ — هذه القيود لا تُرحّل للميزان والقوائم حتى تصحيحها (الأسطر المظللة بالأحمر).
A9: طريقة الإدخال: لكل قيد عدة أسطر بنفس الرقم والتاريخ — اختر رقم الحساب من القائمة المنسدلة واسم المشروع (اختياري للمصاريف العامة) — أدخل المبلغ في المدين أو الدائن فقط. الأعمدة J:O مساعدة تلقائية (مخفية، اضغط + لإظهارها).
A10: رقم القيد | B10: التاريخ | C10: رقم الحساب | D10: اسم الحساب | E10: اسم المشروع | F10: البيان / الشرح | G10: مدين | H10: دائن | I10: حالة القيد | J10: نوع الحساب | K10: عنصر التكلفة | L10: المستوى | M10: فحص السطر | N10: تسلسل المشروع | O10: تسلسل الحساب
A11: 1 | B11: 46023 | C11: 1102 | D11: =IF(C11="","",IFERROR(INDEX('شجرة الحسابات'!$B$9:$B$208,MATCH(C11,'شجرة الحسابات'!$A$9:$A$208,0)),"⚠ حساب غير معرف")) -> البنك - الحساب الجاري | F11: إيداع رأس المال المدفوع بالبنك | G11: 3000000 | I11: =IF(A11="",IF(M11="فارغ","","✖ بدون رقم قيد"),IF(COUNTIFS('قيود اليومية'!$A$11:$A$1010,A11,'قيود اليومية'!$M$11:$M$1010,"<>OK",'قيود اليومية'!$M$11:$M$1010,"<>فارغ")>0,"✖ خطأ بالحساب",IF(ROUND(SUMIFS('قيود اليومية'!$G$11:$G$1010,'قيود اليومية'!$A$11:$A$1010,A11)-SUMIFS('قيود اليومية'!$H$11:$H$1010,'قيود اليومية'!$A$11:$A$1010,A11),2)<>0,"✖ غير متوازن","مرحل ✔"))) -> مرحل ✔ | J11: =IF(C11="","",IFERROR(INDEX('شجرة الحسابات'!$E$9:$E$208,MATCH(C11,'شجرة الحسابات'!$A$9:$A$208,0))&"","")) -> الأصول | K11: =IF(C11="","",IFERROR(INDEX('شجرة الحسابات'!$I$9:$I$208,MATCH(C11,'شجرة الحسابات'!$A$9:$A$208,0))&"","")) | L11: =IF(C11="","",IFERROR(INDEX('شجرة الحسابات'!$C$9:$C$208,MATCH(C11,'شجرة الحسابات'!$A$9:$A$208,0))&"","")) -> تحليلي | M11: =IF(AND(C11="",G11="",H11=""),"فارغ",IF(ISNA(MATCH(C11,'شجرة الحسابات'!$A$9:$A$208,0)),"حساب غير معرف",IF(L11<>"تحليلي","حساب تجميعي",IF(AND(N(G11)>0,N(H11)>0),"مدين ودائن معاً",IF(N(G11)+N(H11)=0,"بدون قيمة","OK"))))) -> OK | N11: =IF(AND(E11<>"",E11='كشف حساب مشروع'!$C$6,I11="مرحل ✔"),COUNTIFS($E$11:E11,'كشف حساب مشروع'!$C$6,$I$11:I11,"مرحل ✔"),"") | O11: =IF(AND(C11<>"",C11='دفتر الأستاذ'!$C$6,I11="مرحل ✔"),COUNTIFS($C$11:C11,'دفتر الأستاذ'!$C$6,$I$11:I11,"مرحل ✔"),"") -> 1
A12: 1 | B12: 46023 | C12: 3101 | D12: =IF(C12="","",IFERROR(INDEX('شجرة الحسابات'!$B$9:$B$208,MATCH(C12,'شجرة الحسابات'!$A$9:$A$208,0)),"⚠ حساب غير معرف")) -> رأس المال المدفوع | F12: إيداع رأس المال المدفوع بالبنك | H12: 3000000 | I12: =IF(A12="",IF(M12="فارغ","","✖ بدون رقم قيد"),IF(COUNTIFS('قيود اليومية'!$A$11:$A$1010,A12,'قيود اليومية'!$M$11:$M$1010,"<>OK",'قيود اليومية'!$M$11:$M$1010,"<>فارغ")>0,"✖ خطأ بالحساب",IF(ROUND(SUMIFS('قيود اليومية'!$G$11:$G$1010,'قيود اليومية'!$A$11:$A$1010,A12)-SUMIFS('قيود اليومية'!$H$11:$H$1010,'قيود اليومية'!$A$11:$A$1010,A12),2)<>0,"✖ غير متوازن","مرحل ✔"))) -> مرحل ✔ | J12: =IF(C12="","",IFERROR(INDEX('شجرة الحسابات'!$E$9:$E$208,MATCH(C12,'شجرة الحسابات'!$A$9:$A$208,0))&"","")) -> حقوق الملكية | K12: =IF(C12="","",IFERROR(INDEX('شجرة الحسابات'!$I$9:$I$208,MATCH(C12,'شجرة الحسابات'!$A$9:$A$208,0))&"","")) | L12: =IF(C12="","",IFERROR(INDEX('شجرة الحسابات'!$C$9:$C$208,MATCH(C12,'شجرة الحسابات'!$A$9:$A$208,0))&"","")) -> تحليلي | M12: =IF(AND(C12="",G12="",H12=""),"فارغ",IF(ISNA(MATCH(C12,'شجرة الحسابات'!$A$9:$A$208,0)),"حساب غير معرف",IF(L12<>"تحليلي","حساب تجميعي",IF(AND(N(G12)>0,N(H12)>0),"مدين ودائن معاً",IF(N(G12)+N(H12)=0,"بدون قيمة","OK"))))) -> OK | N12: =IF(AND(E12<>"",E12='كشف حساب مشروع'!$C$6,I12="مرحل ✔"),COUNTIFS($E$11:E12,'كشف حساب مشروع'!$C$6,$I$11:I12,"مرحل ✔"),"") | O12: =IF(AND(C12<>"",C12='دفتر الأستاذ'!$C$6,I12="مرحل ✔"),COUNTIFS($C$11:C12,'دفتر الأستاذ'!$C$6,$I$11:I12,"مرحل ✔"),"")
A13: 2 | B13: 46027 | C13: 1201 | D13: =IF(C13="","",IFERROR(INDEX('شجرة الحسابات'!$B$9:$B$208,MATCH(C13,'شجرة الحسابات'!$A$9:$A$208,0)),"⚠ حساب غير معرف")) -> المعدات والآلات الثقيلة | F13: شراء معدات ثقيلة (حفار + رافعة) | G13: 1200000 | I13: =IF(A13="",IF(M13="فارغ","","✖ بدون رقم قيد"),IF(COUNTIFS('قيود اليومية'!$A$11:$A$1010,A13,'قيود اليومية'!$M$11:$M$1010,"<>OK",'قيود اليومية'!$M$11:$M$1010,"<>فارغ")>0,"✖ خطأ بالحساب",IF(ROUND(SUMIFS('قيود اليومية'!$G$11:$G$1010,'قيود اليومية'!$A$11:$A$1010,A13)-SUMIFS('قيود اليومية'!$H$11:$H$1010,'قيود اليومية'!$A$11:$A$1010,A13),2)<>0,"✖ غير متوازن","مرحل ✔"))) -> مرحل ✔ | J13: =IF(C13="","",IFERROR(INDEX('شجرة الحسابات'!$E$9:$E$208,MATCH(C13,'شجرة الحسابات'!$A$9:$A$208,0))&"","")) -> الأصول | K13: =IF(C13="","",IFERROR(INDEX('شجرة الحسابات'!$I$9:$I$208,MATCH(C13,'شجرة الحسابات'!$A$9:$A$208,0))&"","")) | L13: =IF(C13="","",IFERROR(INDEX('شجرة الحسابات'!$C$9:$C$208,MATCH(C13,'شجرة الحسابات'!$A$9:$A$208,0))&"","")) -> تحليلي | M13: =IF(AND(C13="",G13="",H13=""),"فارغ",IF(ISNA(MATCH(C13,'شجرة الحسابات'!$A$9:$A$208,0)),"حساب غير معرف",IF(L13<>"تحليلي","حساب تجميعي",IF(AND(N(G13)>0,N(H13)>0),"مدين ودائن معاً",IF(N(G13)+N(H13)=0,"بدون قيمة","OK"))))) -> OK | N13: =IF(AND(E13<>"",E13='كشف حساب مشروع'!$C$6,I13="مرحل ✔"),COUNTIFS($E$11:E13,'كشف حساب مشروع'!$C$6,$I$11:I13,"مرحل ✔"),"") | O13: =IF(AND(C13<>"",C13='دفتر الأستاذ'!$C$6,I13="مرحل ✔"),COUNTIFS($C$11:C13,'دفتر الأستاذ'!$C$6,$I$11:I13,"مرحل ✔"),"")
A14: 2 | B14: 46027 | C14: 1202 | D14: =IF(C14="","",IFERROR(INDEX('شجرة الحسابات'!$B$9:$B$208,MATCH(C14,'شجرة الحسابات'!$A$9:$A$208,0)),"⚠ حساب غير معرف")) -> السيارات ووسائل النقل | F14: شراء سيارات نقل وبيك أب | G14: 250000 | I14: =IF(A14="",IF(M14="فارغ","","✖ بدون رقم قيد"),IF(COUNTIFS('قيود اليومية'!$A$11:$A$1010,A14,'قيود اليومية'!$M$11:$M$1010,"<>OK",'قيود اليومية'!$M$11:$M$1010,"<>فارغ")>0,"✖ خطأ بالحساب",IF(ROUND(SUMIFS('قيود اليومية'!$G$11:$G$1010,'قيود اليومية'!$A$11:$A$1010,A14)-SUMIFS('قيود اليومية'!$H$11:$H$1010,'قيود اليومية'!$A$11:$A$1010,A14),2)<>0,"✖ غير متوازن","مرحل ✔"))) -> مرحل ✔ | J14: =IF(C14="","",IFERROR(INDEX('شجرة الحسابات'!$E$9:$E$208,MATCH(C14,'شجرة الحسابات'!$A$9:$A$208,0))&"","")) -> الأصول | K14: =IF(C14="","",IFERROR(INDEX('شجرة الحسابات'!$I$9:$I$208,MATCH(C14,'شجرة الحسابات'!$A$9:$A$208,0))&"","")) | L14: =IF(C14="","",IFERROR(INDEX('شجرة الحسابات'!$C$9:$C$208,MATCH(C14,'شجرة الحسابات'!$A$9:$A$208,0))&"","")) -> تحليلي | M14: =IF(AND(C14="",G14="",H14=""),"فارغ",IF(ISNA(MATCH(C14,'شجرة الحسابات'!$A$9:$A$208,0)),"حساب غير معرف",IF(L14<>"تحليلي","حساب تجميعي",IF(AND(N(G14)>0,N(H14)>0),"مدين ودائن معاً",IF(N(G14)+N(H14)=0,"بدون قيمة","OK"))))) -> OK | N14: =IF(AND(E14<>"",E14='كشف حساب مشروع'!$C$6,I14="مرحل ✔"),COUNTIFS($E$11:E14,'كشف حساب مشروع'!$C$6,$I$11:I14,"مرحل ✔"),"") | O14: =IF(AND(C14<>"",C14='دفتر الأستاذ'!$C$6,I14="مرحل ✔"),COUNTIFS($C$11:C14,'دفتر الأستاذ'!$C$6,$I$11:I14,"مرحل ✔"),"")
A15: 2 | B15: 46027 | C15: 1203 | D15: =IF(C15="","",IFERROR(INDEX('شجرة الحسابات'!$B$9:$B$208,MATCH(C15,'شجرة الحسابات'!$A$9:$A$208,0)),"⚠ حساب غير معرف")) -> الأثاث والتجهيزات المكتبية | F15: أثاث وتجهيزات المكتب الرئيسي | G15: 80000 | I15: =IF(A15="",IF(M15="فارغ","","✖ بدون رقم قيد"),IF(COUNTIFS('قيود اليومية'!$A$11:$A$1010,A15,'قيود اليومية'!$M$11:$M$1010,"<>OK",'قيود اليومية'!$M$11:$M$1010,"<>فارغ")>0,"✖ خطأ بالحساب",IF(ROUND(SUMIFS('قيود اليومية'!$G$11:$G$1010,'قيود اليومية'!$A$11:$A$1010,A15)-SUMIFS('قيود اليومية'!$H$11:$H$1010,'قيود اليومية'!$A$11:$A$1010,A15),2)<>0,"✖ غير متوازن","مرحل ✔"))) -> مرحل ✔ | J15: =IF(C15="","",IFERROR(INDEX('شجرة الحسابات'!$E$9:$E$208,MATCH(C15,'شجرة الحسابات'!$A$9:$A$208,0))&"","")) -> الأصول | K15: =IF(C15="","",IFERROR(INDEX('شجرة الحسابات'!$I$9:$I$208,MATCH(C15,'شجرة الحسابات'!$A$9:$A$208,0))&"","")) | L15: =IF(C15="","",IFERROR(INDEX('شجرة الحسابات'!$C$9:$C$208,MATCH(C15,'شجرة الحسابات'!$A$9:$A$208,0))&"","")) -> تحليلي | M15: =IF(AND(C15="",G15="",H15=""),"فارغ",IF(ISNA(MATCH(C15,'شجرة الحسابات'!$A$9:$A$208,0)),"حساب غير معرف",IF(L15<>"تحليلي","حساب تجميعي",IF(AND(N(G15)>0,N(H15)>0),"مدين ودائن معاً",IF(N(G15)+N(H15)=0,"بدون قيمة","OK"))))) -> OK | N15: =IF(AND(E15<>"",E15='كشف حساب مشروع'!$C$6,I15="مرحل ✔"),COUNTIFS($E$11:E15,'كشف حساب مشروع'!$C$6,$I$11:I15,"مرحل ✔"),"") | O15: =IF(AND(C15<>"",C15='دفتر الأستاذ'!$C$6,I15="مرحل ✔"),COUNTIFS($C$11:C15,'دفتر الأستاذ'!$C$6,$I$11:I15,"مرحل ✔"),"")
A16: 2 | B16: 46027 | C16: 1102 | D16: =IF(C16="","",IFERROR(INDEX('شجرة الحسابات'!$B$9:$B$208,MATCH(C16,'شجرة الحسابات'!$A$9:$A$208,0)),"⚠ حساب غير معرف")) -> البنك - الحساب الجاري | F16: سداد جزء من ثمن الأصول | H16: 1030000 | I16: =IF(A16="",IF(M16="فارغ","","✖ بدون رقم قيد"),IF(COUNTIFS('قيود اليومية'!$A$11:$A$1010,A16,'قيود اليومية'!$M$11:$M$1010,"<>OK",'قيود اليومية'!$M$11:$M$1010,"<>فارغ")>0,"✖ خطأ بالحساب",IF(ROUND(SUMIFS('قيود اليومية'!$G$11:$G$1010,'قيود اليومية'!$A$11:$A$1010,A16)-SUMIFS('قيود اليومية'!$H$11:$H$1010,'قيود اليومية'!$A$11:$A$1010,A16),2)<>0,"✖ غير متوازن","مرحل ✔"))) -> مرحل ✔ | J16: =IF(C16="","",IFERROR(INDEX('شجرة الحسابات'!$E$9:$E$208,MATCH(C16,'شجرة الحسابات'!$A$9:$A$208,0))&"","")) -> الأصول | K16: =IF(C16="","",IFERROR(INDEX('شجرة الحسابات'!$I$9:$I$208,MATCH(C16,'شجرة الحسابات'!$A$9:$A$208,0))&"","")) | L16: =IF(C16="","",IFERROR(INDEX('شجرة الحسابات'!$C$9:$C$208,MATCH(C16,'شجرة الحسابات'!$A$9:$A$208,0))&"","")) -> تحليلي | M16: =IF(AND(C16="",G16="",H16=""),"فارغ",IF(ISNA(MATCH(C16,'شجرة الحسابات'!$A$9:$A$208,0)),"حساب غير معرف",IF(L16<>"تحليلي","حساب تجميعي",IF(AND(N(G16)>0,N(H16)>0),"مدين ودائن معاً",IF(N(G16)+N(H16)=0,"بدون قيمة","OK"))))) -> OK | N16: =IF(AND(E16<>"",E16='كشف حساب مشروع'!$C$6,I16="مرحل ✔"),COUNTIFS($E$11:E16,'كشف حساب مشروع'!$C$6,$I$11:I16,"مرحل ✔"),"") | O16: =IF(AND(C16<>"",C16='دفتر الأستاذ'!$C$6,I16="مرحل ✔"),COUNTIFS($C$11:C16,'دفتر الأستاذ'!$C$6,$I$11:I16,"مرحل ✔"),"") -> 2
A17: 2 | B17: 46027 | C17: 2201 | D17: =IF(C17="","",IFERROR(INDEX('شجرة الحسابات'!$B$9:$B$208,MATCH(C17,'شجرة الحسابات'!$A$9:$A$208,0)),"⚠ حساب غير معرف")) -> قروض بنكية طويلة الأجل | F17: قرض بنكي لتمويل المعدات | H17: 500000 | I17: =IF(A17="",IF(M17="فارغ","","✖ بدون رقم قيد"),IF(COUNTIFS('قيود اليومية'!$A$11:$A$1010,A17,'قيود اليومية'!$M$11:$M$1010,"<>OK",'قيود اليومية'!$M$11:$M$1010,"<>فارغ")>0,"✖ خطأ بالحساب",IF(ROUND(SUMIFS('قيود اليومية'!$G$11:$G$1010,'قيود اليومية'!$A$11:$A$1010,A17)-SUMIFS('قيود اليومية'!$H$11:$H$1010,'قيود اليومية'!$A$11:$A$1010,A17),2)<>0,"✖ غير متوازن","مرحل ✔"))) -> مرحل ✔ | J17: =IF(C17="","",IFERROR(INDEX('شجرة الحسابات'!$E$9:$E$208,MATCH(C17,'شجرة الحسابات'!$A$9:$A$208,0))&"","")) -> الخصوم | K17: =IF(C17="","",IFERROR(INDEX('شجرة الحسابات'!$I$9:$I$208,MATCH(C17,'شجرة الحسابات'!$A$9:$A$208,0))&"","")) | L17: =IF(C17="","",IFERROR(INDEX('شجرة الحسابات'!$C$9:$C$208,MATCH(C17,'شجرة الحسابات'!$A$9:$A$208,0))&"","")) -> تحليلي | M17: =IF(AND(C17="",G17="",H17=""),"فارغ",IF(ISNA(MATCH(C17,'شجرة الحسابات'!$A$9:$A$208,0)),"حساب غير معرف",IF(L17<>"تحليلي","حساب تجميعي",IF(AND(N(G17)>0,N(H17)>0),"مدين ودائن معاً",IF(N(G17)+N(H17)=0,"بدون قيمة","OK"))))) -> OK | N17: =IF(AND(E17<>"",E17='كشف حساب مشروع'!$C$6,I17="مرحل ✔"),COUNTIFS($E$11:E17,'كشف حساب مشروع'!$C$6,$I$11:I17,"مرحل ✔"),"") | O17: =IF(AND(C17<>"",C17='دفتر الأستاذ'!$C$6,I17="مرحل ✔"),COUNTIFS($C$11:C17,'دفتر الأستاذ'!$C$6,$I$11:I17,"مرحل ✔"),"")
A18: 3 | B18: 46030 | C18: 1101 | D18: =IF(C18="","",IFERROR(INDEX('شجرة الحسابات'!$B$9:$B$208,MATCH(C18,'شجرة الحسابات'!$A$9:$A$208,0)),"⚠ حساب غير معرف")) -> الصندوق (النقدية بالخزينة) | F18: تغذية الخزينة (عهدة نقدية) | G18: 80000 | I18: =IF(A18="",IF(M18="فارغ","","✖ بدون رقم قيد"),IF(COUNTIFS('قيود اليومية'!$A$11:$A$1010,A18,'قيود اليومية'!$M$11:$M$1010,"<>OK",'قيود اليومية'!$M$11:$M$1010,"<>فارغ")>0,"✖ خطأ بالحساب",IF(ROUND(SUMIFS('قيود اليومية'!$G$11:$G$1010,'قيود اليومية'!$A$11:$A$1010,A18)-SUMIFS('قيود اليومية'!$H$11:$H$1010,'قيود اليومية'!$A$11:$A$1010,A18),2)<>0,"✖ غير متوازن","مرحل ✔"))) -> مرحل ✔ | J18: =IF(C18="","",IFERROR(INDEX('شجرة الحسابات'!$E$9:$E$208,MATCH(C18,'شجرة الحسابات'!$A$9:$A$208,0))&"","")) -> الأصول | K18: =IF(C18="","",IFERROR(INDEX('شجرة الحسابات'!$I$9:$I$208,MATCH(C18,'شجرة الحسابات'!$A$9:$A$208,0))&"","")) | L18: =IF(C18="","",IFERROR(INDEX('شجرة الحسابات'!$C$9:$C$208,MATCH(C18,'شجرة الحسابات'!$A$9:$A$208,0))&"","")) -> تحليلي | M18: =IF(AND(C18="",G18="",H18=""),"فارغ",IF(ISNA(MATCH(C18,'شجرة الحسابات'!$A$9:$A$208,0)),"حساب غير معرف",IF(L18<>"تحليلي","حساب تجميعي",IF(AND(N(G18)>0,N(H18)>0),"مدين ودائن معاً",IF(N(G18)+N(H18)=0,"بدون قيمة","OK"))))) -> OK | N18: =IF(AND(E18<>"",E18='كشف حساب مشروع'!$C$6,I18="مرحل ✔"),COUNTIFS($E$11:E18,'كشف حساب مشروع'!$C$6,$I$11:I18,"مرحل ✔"),"") | O18: =IF(AND(C18<>"",C18='دفتر الأستاذ'!$C$6,I18="مرحل ✔"),COUNTIFS($C$11:C18,'دفتر الأستاذ'!$C$6,$I$11:I18,"مرحل ✔"),"")
A19: 3 | B19: 46030 | C19: 1102 | D19: =IF(C19="","",IFERROR(INDEX('شجرة الحسابات'!$B$9:$B$208,MATCH(C19,'شجرة الحسابات'!$A$9:$A$208,0)),"⚠ حساب غير معرف")) -> البنك - الحساب الجاري | F19: تغذية الخزينة (عهدة نقدية) | H19: 80000 | I19: =IF(A19="",IF(M19="فارغ","","✖ بدون رقم قيد"),IF(COUNTIFS('قيود اليومية'!$A$11:$A$1010,A19,'قيود اليومية'!$M$11:$M$1010,"<>OK",'قيود اليومية'!$M$11:$M$1010,"<>فارغ")>0,"✖ خطأ بالحساب",IF(ROUND(SUMIFS('قيود اليومية'!$G$11:$G$1010,'قيود اليومية'!$A$11:$A$1010,A19)-SUMIFS('قيود اليومية'!$H$11:$H$1010,'قيود اليومية'!$A$11:$A$1010,A19),2)<>0,"✖ غير متوازن","مرحل ✔"))) -> مرحل ✔ | J19: =IF(C19="","",IFERROR(INDEX('شجرة الحسابات'!$E$9:$E$208,MATCH(C19,'شجرة الحسابات'!$A$9:$A$208,0))&"","")) -> الأصول | K19: =IF(C19="","",IFERROR(INDEX('شجرة الحسابات'!$I$9:$I$208,MATCH(C19,'شجرة الحسابات'!$A$9:$A$208,0))&"","")) | L19: =IF(C19="","",IFERROR(INDEX('شجرة الحسابات'!$C$9:$C$208,MATCH(C19,'شجرة الحسابات'!$A$9:$A$208,0))&"","")) -> تحليلي | M19: =IF(AND(C19="",G19="",H19=""),"فارغ",IF(ISNA(MATCH(C19,'شجرة الحسابات'!$A$9:$A$208,0)),"حساب غير معرف",IF(L19<>"تحليلي","حساب تجميعي",IF(AND(N(G19)>0,N(H19)>0),"مدين ودائن معاً",IF(N(G19)+N(H19)=0,"بدون قيمة","OK"))))) -> OK | N19: =IF(AND(E19<>"",E19='كشف حساب مشروع'!$C$6,I19="مرحل ✔"),COUNTIFS($E$11:E19,'كشف حساب مشروع'!$C$6,$I$11:I19,"مرحل ✔"),"") | O19: =IF(AND(C19<>"",C19='دفتر الأستاذ'!$C$6,I19="مرحل ✔"),COUNTIFS($C$11:C19,'دفتر الأستاذ'!$C$6,$I$11:I19,"مرحل ✔"),"") -> 3
A20: 4 | B20: 46032 | C20: 1102 | D20: =IF(C20="","",IFERROR(INDEX('شجرة الحسابات'!$B$9:$B$208,MATCH(C20,'شجرة الحسابات'!$A$9:$A$208,0)),"⚠ حساب غير معرف")) -> البنك - الحساب الجاري | E20: برج الريان التجاري | F20: استلام دفعة مقدمة 15% من العميل | G20: 750000 | I20: =IF(A20="",IF(M20="فارغ","","✖ بدون رقم قيد"),IF(COUNTIFS('قيود اليومية'!$A$11:$A$1010,A20,'قيود اليومية'!$M$11:$M$1010,"<>OK",'قيود اليومية'!$M$11:$M$1010,"<>فارغ")>0,"✖ خطأ بالحساب",IF(ROUND(SUMIFS('قيود اليومية'!$G$11:$G$1010,'قيود اليومية'!$A$11:$A$1010,A20)-SUMIFS('قيود اليومية'!$H$11:$H$1010,'قيود اليومية'!$A$11:$A$1010,A20),2)<>0,"✖ غير متوازن","مرحل ✔"))) -> مرحل ✔ | J20: =IF(C20="","",IFERROR(INDEX('شجرة الحسابات'!$E$9:$E$208,MATCH(C20,'شجرة الحسابات'!$A$9:$A$208,0))&"","")) -> الأصول | K20: =IF(C20="","",IFERROR(INDEX('شجرة الحسابات'!$I$9:$I$208,MATCH(C20,'شجرة الحسابات'!$A$9:$A$208,0))&"","")) | L20: =IF(C20="","",IFERROR(INDEX('شجرة الحسابات'!$C$9:$C$208,MATCH(C20,'شجرة الحسابات'!$A$9:$A$208,0))&"","")) -> تحليلي | M20: =IF(AND(C20="",G20="",H20=""),"فارغ",IF(ISNA(MATCH(C20,'شجرة الحسابات'!$A$9:$A$208,0)),"حساب غير معرف",IF(L20<>"تحليلي","حساب تجميعي",IF(AND(N(G20)>0,N(H20)>0),"مدين ودائن معاً",IF(N(G20)+N(H20)=0,"بدون قيمة","OK"))))) -> OK | N20: =IF(AND(E20<>"",E20='كشف حساب مشروع'!$C$6,I20="مرحل ✔"),COUNTIFS($E$11:E20,'كشف حساب مشروع'!$C$6,$I$11:I20,"مرحل ✔"),"") -> 1 | O20: =IF(AND(C20<>"",C20='دفتر الأستاذ'!$C$6,I20="مرحل ✔"),COUNTIFS($C$11:C20,'دفتر الأستاذ'!$C$6,$I$11:I20,"مرحل ✔"),"") -> 4
A21: 4 | B21: 46032 | C21: 2104 | D21: =IF(C21="","",IFERROR(INDEX('شجرة الحسابات'!$B$9:$B$208,MATCH(C21,'شجرة الحسابات'!$A$9:$A$208,0)),"⚠ حساب غير معرف")) -> دفعات مقدمة من العملاء | E21: برج الريان التجاري | F21: استلام دفعة مقدمة 15% من العميل | H21: 750000 | I21: =IF(A21="",IF(M21="فارغ","","✖ بدون رقم قيد"),IF(COUNTIFS('قيود اليومية'!$A$11:$A$1010,A21,'قيود اليومية'!$M$11:$M$1010,"<>OK",'قيود اليومية'!$M$11:$M$1010,"<>فارغ")>0,"✖ خطأ بالحساب",IF(ROUND(SUMIFS('قيود اليومية'!$G$11:$G$1010,'قيود اليومية'!$A$11:$A$1010,A21)-SUMIFS('قيود اليومية'!$H$11:$H$1010,'قيود اليومية'!$A$11:$A$1010,A21),2)<>0,"✖ غير متوازن","مرحل ✔"))) -> مرحل ✔ | J21: =IF(C21="","",IFERROR(INDEX('شجرة الحسابات'!$E$9:$E$208,MATCH(C21,'شجرة الحسابات'!$A$9:$A$208,0))&"","")) -> الخصوم | K21: =IF(C21="","",IFERROR(INDEX('شجرة الحسابات'!$I$9:$I$208,MATCH(C21,'شجرة الحسابات'!$A$9:$A$208,0))&"","")) | L21: =IF(C21="","",IFERROR(INDEX('شجرة الحسابات'!$C$9:$C$208,MATCH(C21,'شجرة الحسابات'!$A$9:$A$208,0))&"","")) -> تحليلي | M21: =IF(AND(C21="",G21="",H21=""),"فارغ",IF(ISNA(MATCH(C21,'شجرة الحسابات'!$A$9:$A$208,0)),"حساب غير معرف",IF(L21<>"تحليلي","حساب تجميعي",IF(AND(N(G21)>0,N(H21)>0),"مدين ودائن معاً",IF(N(G21)+N(H21)=0,"بدون قيمة","OK"))))) -> OK | N21: =IF(AND(E21<>"",E21='كشف حساب مشروع'!$C$6,I21="مرحل ✔"),COUNTIFS($E$11:E21,'كشف حساب مشروع'!$C$6,$I$11:I21,"مرحل ✔"),"") -> 2 | O21: =IF(AND(C21<>"",C21='دفتر الأستاذ'!$C$6,I21="مرحل ✔"),COUNTIFS($C$11:C21,'دفتر الأستاذ'!$C$6,$I$11:I21,"مرحل ✔"),"")
A22: 5 | B22: 46034 | C22: 1102 | D22: =IF(C22="","",IFERROR(INDEX('شجرة الحسابات'!$B$9:$B$208,MATCH(C22,'شجرة الحسابات'!$A$9:$A$208,0)),"⚠ حساب غير معرف")) -> البنك - الحساب الجاري | E22: مجمع فلل النخيل السكني | F22: استلام دفعة مقدمة 10% من العميل | G22: 320000 | I22: =IF(A22="",IF(M22="فارغ","","✖ بدون رقم قيد"),IF(COUNTIFS('قيود اليومية'!$A$11:$A$1010,A22,'قيود اليومية'!$M$11:$M$1010,"<>OK",'قيود اليومية'!$M$11:$M$1010,"<>فارغ")>0,"✖ خطأ بالحساب",IF(ROUND(SUMIFS('قيود اليومية'!$G$11:$G$1010,'قيود اليومية'!$A$11:$A$1010,A22)-SUMIFS('قيود اليومية'!$H$11:$H$1010,'قيود اليومية'!$A$11:$A$1010,A22),2)<>0,"✖ غير متوازن","مرحل ✔"))) -> مرحل ✔ | J22: =IF(C22="","",IFERROR(INDEX('شجرة الحسابات'!$E$9:$E$208,MATCH(C22,'شجرة الحسابات'!$A$9:$A$208,0))&"","")) -> الأصول | K22: =IF(C22="","",IFERROR(INDEX('شجرة الحسابات'!$I$9:$I$208,MATCH(C22,'شجرة الحسابات'!$A$9:$A$208,0))&"","")) | L22: =IF(C22="","",IFERROR(INDEX('شجرة الحسابات'!$C$9:$C$208,MATCH(C22,'شجرة الحسابات'!$A$9:$A$208,0))&"","")) -> تحليلي | M22: =IF(AND(C22="",G22="",H22=""),"فارغ",IF(ISNA(MATCH(C22,'شجرة الحسابات'!$A$9:$A$208,0)),"حساب غير معرف",IF(L22<>"تحليلي","حساب تجميعي",IF(AND(N(G22)>0,N(H22)>0),"مدين ودائن معاً",IF(N(G22)+N(H22)=0,"بدون قيمة","OK"))))) -> OK | N22: =IF(AND(E22<>"",E22='كشف حساب مشروع'!$C$6,I22="مرحل ✔"),COUNTIFS($E$11:E22,'كشف حساب مشروع'!$C$6,$I$11:I22,"مرحل ✔"),"") | O22: =IF(AND(C22<>"",C22='دفتر الأستاذ'!$C$6,I22="مرحل ✔"),COUNTIFS($C$11:C22,'دفتر الأستاذ'!$C$6,$I$11:I22,"مرحل ✔"),"") -> 5
A23: 5 | B23: 46034 | C23: 2104 | D23: =IF(C23="","",IFERROR(INDEX('شجرة الحسابات'!$B$9:$B$208,MATCH(C23,'شجرة الحسابات'!$A$9:$A$208,0)),"⚠ حساب غير معرف")) -> دفعات مقدمة من العملاء | E23: مجمع فلل النخيل السكني | F23: استلام دفعة مقدمة 10% من العميل | H23: 320000 | I23: =IF(A23="",IF(M23="فارغ","","✖ بدون رقم قيد"),IF(COUNTIFS('قيود اليومية'!$A$11:$A$1010,A23,'قيود اليومية'!$M$11:$M$1010,"<>OK",'قيود اليومية'!$M$11:$M$1010,"<>فارغ")>0,"✖ خطأ بالحساب",IF(ROUND(SUMIFS('قيود اليومية'!$G$11:$G$1010,'قيود اليومية'!$A$11:$A$1010,A23)-SUMIFS('قيود اليومية'!$H$11:$H$1010,'قيود اليومية'!$A$11:$A$1010,A23),2)<>0,"✖ غير متوازن","مرحل ✔"))) -> مرحل ✔ | J23: =IF(C23="","",IFERROR(INDEX('شجرة الحسابات'!$E$9:$E$208,MATCH(C23,'شجرة الحسابات'!$A$9:$A$208,0))&"","")) -> الخصوم | K23: =IF(C23="","",IFERROR(INDEX('شجرة الحسابات'!$I$9:$I$208,MATCH(C23,'شجرة الحسابات'!$A$9:$A$208,0))&"","")) | L23: =IF(C23="","",IFERROR(INDEX('شجرة الحسابات'!$C$9:$C$208,MATCH(C23,'شجرة الحسابات'!$A$9:$A$208,0))&"","")) -> تحليلي | M23: =IF(AND(C23="",G23="",H23=""),"فارغ",IF(ISNA(MATCH(C23,'شجرة الحسابات'!$A$9:$A$208,0)),"حساب غير معرف",IF(L23<>"تحليلي","حساب تجميعي",IF(AND(N(G23)>0,N(H23)>0),"مدين ودائن معاً",IF(N(G23)+N(H23)=0,"بدون قيمة","OK"))))) -> OK | N23: =IF(AND(E23<>"",E23='كشف حساب مشروع'!$C$6,I23="مرحل ✔"),COUNTIFS($E$11:E23,'كشف حساب مشروع'!$C$6,$I$11:I23,"مرحل ✔"),"") | O23: =IF(AND(C23<>"",C23='دفتر الأستاذ'!$C$6,I23="مرحل ✔"),COUNTIFS($C$11:C23,'دفتر الأستاذ'!$C$6,$I$11:I23,"مرحل ✔"),"")
A24: 6 | B24: 46037 | C24: 5101 | D24: =IF(C24="","",IFERROR(INDEX('شجرة الحسابات'!$B$9:$B$208,MATCH(C24,'شجرة الحسابات'!$A$9:$A$208,0)),"⚠ حساب غير معرف")) -> تكلفة المواد المستخدمة | E24: برج الريان التجاري | F24: توريد حديد تسليح وخرسانة جاهزة | G24: 420000 | I24: =IF(A24="",IF(M24="فارغ","","✖ بدون رقم قيد"),IF(COUNTIFS('قيود اليومية'!$A$11:$A$1010,A24,'قيود اليومية'!$M$11:$M$1010,"<>OK",'قيود اليومية'!$M$11:$M$1010,"<>فارغ")>0,"✖ خطأ بالحساب",IF(ROUND(SUMIFS('قيود اليومية'!$G$11:$G$1010,'قيود اليومية'!$A$11:$A$1010,A24)-SUMIFS('قيود اليومية'!$H$11:$H$1010,'قيود اليومية'!$A$11:$A$1010,A24),2)<>0,"✖ غير متوازن","مرحل ✔"))) -> مرحل ✔ | J24: =IF(C24="","",IFERROR(INDEX('شجرة الحسابات'!$E$9:$E$208,MATCH(C24,'شجرة الحسابات'!$A$9:$A$208,0))&"","")) -> المصروفات | K24: =IF(C24="","",IFERROR(INDEX('شجرة الحسابات'!$I$9:$I$208,MATCH(C24,'شجرة الحسابات'!$A$9:$A$208,0))&"","")) -> مواد | L24: =IF(C24="","",IFERROR(INDEX('شجرة الحسابات'!$C$9:$C$208,MATCH(C24,'شجرة الحسابات'!$A$9:$A$208,0))&"","")) -> تحليلي | M24: =IF(AND(C24="",G24="",H24=""),"فارغ",IF(ISNA(MATCH(C24,'شجرة الحسابات'!$A$9:$A$208,0)),"حساب غير معرف",IF(L24<>"تحليلي","حساب تجميعي",IF(AND(N(G24)>0,N(H24)>0),"مدين ودائن معاً",IF(N(G24)+N(H24)=0,"بدون قيمة","OK"))))) -> OK | N24: =IF(AND(E24<>"",E24='كشف حساب مشروع'!$C$6,I24="مرحل ✔"),COUNTIFS($E$11:E24,'كشف حساب مشروع'!$C$6,$I$11:I24,"مرحل ✔"),"") -> 3 | O24: =IF(AND(C24<>"",C24='دفتر الأستاذ'!$C$6,I24="مرحل ✔"),COUNTIFS($C$11:C24,'دفتر الأستاذ'!$C$6,$I$11:I24,"مرحل ✔"),"")
A25: 6 | B25: 46037 | C25: 2101 | D25: =IF(C25="","",IFERROR(INDEX('شجرة الحسابات'!$B$9:$B$208,MATCH(C25,'شجرة الحسابات'!$A$9:$A$208,0)),"⚠ حساب غير معرف")) -> الموردون | E25: برج الريان التجاري | F25: مستحق للمورد - فاتورة مواد | H25: 420000 | I25: =IF(A25="",IF(M25="فارغ","","✖ بدون رقم قيد"),IF(COUNTIFS('قيود اليومية'!$A$11:$A$1010,A25,'قيود اليومية'!$M$11:$M$1010,"<>OK",'قيود اليومية'!$M$11:$M$1010,"<>فارغ")>0,"✖ خطأ بالحساب",IF(ROUND(SUMIFS('قيود اليومية'!$G$11:$G$1010,'قيود اليومية'!$A$11:$A$1010,A25)-SUMIFS('قيود اليومية'!$H$11:$H$1010,'قيود اليومية'!$A$11:$A$1010,A25),2)<>0,"✖ غير متوازن","مرحل ✔"))) -> مرحل ✔ | J25: =IF(C25="","",IFERROR(INDEX('شجرة الحسابات'!$E$9:$E$208,MATCH(C25,'شجرة الحسابات'!$A$9:$A$208,0))&"","")) -> الخصوم | K25: =IF(C25="","",IFERROR(INDEX('شجرة الحسابات'!$I$9:$I$208,MATCH(C25,'شجرة الحسابات'!$A$9:$A$208,0))&"","")) | L25: =IF(C25="","",IFERROR(INDEX('شجرة الحسابات'!$C$9:$C$208,MATCH(C25,'شجرة الحسابات'!$A$9:$A$208,0))&"","")) -> تحليلي | M25: =IF(AND(C25="",G25="",H25=""),"فارغ",IF(ISNA(MATCH(C25,'شجرة الحسابات'!$A$9:$A$208,0)),"حساب غير معرف",IF(L25<>"تحليلي","حساب تجميعي",IF(AND(N(G25)>0,N(H25)>0),"مدين ودائن معاً",IF(N(G25)+N(H25)=0,"بدون قيمة","OK"))))) -> OK | N25: =IF(AND(E25<>"",E25='كشف حساب مشروع'!$C$6,I25="مرحل ✔"),COUNTIFS($E$11:E25,'كشف حساب مشروع'!$C$6,$I$11:I25,"مرحل ✔"),"") -> 4 | O25: =IF(AND(C25<>"",C25='دفتر الأستاذ'!$C$6,I25="مرحل ✔"),COUNTIFS($C$11:C25,'دفتر الأستاذ'!$C$6,$I$11:I25,"مرحل ✔"),"")
A26: 7 | B26: 46042 | C26: 1106 | D26: =IF(C26="","",IFERROR(INDEX('شجرة الحسابات'!$B$9:$B$208,MATCH(C26,'شجرة الحسابات'!$A$9:$A$208,0)),"⚠ حساب غير معرف")) -> دفعات مقدمة لمقاولي الباطن | E26: برج الريان التجاري | F26: دفعة مقدمة لمقاول باطن الأعمال الكهربائية | G26: 150000 | I26: =IF(A26="",IF(M26="فارغ","","✖ بدون رقم قيد"),IF(COUNTIFS('قيود اليومية'!$A$11:$A$1010,A26,'قيود اليومية'!$M$11:$M$1010,"<>OK",'قيود اليومية'!$M$11:$M$1010,"<>فارغ")>0,"✖ خطأ بالحساب",IF(ROUND(SUMIFS('قيود اليومية'!$G$11:$G$1010,'قيود اليومية'!$A$11:$A$1010,A26)-SUMIFS('قيود اليومية'!$H$11:$H$1010,'قيود اليومية'!$A$11:$A$1010,A26),2)<>0,"✖ غير متوازن","مرحل ✔"))) -> مرحل ✔ | J26: =IF(C26="","",IFERROR(INDEX('شجرة الحسابات'!$E$9:$E$208,MATCH(C26,'شجرة الحسابات'!$A$9:$A$208,0))&"","")) -> الأصول | K26: =IF(C26="","",IFERROR(INDEX('شجرة الحسابات'!$I$9:$I$208,MATCH(C26,'شجرة الحسابات'!$A$9:$A$208,0))&"","")) | L26: =IF(C26="","",IFERROR(INDEX('شجرة الحسابات'!$C$9:$C$208,MATCH(C26,'شجرة الحسابات'!$A$9:$A$208,0))&"","")) -> تحليلي | M26: =IF(AND(C26="",G26="",H26=""),"فارغ",IF(ISNA(MATCH(C26,'شجرة الحسابات'!$A$9:$A$208,0)),"حساب غير معرف",IF(L26<>"تحليلي","حساب تجميعي",IF(AND(N(G26)>0,N(H26)>0),"مدين ودائن معاً",IF(N(G26)+N(H26)=0,"بدون قيمة","OK"))))) -> OK | N26: =IF(AND(E26<>"",E26='كشف حساب مشروع'!$C$6,I26="مرحل ✔"),COUNTIFS($E$11:E26,'كشف حساب مشروع'!$C$6,$I$11:I26,"مرحل ✔"),"") -> 5 | O26: =IF(AND(C26<>"",C26='دفتر الأستاذ'!$C$6,I26="مرحل ✔"),COUNTIFS($C$11:C26,'دفتر الأستاذ'!$C$6,$I$11:I26,"مرحل ✔"),"")
A27: 7 | B27: 46042 | C27: 1102 | D27: =IF(C27="","",IFERROR(INDEX('شجرة الحسابات'!$B$9:$B$208,MATCH(C27,'شجرة الحسابات'!$A$9:$A$208,0)),"⚠ حساب غير معرف")) -> البنك - الحساب الجاري | E27: برج الريان التجاري | F27: دفعة مقدمة لمقاول باطن الأعمال الكهربائية | H27: 150000 | I27: =IF(A27="",IF(M27="فارغ","","✖ بدون رقم قيد"),IF(COUNTIFS('قيود اليومية'!$A$11:$A$1010,A27,'قيود اليومية'!$M$11:$M$1010,"<>OK",'قيود اليومية'!$M$11:$M$1010,"<>فارغ")>0,"✖ خطأ بالحساب",IF(ROUND(SUMIFS('قيود اليومية'!$G$11:$G$1010,'قيود اليومية'!$A$11:$A$1010,A27)-SUMIFS('قيود اليومية'!$H$11:$H$1010,'قيود اليومية'!$A$11:$A$1010,A27),2)<>0,"✖ غير متوازن","مرحل ✔"))) -> مرحل ✔ | J27: =IF(C27="","",IFERROR(INDEX('شجرة الحسابات'!$E$9:$E$208,MATCH(C27,'شجرة الحسابات'!$A$9:$A$208,0))&"","")) -> الأصول | K27: =IF(C27="","",IFERROR(INDEX('شجرة الحسابات'!$I$9:$I$208,MATCH(C27,'شجرة الحسابات'!$A$9:$A$208,0))&"","")) | L27: =IF(C27="","",IFERROR(INDEX('شجرة الحسابات'!$C$9:$C$208,MATCH(C27,'شجرة الحسابات'!$A$9:$A$208,0))&"","")) -> تحليلي | M27: =IF(AND(C27="",G27="",H27=""),"فارغ",IF(ISNA(MATCH(C27,'شجرة الحسابات'!$A$9:$A$208,0)),"حساب غير معرف",IF(L27<>"تحليلي","حساب تجميعي",IF(AND(N(G27)>0,N(H27)>0),"مدين ودائن معاً",IF(N(G27)+N(H27)=0,"بدون قيمة","OK"))))) -> OK | N27: =IF(AND(E27<>"",E27='كشف حساب مشروع'!$C$6,I27="مرحل ✔"),COUNTIFS($E$11:E27,'كشف حساب مشروع'!$C$6,$I$11:I27,"مرحل ✔"),"") -> 6 | O27: =IF(AND(C27<>"",C27='دفتر الأستاذ'!$C$6,I27="مرحل ✔"),COUNTIFS($C$11:C27,'دفتر الأستاذ'!$C$6,$I$11:I27,"مرحل ✔"),"") -> 6
A28: 8 | B28: 46053 | C28: 5102 | D28: =IF(C28="","",IFERROR(INDEX('شجرة الحسابات'!$B$9:$B$208,MATCH(C28,'شجرة الحسابات'!$A$9:$A$208,0)),"⚠ حساب غير معرف")) -> أجور العمالة المباشرة | E28: برج الريان التجاري | F28: أجور عمالة موقع برج الريان - يناير | G28: 180000 | I28: =IF(A28="",IF(M28="فارغ","","✖ بدون رقم قيد"),IF(COUNTIFS('قيود اليومية'!$A$11:$A$1010,A28,'قيود اليومية'!$M$11:$M$1010,"<>OK",'قيود اليومية'!$M$11:$M$1010,"<>فارغ")>0,"✖ خطأ بالحساب",IF(ROUND(SUMIFS('قيود اليومية'!$G$11:$G$1010,'قيود اليومية'!$A$11:$A$1010,A28)-SUMIFS('قيود اليومية'!$H$11:$H$1010,'قيود اليومية'!$A$11:$A$1010,A28),2)<>0,"✖ غير متوازن","مرحل ✔"))) -> مرحل ✔ | J28: =IF(C28="","",IFERROR(INDEX('شجرة الحسابات'!$E$9:$E$208,MATCH(C28,'شجرة الحسابات'!$A$9:$A$208,0))&"","")) -> المصروفات | K28: =IF(C28="","",IFERROR(INDEX('شجرة الحسابات'!$I$9:$I$208,MATCH(C28,'شجرة الحسابات'!$A$9:$A$208,0))&"","")) -> أجور عمال | L28: =IF(C28="","",IFERROR(INDEX('شجرة الحسابات'!$C$9:$C$208,MATCH(C28,'شجرة الحسابات'!$A$9:$A$208,0))&"","")) -> تحليلي | M28: =IF(AND(C28="",G28="",H28=""),"فارغ",IF(ISNA(MATCH(C28,'شجرة الحسابات'!$A$9:$A$208,0)),"حساب غير معرف",IF(L28<>"تحليلي","حساب تجميعي",IF(AND(N(G28)>0,N(H28)>0),"مدين ودائن معاً",IF(N(G28)+N(H28)=0,"بدون قيمة","OK"))))) -> OK | N28: =IF(AND(E28<>"",E28='كشف حساب مشروع'!$C$6,I28="مرحل ✔"),COUNTIFS($E$11:E28,'كشف حساب مشروع'!$C$6,$I$11:I28,"مرحل ✔"),"") -> 7 | O28: =IF(AND(C28<>"",C28='دفتر الأستاذ'!$C$6,I28="مرحل ✔"),COUNTIFS($C$11:C28,'دفتر الأستاذ'!$C$6,$I$11:I28,"مرحل ✔"),"")
A29: 8 | B29: 46053 | C29: 5102 | D29: =IF(C29="","",IFERROR(INDEX('شجرة الحسابات'!$B$9:$B$208,MATCH(C29,'شجرة الحسابات'!$A$9:$A$208,0)),"⚠ حساب غير معرف")) -> أجور العمالة المباشرة | E29: مجمع فلل النخيل السكني | F29: أجور عمالة موقع فلل النخيل - يناير | G29: 120000 | I29: =IF(A29="",IF(M29="فارغ","","✖ بدون رقم قيد"),IF(COUNTIFS('قيود اليومية'!$A$11:$A$1010,A29,'قيود اليومية'!$M$11:$M$1010,"<>OK",'قيود اليومية'!$M$11:$M$1010,"<>فارغ")>0,"✖ خطأ بالحساب",IF(ROUND(SUMIFS('قيود اليومية'!$G$11:$G$1010,'قيود اليومية'!$A$11:$A$1010,A29)-SUMIFS('قيود اليومية'!$H$11:$H$1010,'قيود اليومية'!$A$11:$A$1010,A29),2)<>0,"✖ غير متوازن","مرحل ✔"))) -> مرحل ✔ | J29: =IF(C29="","",IFERROR(INDEX('شجرة الحسابات'!$E$9:$E$208,MATCH(C29,'شجرة الحسابات'!$A$9:$A$208,0))&"","")) -> المصروفات | K29: =IF(C29="","",IFERROR(INDEX('شجرة الحسابات'!$I$9:$I$208,MATCH(C29,'شجرة الحسابات'!$A$9:$A$208,0))&"","")) -> أجور عمال | L29: =IF(C29="","",IFERROR(INDEX('شجرة الحسابات'!$C$9:$C$208,MATCH(C29,'شجرة الحسابات'!$A$9:$A$208,0))&"","")) -> تحليلي | M29: =IF(AND(C29="",G29="",H29=""),"فارغ",IF(ISNA(MATCH(C29,'شجرة الحسابات'!$A$9:$A$208,0)),"حساب غير معرف",IF(L29<>"تحليلي","حساب تجميعي",IF(AND(N(G29)>0,N(H29)>0),"مدين ودائن معاً",IF(N(G29)+N(H29)=0,"بدون قيمة","OK"))))) -> OK | N29: =IF(AND(E29<>"",E29='كشف حساب مشروع'!$C$6,I29="مرحل ✔"),COUNTIFS($E$11:E29,'كشف حساب مشروع'!$C$6,$I$11:I29,"مرحل ✔"),"") | O29: =IF(AND(C29<>"",C29='دفتر الأستاذ'!$C$6,I29="مرحل ✔"),COUNTIFS($C$11:C29,'دفتر الأستاذ'!$C$6,$I$11:I29,"مرحل ✔"),"")
A30: 8 | B30: 46053 | C30: 6101 | D30: =IF(C30="","",IFERROR(INDEX('شجرة الحسابات'!$B$9:$B$208,MATCH(C30,'شجرة الحسابات'!$A$9:$A$208,0)),"⚠ حساب غير معرف")) -> رواتب الإدارة العامة | F30: رواتب الإدارة العامة - يناير | G30: 60000 | I30: =IF(A30="",IF(M30="فارغ","","✖ بدون رقم قيد"),IF(COUNTIFS('قيود اليومية'!$A$11:$A$1010,A30,'قيود اليومية'!$M$11:$M$1010,"<>OK",'قيود اليومية'!$M$11:$M$1010,"<>فارغ")>0,"✖ خطأ بالحساب",IF(ROUND(SUMIFS('قيود اليومية'!$G$11:$G$1010,'قيود اليومية'!$A$11:$A$1010,A30)-SUMIFS('قيود اليومية'!$H$11:$H$1010,'قيود اليومية'!$A$11:$A$1010,A30),2)<>0,"✖ غير متوازن","مرحل ✔"))) -> مرحل ✔ | J30: =IF(C30="","",IFERROR(INDEX('شجرة الحسابات'!$E$9:$E$208,MATCH(C30,'شجرة الحسابات'!$A$9:$A$208,0))&"","")) -> المصروفات | K30: =IF(C30="","",IFERROR(INDEX('شجرة الحسابات'!$I$9:$I$208,MATCH(C30,'شجرة الحسابات'!$A$9:$A$208,0))&"","")) | L30: =IF(C30="","",IFERROR(INDEX('شجرة الحسابات'!$C$9:$C$208,MATCH(C30,'شجرة الحسابات'!$A$9:$A$208,0))&"","")) -> تحليلي | M30: =IF(AND(C30="",G30="",H30=""),"فارغ",IF(ISNA(MATCH(C30,'شجرة الحسابات'!$A$9:$A$208,0)),"حساب غير معرف",IF(L30<>"تحليلي","حساب تجميعي",IF(AND(N(G30)>0,N(H30)>0),"مدين ودائن معاً",IF(N(G30)+N(H30)=0,"بدون قيمة","OK"))))) -> OK | N30: =IF(AND(E30<>"",E30='كشف حساب مشروع'!$C$6,I30="مرحل ✔"),COUNTIFS($E$11:E30,'كشف حساب مشروع'!$C$6,$I$11:I30,"مرحل ✔"),"") | O30: =IF(AND(C30<>"",C30='دفتر الأستاذ'!$C$6,I30="مرحل ✔"),COUNTIFS($C$11:C30,'دفتر الأستاذ'!$C$6,$I$11:I30,"مرحل ✔"),"")
A31: 8 | B31: 46053 | C31: 1102 | D31: =IF(C31="","",IFERROR(INDEX('شجرة الحسابات'!$B$9:$B$208,MATCH(C31,'شجرة الحسابات'!$A$9:$A$208,0)),"⚠ حساب غير معرف")) -> البنك - الحساب الجاري | F31: صرف رواتب وأجور يناير | H31: 360000 | I31: =IF(A31="",IF(M31="فارغ","","✖ بدون رقم قيد"),IF(COUNTIFS('قيود اليومية'!$A$11:$A$1010,A31,'قيود اليومية'!$M$11:$M$1010,"<>OK",'قيود اليومية'!$M$11:$M$1010,"<>فارغ")>0,"✖ خطأ بالحساب",IF(ROUND(SUMIFS('قيود اليومية'!$G$11:$G$1010,'قيود اليومية'!$A$11:$A$1010,A31)-SUMIFS('قيود اليومية'!$H$11:$H$1010,'قيود اليومية'!$A$11:$A$1010,A31),2)<>0,"✖ غير متوازن","مرحل ✔"))) -> مرحل ✔ | J31: =IF(C31="","",IFERROR(INDEX('شجرة الحسابات'!$E$9:$E$208,MATCH(C31,'شجرة الحسابات'!$A$9:$A$208,0))&"","")) -> الأصول | K31: =IF(C31="","",IFERROR(INDEX('شجرة الحسابات'!$I$9:$I$208,MATCH(C31,'شجرة الحسابات'!$A$9:$A$208,0))&"","")) | L31: =IF(C31="","",IFERROR(INDEX('شجرة الحسابات'!$C$9:$C$208,MATCH(C31,'شجرة الحسابات'!$A$9:$A$208,0))&"","")) -> تحليلي | M31: =IF(AND(C31="",G31="",H31=""),"فارغ",IF(ISNA(MATCH(C31,'شجرة الحسابات'!$A$9:$A$208,0)),"حساب غير معرف",IF(L31<>"تحليلي","حساب تجميعي",IF(AND(N(G31)>0,N(H31)>0),"مدين ودائن معاً",IF(N(G31)+N(H31)=0,"بدون قيمة","OK"))))) -> OK | N31: =IF(AND(E31<>"",E31='كشف حساب مشروع'!$C$6,I31="مرحل ✔"),COUNTIFS($E$11:E31,'كشف حساب مشروع'!$C$6,$I$11:I31,"مرحل ✔"),"") | O31: =IF(AND(C31<>"",C31='دفتر الأستاذ'!$C$6,I31="مرحل ✔"),COUNTIFS($C$11:C31,'دفتر الأستاذ'!$C$6,$I$11:I31,"مرحل ✔"),"") -> 7
A32: 9 | B32: 46058 | C32: 5104 | D32: =IF(C32="","",IFERROR(INDEX('شجرة الحسابات'!$B$9:$B$208,MATCH(C32,'شجرة الحسابات'!$A$9:$A$208,0)),"⚠ حساب غير معرف")) -> إيجار وتشغيل المعدات | E32: مجمع فلل النخيل السكني | F32: إيجار معدات (لودر + خلاطة) | G32: 85000 | I32: =IF(A32="",IF(M32="فارغ","","✖ بدون رقم قيد"),IF(COUNTIFS('قيود اليومية'!$A$11:$A$1010,A32,'قيود اليومية'!$M$11:$M$1010,"<>OK",'قيود اليومية'!$M$11:$M$1010,"<>فارغ")>0,"✖ خطأ بالحساب",IF(ROUND(SUMIFS('قيود اليومية'!$G$11:$G$1010,'قيود اليومية'!$A$11:$A$1010,A32)-SUMIFS('قيود اليومية'!$H$11:$H$1010,'قيود اليومية'!$A$11:$A$1010,A32),2)<>0,"✖ غير متوازن","مرحل ✔"))) -> مرحل ✔ | J32: =IF(C32="","",IFERROR(INDEX('شجرة الحسابات'!$E$9:$E$208,MATCH(C32,'شجرة الحسابات'!$A$9:$A$208,0))&"","")) -> المصروفات | K32: =IF(C32="","",IFERROR(INDEX('شجرة الحسابات'!$I$9:$I$208,MATCH(C32,'شجرة الحسابات'!$A$9:$A$208,0))&"","")) -> معدات | L32: =IF(C32="","",IFERROR(INDEX('شجرة الحسابات'!$C$9:$C$208,MATCH(C32,'شجرة الحسابات'!$A$9:$A$208,0))&"","")) -> تحليلي | M32: =IF(AND(C32="",G32="",H32=""),"فارغ",IF(ISNA(MATCH(C32,'شجرة الحسابات'!$A$9:$A$208,0)),"حساب غير معرف",IF(L32<>"تحليلي","حساب تجميعي",IF(AND(N(G32)>0,N(H32)>0),"مدين ودائن معاً",IF(N(G32)+N(H32)=0,"بدون قيمة","OK"))))) -> OK | N32: =IF(AND(E32<>"",E32='كشف حساب مشروع'!$C$6,I32="مرحل ✔"),COUNTIFS($E$11:E32,'كشف حساب مشروع'!$C$6,$I$11:I32,"مرحل ✔"),"") | O32: =IF(AND(C32<>"",C32='دفتر الأستاذ'!$C$6,I32="مرحل ✔"),COUNTIFS($C$11:C32,'دفتر الأستاذ'!$C$6,$I$11:I32,"مرحل ✔"),"")
A33: 9 | B33: 46058 | C33: 5104 | D33: =IF(C33="","",IFERROR(INDEX('شجرة الحسابات'!$B$9:$B$208,MATCH(C33,'شجرة الحسابات'!$A$9:$A$208,0)),"⚠ حساب غير معرف")) -> إيجار وتشغيل المعدات | E33: برج الريان التجاري | F33: وقود وتشغيل الرافعة البرجية | G33: 40000 | I33: =IF(A33="",IF(M33="فارغ","","✖ بدون رقم قيد"),IF(COUNTIFS('قيود اليومية'!$A$11:$A$1010,A33,'قيود اليومية'!$M$11:$M$1010,"<>OK",'قيود اليومية'!$M$11:$M$1010,"<>فارغ")>0,"✖ خطأ بالحساب",IF(ROUND(SUMIFS('قيود اليومية'!$G$11:$G$1010,'قيود اليومية'!$A$11:$A$1010,A33)-SUMIFS('قيود اليومية'!$H$11:$H$1010,'قيود اليومية'!$A$11:$A$1010,A33),2)<>0,"✖ غير متوازن","مرحل ✔"))) -> مرحل ✔ | J33: =IF(C33="","",IFERROR(INDEX('شجرة الحسابات'!$E$9:$E$208,MATCH(C33,'شجرة الحسابات'!$A$9:$A$208,0))&"","")) -> المصروفات | K33: =IF(C33="","",IFERROR(INDEX('شجرة الحسابات'!$I$9:$I$208,MATCH(C33,'شجرة الحسابات'!$A$9:$A$208,0))&"","")) -> معدات | L33: =IF(C33="","",IFERROR(INDEX('شجرة الحسابات'!$C$9:$C$208,MATCH(C33,'شجرة الحسابات'!$A$9:$A$208,0))&"","")) -> تحليلي | M33: =IF(AND(C33="",G33="",H33=""),"فارغ",IF(ISNA(MATCH(C33,'شجرة الحسابات'!$A$9:$A$208,0)),"حساب غير معرف",IF(L33<>"تحليلي","حساب تجميعي",IF(AND(N(G33)>0,N(H33)>0),"مدين ودائن معاً",IF(N(G33)+N(H33)=0,"بدون قيمة","OK"))))) -> OK | N33: =IF(AND(E33<>"",E33='كشف حساب مشروع'!$C$6,I33="مرحل ✔"),COUNTIFS($E$11:E33,'كشف حساب مشروع'!$C$6,$I$11:I33,"مرحل ✔"),"") -> 8 | O33: =IF(AND(C33<>"",C33='دفتر الأستاذ'!$C$6,I33="مرحل ✔"),COUNTIFS($C$11:C33,'دفتر الأستاذ'!$C$6,$I$11:I33,"مرحل ✔"),"")
A34: 9 | B34: 46058 | C34: 1102 | D34: =IF(C34="","",IFERROR(INDEX('شجرة الحسابات'!$B$9:$B$208,MATCH(C34,'شجرة الحسابات'!$A$9:$A$208,0)),"⚠ حساب غير معرف")) -> البنك - الحساب الجاري | F34: سداد إيجار وتشغيل معدات | H34: 125000 | I34: =IF(A34="",IF(M34="فارغ","","✖ بدون رقم قيد"),IF(COUNTIFS('قيود اليومية'!$A$11:$A$1010,A34,'قيود اليومية'!$M$11:$M$1010,"<>OK",'قيود اليومية'!$M$11:$M$1010,"<>فارغ")>0,"✖ خطأ بالحساب",IF(ROUND(SUMIFS('قيود اليومية'!$G$11:$G$1010,'قيود اليومية'!$A$11:$A$1010,A34)-SUMIFS('قيود اليومية'!$H$11:$H$1010,'قيود اليومية'!$A$11:$A$1010,A34),2)<>0,"✖ غير متوازن","مرحل ✔"))) -> مرحل ✔ | J34: =IF(C34="","",IFERROR(INDEX('شجرة الحسابات'!$E$9:$E$208,MATCH(C34,'شجرة الحسابات'!$A$9:$A$208,0))&"","")) -> الأصول | K34: =IF(C34="","",IFERROR(INDEX('شجرة الحسابات'!$I$9:$I$208,MATCH(C34,'شجرة الحسابات'!$A$9:$A$208,0))&"","")) | L34: =IF(C34="","",IFERROR(INDEX('شجرة الحسابات'!$C$9:$C$208,MATCH(C34,'شجرة الحسابات'!$A$9:$A$208,0))&"","")) -> تحليلي | M34: =IF(AND(C34="",G34="",H34=""),"فارغ",IF(ISNA(MATCH(C34,'شجرة الحسابات'!$A$9:$A$208,0)),"حساب غير معرف",IF(L34<>"تحليلي","حساب تجميعي",IF(AND(N(G34)>0,N(H34)>0),"مدين ودائن معاً",IF(N(G34)+N(H34)=0,"بدون قيمة","OK"))))) -> OK | N34: =IF(AND(E34<>"",E34='كشف حساب مشروع'!$C$6,I34="مرحل ✔"),COUNTIFS($E$11:E34,'كشف حساب مشروع'!$C$6,$I$11:I34,"مرحل ✔"),"") | O34: =IF(AND(C34<>"",C34='دفتر الأستاذ'!$C$6,I34="مرحل ✔"),COUNTIFS($C$11:C34,'دفتر الأستاذ'!$C$6,$I$11:I34,"مرحل ✔"),"") -> 8
A35: 10 | B35: 46063 | C35: 5105 | D35: =IF(C35="","",IFERROR(INDEX('شجرة الحسابات'!$B$9:$B$208,MATCH(C35,'شجرة الحسابات'!$A$9:$A$208,0)),"⚠ حساب غير معرف")) -> مصاريف الموقع الإدارية | E35: برج الريان التجاري | F35: مصاريف موقع: حراسة ومياه وكهرباء مؤقتة | G35: 32000 | I35: =IF(A35="",IF(M35="فارغ","","✖ بدون رقم قيد"),IF(COUNTIFS('قيود اليومية'!$A$11:$A$1010,A35,'قيود اليومية'!$M$11:$M$1010,"<>OK",'قيود اليومية'!$M$11:$M$1010,"<>فارغ")>0,"✖ خطأ بالحساب",IF(ROUND(SUMIFS('قيود اليومية'!$G$11:$G$1010,'قيود اليومية'!$A$11:$A$1010,A35)-SUMIFS('قيود اليومية'!$H$11:$H$1010,'قيود اليومية'!$A$11:$A$1010,A35),2)<>0,"✖ غير متوازن","مرحل ✔"))) -> مرحل ✔ | J35: =IF(C35="","",IFERROR(INDEX('شجرة الحسابات'!$E$9:$E$208,MATCH(C35,'شجرة الحسابات'!$A$9:$A$208,0))&"","")) -> المصروفات | K35: =IF(C35="","",IFERROR(INDEX('شجرة الحسابات'!$I$9:$I$208,MATCH(C35,'شجرة الحسابات'!$A$9:$A$208,0))&"","")) -> مصاريف موقع | L35: =IF(C35="","",IFERROR(INDEX('شجرة الحسابات'!$C$9:$C$208,MATCH(C35,'شجرة الحسابات'!$A$9:$A$208,0))&"","")) -> تحليلي | M35: =IF(AND(C35="",G35="",H35=""),"فارغ",IF(ISNA(MATCH(C35,'شجرة الحسابات'!$A$9:$A$208,0)),"حساب غير معرف",IF(L35<>"تحليلي","حساب تجميعي",IF(AND(N(G35)>0,N(H35)>0),"مدين ودائن معاً",IF(N(G35)+N(H35)=0,"بدون قيمة","OK"))))) -> OK | N35: =IF(AND(E35<>"",E35='كشف حساب مشروع'!$C$6,I35="مرحل ✔"),COUNTIFS($E$11:E35,'كشف حساب مشروع'!$C$6,$I$11:I35,"مرحل ✔"),"") -> 9 | O35: =IF(AND(C35<>"",C35='دفتر الأستاذ'!$C$6,I35="مرحل ✔"),COUNTIFS($C$11:C35,'دفتر الأستاذ'!$C$6,$I$11:I35,"مرحل ✔"),"")
A36: 10 | B36: 46063 | C36: 5105 | D36: =IF(C36="","",IFERROR(INDEX('شجرة الحسابات'!$B$9:$B$208,MATCH(C36,'شجرة الحسابات'!$A$9:$A$208,0)),"⚠ حساب غير معرف")) -> مصاريف الموقع الإدارية | E36: مجمع فلل النخيل السكني | F36: مصاريف موقع: مكتب موقع وأدوات سلامة | G36: 18000 | I36: =IF(A36="",IF(M36="فارغ","","✖ بدون رقم قيد"),IF(COUNTIFS('قيود اليومية'!$A$11:$A$1010,A36,'قيود اليومية'!$M$11:$M$1010,"<>OK",'قيود اليومية'!$M$11:$M$1010,"<>فارغ")>0,"✖ خطأ بالحساب",IF(ROUND(SUMIFS('قيود اليومية'!$G$11:$G$1010,'قيود اليومية'!$A$11:$A$1010,A36)-SUMIFS('قيود اليومية'!$H$11:$H$1010,'قيود اليومية'!$A$11:$A$1010,A36),2)<>0,"✖ غير متوازن","مرحل ✔"))) -> مرحل ✔ | J36: =IF(C36="","",IFERROR(INDEX('شجرة الحسابات'!$E$9:$E$208,MATCH(C36,'شجرة الحسابات'!$A$9:$A$208,0))&"","")) -> المصروفات | K36: =IF(C36="","",IFERROR(INDEX('شجرة الحسابات'!$I$9:$I$208,MATCH(C36,'شجرة الحسابات'!$A$9:$A$208,0))&"","")) -> مصاريف موقع | L36: =IF(C36="","",IFERROR(INDEX('شجرة الحسابات'!$C$9:$C$208,MATCH(C36,'شجرة الحسابات'!$A$9:$A$208,0))&"","")) -> تحليلي | M36: =IF(AND(C36="",G36="",H36=""),"فارغ",IF(ISNA(MATCH(C36,'شجرة الحسابات'!$A$9:$A$208,0)),"حساب غير معرف",IF(L36<>"تحليلي","حساب تجميعي",IF(AND(N(G36)>0,N(H36)>0),"مدين ودائن معاً",IF(N(G36)+N(H36)=0,"بدون قيمة","OK"))))) -> OK | N36: =IF(AND(E36<>"",E36='كشف حساب مشروع'!$C$6,I36="مرحل ✔"),COUNTIFS($E$11:E36,'كشف حساب مشروع'!$C$6,$I$11:I36,"مرحل ✔"),"") | O36: =IF(AND(C36<>"",C36='دفتر الأستاذ'!$C$6,I36="مرحل ✔"),COUNTIFS($C$11:C36,'دفتر الأستاذ'!$C$6,$I$11:I36,"مرحل ✔"),"")
A37: 10 | B37: 46063 | C37: 1101 | D37: =IF(C37="","",IFERROR(INDEX('شجرة الحسابات'!$B$9:$B$208,MATCH(C37,'شجرة الحسابات'!$A$9:$A$208,0)),"⚠ حساب غير معرف")) -> الصندوق (النقدية بالخزينة) | F37: صرف نقدي من الخزينة | H37: 50000 | I37: =IF(A37="",IF(M37="فارغ","","✖ بدون رقم قيد"),IF(COUNTIFS('قيود اليومية'!$A$11:$A$1010,A37,'قيود اليومية'!$M$11:$M$1010,"<>OK",'قيود اليومية'!$M$11:$M$1010,"<>فارغ")>0,"✖ خطأ بالحساب",IF(ROUND(SUMIFS('قيود اليومية'!$G$11:$G$1010,'قيود اليومية'!$A$11:$A$1010,A37)-SUMIFS('قيود اليومية'!$H$11:$H$1010,'قيود اليومية'!$A$11:$A$1010,A37),2)<>0,"✖ غير متوازن","مرحل ✔"))) -> مرحل ✔ | J37: =IF(C37="","",IFERROR(INDEX('شجرة الحسابات'!$E$9:$E$208,MATCH(C37,'شجرة الحسابات'!$A$9:$A$208,0))&"","")) -> الأصول | K37: =IF(C37="","",IFERROR(INDEX('شجرة الحسابات'!$I$9:$I$208,MATCH(C37,'شجرة الحسابات'!$A$9:$A$208,0))&"","")) | L37: =IF(C37="","",IFERROR(INDEX('شجرة الحسابات'!$C$9:$C$208,MATCH(C37,'شجرة الحسابات'!$A$9:$A$208,0))&"","")) -> تحليلي | M37: =IF(AND(C37="",G37="",H37=""),"فارغ",IF(ISNA(MATCH(C37,'شجرة الحسابات'!$A$9:$A$208,0)),"حساب غير معرف",IF(L37<>"تحليلي","حساب تجميعي",IF(AND(N(G37)>0,N(H37)>0),"مدين ودائن معاً",IF(N(G37)+N(H37)=0,"بدون قيمة","OK"))))) -> OK | N37: =IF(AND(E37<>"",E37='كشف حساب مشروع'!$C$6,I37="مرحل ✔"),COUNTIFS($E$11:E37,'كشف حساب مشروع'!$C$6,$I$11:I37,"مرحل ✔"),"") | O37: =IF(AND(C37<>"",C37='دفتر الأستاذ'!$C$6,I37="مرحل ✔"),COUNTIFS($C$11:C37,'دفتر الأستاذ'!$C$6,$I$11:I37,"مرحل ✔"),"")
A38: 11 | B38: 46068 | C38: 5103 | D38: =IF(C38="","",IFERROR(INDEX('شجرة الحسابات'!$B$9:$B$208,MATCH(C38,'شجرة الحسابات'!$A$9:$A$208,0)),"⚠ حساب غير معرف")) -> تكلفة مقاولي الباطن | E38: برج الريان التجاري | F38: مستخلص مقاول باطن رقم 1 - أعمال كهربائية | G38: 600000 | I38: =IF(A38="",IF(M38="فارغ","","✖ بدون رقم قيد"),IF(COUNTIFS('قيود اليومية'!$A$11:$A$1010,A38,'قيود اليومية'!$M$11:$M$1010,"<>OK",'قيود اليومية'!$M$11:$M$1010,"<>فارغ")>0,"✖ خطأ بالحساب",IF(ROUND(SUMIFS('قيود اليومية'!$G$11:$G$1010,'قيود اليومية'!$A$11:$A$1010,A38)-SUMIFS('قيود اليومية'!$H$11:$H$1010,'قيود اليومية'!$A$11:$A$1010,A38),2)<>0,"✖ غير متوازن","مرحل ✔"))) -> مرحل ✔ | J38: =IF(C38="","",IFERROR(INDEX('شجرة الحسابات'!$E$9:$E$208,MATCH(C38,'شجرة الحسابات'!$A$9:$A$208,0))&"","")) -> المصروفات | K38: =IF(C38="","",IFERROR(INDEX('شجرة الحسابات'!$I$9:$I$208,MATCH(C38,'شجرة الحسابات'!$A$9:$A$208,0))&"","")) -> مقاولو باطن | L38: =IF(C38="","",IFERROR(INDEX('شجرة الحسابات'!$C$9:$C$208,MATCH(C38,'شجرة الحسابات'!$A$9:$A$208,0))&"","")) -> تحليلي | M38: =IF(AND(C38="",G38="",H38=""),"فارغ",IF(ISNA(MATCH(C38,'شجرة الحسابات'!$A$9:$A$208,0)),"حساب غير معرف",IF(L38<>"تحليلي","حساب تجميعي",IF(AND(N(G38)>0,N(H38)>0),"مدين ودائن معاً",IF(N(G38)+N(H38)=0,"بدون قيمة","OK"))))) -> OK | N38: =IF(AND(E38<>"",E38='كشف حساب مشروع'!$C$6,I38="مرحل ✔"),COUNTIFS($E$11:E38,'كشف حساب مشروع'!$C$6,$I$11:I38,"مرحل ✔"),"") -> 10 | O38: =IF(AND(C38<>"",C38='دفتر الأستاذ'!$C$6,I38="مرحل ✔"),COUNTIFS($C$11:C38,'دفتر الأستاذ'!$C$6,$I$11:I38,"مرحل ✔"),"")
A39: 11 | B39: 46068 | C39: 1106 | D39: =IF(C39="","",IFERROR(INDEX('شجرة الحسابات'!$B$9:$B$208,MATCH(C39,'شجرة الحسابات'!$A$9:$A$208,0)),"⚠ حساب غير معرف")) -> دفعات مقدمة لمقاولي الباطن | E39: برج الريان التجاري | F39: استرداد 10% من الدفعة المقدمة | H39: 60000 | I39: =IF(A39="",IF(M39="فارغ","","✖ بدون رقم قيد"),IF(COUNTIFS('قيود اليومية'!$A$11:$A$1010,A39,'قيود اليومية'!$M$11:$M$1010,"<>OK",'قيود اليومية'!$M$11:$M$1010,"<>فارغ")>0,"✖ خطأ بالحساب",IF(ROUND(SUMIFS('قيود اليومية'!$G$11:$G$1010,'قيود اليومية'!$A$11:$A$1010,A39)-SUMIFS('قيود اليومية'!$H$11:$H$1010,'قيود اليومية'!$A$11:$A$1010,A39),2)<>0,"✖ غير متوازن","مرحل ✔"))) -> مرحل ✔ | J39: =IF(C39="","",IFERROR(INDEX('شجرة الحسابات'!$E$9:$E$208,MATCH(C39,'شجرة الحسابات'!$A$9:$A$208,0))&"","")) -> الأصول | K39: =IF(C39="","",IFERROR(INDEX('شجرة الحسابات'!$I$9:$I$208,MATCH(C39,'شجرة الحسابات'!$A$9:$A$208,0))&"","")) | L39: =IF(C39="","",IFERROR(INDEX('شجرة الحسابات'!$C$9:$C$208,MATCH(C39,'شجرة الحسابات'!$A$9:$A$208,0))&"","")) -> تحليلي | M39: =IF(AND(C39="",G39="",H39=""),"فارغ",IF(ISNA(MATCH(C39,'شجرة الحسابات'!$A$9:$A$208,0)),"حساب غير معرف",IF(L39<>"تحليلي","حساب تجميعي",IF(AND(N(G39)>0,N(H39)>0),"مدين ودائن معاً",IF(N(G39)+N(H39)=0,"بدون قيمة","OK"))))) -> OK | N39: =IF(AND(E39<>"",E39='كشف حساب مشروع'!$C$6,I39="مرحل ✔"),COUNTIFS($E$11:E39,'كشف حساب مشروع'!$C$6,$I$11:I39,"مرحل ✔"),"") -> 11 | O39: =IF(AND(C39<>"",C39='دفتر الأستاذ'!$C$6,I39="مرحل ✔"),COUNTIFS($C$11:C39,'دفتر الأستاذ'!$C$6,$I$11:I39,"مرحل ✔"),"")
A40: 11 | B40: 46068 | C40: 2103 | D40: =IF(C40="","",IFERROR(INDEX('شجرة الحسابات'!$B$9:$B$208,MATCH(C40,'شجرة الحسابات'!$A$9:$A$208,0)),"⚠ حساب غير معرف")) -> محتجزات ضمان مقاولي الباطن | E40: برج الريان التجاري | F40: احتجاز ضمان 5% على مقاول الباطن | H40: 30000 | I40: =IF(A40="",IF(M40="فارغ","","✖ بدون رقم قيد"),IF(COUNTIFS('قيود اليومية'!$A$11:$A$1010,A40,'قيود اليومية'!$M$11:$M$1010,"<>OK",'قيود اليومية'!$M$11:$M$1010,"<>فارغ")>0,"✖ خطأ بالحساب",IF(ROUND(SUMIFS('قيود اليومية'!$G$11:$G$1010,'قيود اليومية'!$A$11:$A$1010,A40)-SUMIFS('قيود اليومية'!$H$11:$H$1010,'قيود اليومية'!$A$11:$A$1010,A40),2)<>0,"✖ غير متوازن","مرحل ✔"))) -> مرحل ✔ | J40: =IF(C40="","",IFERROR(INDEX('شجرة الحسابات'!$E$9:$E$208,MATCH(C40,'شجرة الحسابات'!$A$9:$A$208,0))&"","")) -> الخصوم | K40: =IF(C40="","",IFERROR(INDEX('شجرة الحسابات'!$I$9:$I$208,MATCH(C40,'شجرة الحسابات'!$A$9:$A$208,0))&"","")) | L40: =IF(C40="","",IFERROR(INDEX('شجرة الحسابات'!$C$9:$C$208,MATCH(C40,'شجرة الحسابات'!$A$9:$A$208,0))&"","")) -> تحليلي | M40: =IF(AND(C40="",G40="",H40=""),"فارغ",IF(ISNA(MATCH(C40,'شجرة الحسابات'!$A$9:$A$208,0)),"حساب غير معرف",IF(L40<>"تحليلي","حساب تجميعي",IF(AND(N(G40)>0,N(H40)>0),"مدين ودائن معاً",IF(N(G40)+N(H40)=0,"بدون قيمة","OK"))))) -> OK | N40: =IF(AND(E40<>"",E40='كشف حساب مشروع'!$C$6,I40="مرحل ✔"),COUNTIFS($E$11:E40,'كشف حساب مشروع'!$C$6,$I$11:I40,"مرحل ✔"),"") -> 12 | O40: =IF(AND(C40<>"",C40='دفتر الأستاذ'!$C$6,I40="مرحل ✔"),COUNTIFS($C$11:C40,'دفتر الأستاذ'!$C$6,$I$11:I40,"مرحل ✔"),"")
A41: 11 | B41: 46068 | C41: 2102 | D41: =IF(C41="","",IFERROR(INDEX('شجرة الحسابات'!$B$9:$B$208,MATCH(C41,'شجرة الحسابات'!$A$9:$A$208,0)),"⚠ حساب غير معرف")) -> مقاولو الباطن | E41: برج الريان التجاري | F41: صافي مستحق مقاول الباطن | H41: 510000 | I41: =IF(A41="",IF(M41="فارغ","","✖ بدون رقم قيد"),IF(COUNTIFS('قيود اليومية'!$A$11:$A$1010,A41,'قيود اليومية'!$M$11:$M$1010,"<>OK",'قيود اليومية'!$M$11:$M$1010,"<>فارغ")>0,"✖ خطأ بالحساب",IF(ROUND(SUMIFS('قيود اليومية'!$G$11:$G$1010,'قيود اليومية'!$A$11:$A$1010,A41)-SUMIFS('قيود اليومية'!$H$11:$H$1010,'قيود اليومية'!$A$11:$A$1010,A41),2)<>0,"✖ غير متوازن","مرحل ✔"))) -> مرحل ✔ | J41: =IF(C41="","",IFERROR(INDEX('شجرة الحسابات'!$E$9:$E$208,MATCH(C41,'شجرة الحسابات'!$A$9:$A$208,0))&"","")) -> الخصوم | K41: =IF(C41="","",IFERROR(INDEX('شجرة الحسابات'!$I$9:$I$208,MATCH(C41,'شجرة الحسابات'!$A$9:$A$208,0))&"","")) | L41: =IF(C41="","",IFERROR(INDEX('شجرة الحسابات'!$C$9:$C$208,MATCH(C41,'شجرة الحسابات'!$A$9:$A$208,0))&"","")) -> تحليلي | M41: =IF(AND(C41="",G41="",H41=""),"فارغ",IF(ISNA(MATCH(C41,'شجرة الحسابات'!$A$9:$A$208,0)),"حساب غير معرف",IF(L41<>"تحليلي","حساب تجميعي",IF(AND(N(G41)>0,N(H41)>0),"مدين ودائن معاً",IF(N(G41)+N(H41)=0,"بدون قيمة","OK"))))) -> OK | N41: =IF(AND(E41<>"",E41='كشف حساب مشروع'!$C$6,I41="مرحل ✔"),COUNTIFS($E$11:E41,'كشف حساب مشروع'!$C$6,$I$11:I41,"مرحل ✔"),"") -> 13 | O41: =IF(AND(C41<>"",C41='دفتر الأستاذ'!$C$6,I41="مرحل ✔"),COUNTIFS($C$11:C41,'دفتر الأستاذ'!$C$6,$I$11:I41,"مرحل ✔"),"")
A42: 12 | B42: 46081 | C42: 1103 | D42: =IF(C42="","",IFERROR(INDEX('شجرة الحسابات'!$B$9:$B$208,MATCH(C42,'شجرة الحسابات'!$A$9:$A$208,0)),"⚠ حساب غير معرف")) -> عملاء المقاولات | E42: برج الريان التجاري | F42: مستخلص رقم 1 - برج الريان (صافي المستحق) | G42: 1125000 | I42: =IF(A42="",IF(M42="فارغ","","✖ بدون رقم قيد"),IF(COUNTIFS('قيود اليومية'!$A$11:$A$1010,A42,'قيود اليومية'!$M$11:$M$1010,"<>OK",'قيود اليومية'!$M$11:$M$1010,"<>فارغ")>0,"✖ خطأ بالحساب",IF(ROUND(SUMIFS('قيود اليومية'!$G$11:$G$1010,'قيود اليومية'!$A$11:$A$1010,A42)-SUMIFS('قيود اليومية'!$H$11:$H$1010,'قيود اليومية'!$A$11:$A$1010,A42),2)<>0,"✖ غير متوازن","مرحل ✔"))) -> مرحل ✔ | J42: =IF(C42="","",IFERROR(INDEX('شجرة الحسابات'!$E$9:$E$208,MATCH(C42,'شجرة الحسابات'!$A$9:$A$208,0))&"","")) -> الأصول | K42: =IF(C42="","",IFERROR(INDEX('شجرة الحسابات'!$I$9:$I$208,MATCH(C42,'شجرة الحسابات'!$A$9:$A$208,0))&"","")) | L42: =IF(C42="","",IFERROR(INDEX('شجرة الحسابات'!$C$9:$C$208,MATCH(C42,'شجرة الحسابات'!$A$9:$A$208,0))&"","")) -> تحليلي | M42: =IF(AND(C42="",G42="",H42=""),"فارغ",IF(ISNA(MATCH(C42,'شجرة الحسابات'!$A$9:$A$208,0)),"حساب غير معرف",IF(L42<>"تحليلي","حساب تجميعي",IF(AND(N(G42)>0,N(H42)>0),"مدين ودائن معاً",IF(N(G42)+N(H42)=0,"بدون قيمة","OK"))))) -> OK | N42: =IF(AND(E42<>"",E42='كشف حساب مشروع'!$C$6,I42="مرحل ✔"),COUNTIFS($E$11:E42,'كشف حساب مشروع'!$C$6,$I$11:I42,"مرحل ✔"),"") -> 14 | O42: =IF(AND(C42<>"",C42='دفتر الأستاذ'!$C$6,I42="مرحل ✔"),COUNTIFS($C$11:C42,'دفتر الأستاذ'!$C$6,$I$11:I42,"مرحل ✔"),"")
A43: 12 | B43: 46081 | C43: 2104 | D43: =IF(C43="","",IFERROR(INDEX('شجرة الحسابات'!$B$9:$B$208,MATCH(C43,'شجرة الحسابات'!$A$9:$A$208,0)),"⚠ حساب غير معرف")) -> دفعات مقدمة من العملاء | E43: برج الريان التجاري | F43: استقطاع 15% استرداد الدفعة المقدمة | G43: 225000 | I43: =IF(A43="",IF(M43="فارغ","","✖ بدون رقم قيد"),IF(COUNTIFS('قيود اليومية'!$A$11:$A$1010,A43,'قيود اليومية'!$M$11:$M$1010,"<>OK",'قيود اليومية'!$M$11:$M$1010,"<>فارغ")>0,"✖ خطأ بالحساب",IF(ROUND(SUMIFS('قيود اليومية'!$G$11:$G$1010,'قيود اليومية'!$A$11:$A$1010,A43)-SUMIFS('قيود اليومية'!$H$11:$H$1010,'قيود اليومية'!$A$11:$A$1010,A43),2)<>0,"✖ غير متوازن","مرحل ✔"))) -> مرحل ✔ | J43: =IF(C43="","",IFERROR(INDEX('شجرة الحسابات'!$E$9:$E$208,MATCH(C43,'شجرة الحسابات'!$A$9:$A$208,0))&"","")) -> الخصوم | K43: =IF(C43="","",IFERROR(INDEX('شجرة الحسابات'!$I$9:$I$208,MATCH(C43,'شجرة الحسابات'!$A$9:$A$208,0))&"","")) | L43: =IF(C43="","",IFERROR(INDEX('شجرة الحسابات'!$C$9:$C$208,MATCH(C43,'شجرة الحسابات'!$A$9:$A$208,0))&"","")) -> تحليلي | M43: =IF(AND(C43="",G43="",H43=""),"فارغ",IF(ISNA(MATCH(C43,'شجرة الحسابات'!$A$9:$A$208,0)),"حساب غير معرف",IF(L43<>"تحليلي","حساب تجميعي",IF(AND(N(G43)>0,N(H43)>0),"مدين ودائن معاً",IF(N(G43)+N(H43)=0,"بدون قيمة","OK"))))) -> OK | N43: =IF(AND(E43<>"",E43='كشف حساب مشروع'!$C$6,I43="مرحل ✔"),COUNTIFS($E$11:E43,'كشف حساب مشروع'!$C$6,$I$11:I43,"مرحل ✔"),"") -> 15 | O43: =IF(AND(C43<>"",C43='دفتر الأستاذ'!$C$6,I43="مرحل ✔"),COUNTIFS($C$11:C43,'دفتر الأستاذ'!$C$6,$I$11:I43,"مرحل ✔"),"")
A44: 12 | B44: 46081 | C44: 1104 | D44: =IF(C44="","",IFERROR(INDEX('شجرة الحسابات'!$B$9:$B$208,MATCH(C44,'شجرة الحسابات'!$A$9:$A$208,0)),"⚠ حساب غير معرف")) -> محتجزات ضمان لدى العملاء | E44: برج الريان التجاري | F44: احتجاز ضمان 10% لدى العميل | G44: 150000 | I44: =IF(A44="",IF(M44="فارغ","","✖ بدون رقم قيد"),IF(COUNTIFS('قيود اليومية'!$A$11:$A$1010,A44,'قيود اليومية'!$M$11:$M$1010,"<>OK",'قيود اليومية'!$M$11:$M$1010,"<>فارغ")>0,"✖ خطأ بالحساب",IF(ROUND(SUMIFS('قيود اليومية'!$G$11:$G$1010,'قيود اليومية'!$A$11:$A$1010,A44)-SUMIFS('قيود اليومية'!$H$11:$H$1010,'قيود اليومية'!$A$11:$A$1010,A44),2)<>0,"✖ غير متوازن","مرحل ✔"))) -> مرحل ✔ | J44: =IF(C44="","",IFERROR(INDEX('شجرة الحسابات'!$E$9:$E$208,MATCH(C44,'شجرة الحسابات'!$A$9:$A$208,0))&"","")) -> الأصول | K44: =IF(C44="","",IFERROR(INDEX('شجرة الحسابات'!$I$9:$I$208,MATCH(C44,'شجرة الحسابات'!$A$9:$A$208,0))&"","")) | L44: =IF(C44="","",IFERROR(INDEX('شجرة الحسابات'!$C$9:$C$208,MATCH(C44,'شجرة الحسابات'!$A$9:$A$208,0))&"","")) -> تحليلي | M44: =IF(AND(C44="",G44="",H44=""),"فارغ",IF(ISNA(MATCH(C44,'شجرة الحسابات'!$A$9:$A$208,0)),"حساب غير معرف",IF(L44<>"تحليلي","حساب تجميعي",IF(AND(N(G44)>0,N(H44)>0),"مدين ودائن معاً",IF(N(G44)+N(H44)=0,"بدون قيمة","OK"))))) -> OK | N44: =IF(AND(E44<>"",E44='كشف حساب مشروع'!$C$6,I44="مرحل ✔"),COUNTIFS($E$11:E44,'كشف حساب مشروع'!$C$6,$I$11:I44,"مرحل ✔"),"") -> 16 | O44: =IF(AND(C44<>"",C44='دفتر الأستاذ'!$C$6,I44="مرحل ✔"),COUNTIFS($C$11:C44,'دفتر الأستاذ'!$C$6,$I$11:I44,"مرحل ✔"),"")
A45: 12 | B45: 46081 | C45: 4101 | D45: =IF(C45="","",IFERROR(INDEX('شجرة الحسابات'!$B$9:$B$208,MATCH(C45,'شجرة الحسابات'!$A$9:$A$208,0)),"⚠ حساب غير معرف")) -> إيرادات المستخلصات | E45: برج الريان التجاري | F45: إجمالي مستخلص رقم 1 - برج الريان | H45: 1500000 | I45: =IF(A45="",IF(M45="فارغ","","✖ بدون رقم قيد"),IF(COUNTIFS('قيود اليومية'!$A$11:$A$1010,A45,'قيود اليومية'!$M$11:$M$1010,"<>OK",'قيود اليومية'!$M$11:$M$1010,"<>فارغ")>0,"✖ خطأ بالحساب",IF(ROUND(SUMIFS('قيود اليومية'!$G$11:$G$1010,'قيود اليومية'!$A$11:$A$1010,A45)-SUMIFS('قيود اليومية'!$H$11:$H$1010,'قيود اليومية'!$A$11:$A$1010,A45),2)<>0,"✖ غير متوازن","مرحل ✔"))) -> مرحل ✔ | J45: =IF(C45="","",IFERROR(INDEX('شجرة الحسابات'!$E$9:$E$208,MATCH(C45,'شجرة الحسابات'!$A$9:$A$208,0))&"","")) -> الإيرادات | K45: =IF(C45="","",IFERROR(INDEX('شجرة الحسابات'!$I$9:$I$208,MATCH(C45,'شجرة الحسابات'!$A$9:$A$208,0))&"","")) | L45: =IF(C45="","",IFERROR(INDEX('شجرة الحسابات'!$C$9:$C$208,MATCH(C45,'شجرة الحسابات'!$A$9:$A$208,0))&"","")) -> تحليلي | M45: =IF(AND(C45="",G45="",H45=""),"فارغ",IF(ISNA(MATCH(C45,'شجرة الحسابات'!$A$9:$A$208,0)),"حساب غير معرف",IF(L45<>"تحليلي","حساب تجميعي",IF(AND(N(G45)>0,N(H45)>0),"مدين ودائن معاً",IF(N(G45)+N(H45)=0,"بدون قيمة","OK"))))) -> OK | N45: =IF(AND(E45<>"",E45='كشف حساب مشروع'!$C$6,I45="مرحل ✔"),COUNTIFS($E$11:E45,'كشف حساب مشروع'!$C$6,$I$11:I45,"مرحل ✔"),"") -> 17 | O45: =IF(AND(C45<>"",C45='دفتر الأستاذ'!$C$6,I45="مرحل ✔"),COUNTIFS($C$11:C45,'دفتر الأستاذ'!$C$6,$I$11:I45,"مرحل ✔"),"")
A46: 13 | B46: 46086 | C46: 1102 | D46: =IF(C46="","",IFERROR(INDEX('شجرة الحسابات'!$B$9:$B$208,MATCH(C46,'شجرة الحسابات'!$A$9:$A$208,0)),"⚠ حساب غير معرف")) -> البنك - الحساب الجاري | E46: برج الريان التجاري | F46: تحصيل صافي المستخلص رقم 1 | G46: 1125000 | I46: =IF(A46="",IF(M46="فارغ","","✖ بدون رقم قيد"),IF(COUNTIFS('قيود اليومية'!$A$11:$A$1010,A46,'قيود اليومية'!$M$11:$M$1010,"<>OK",'قيود اليومية'!$M$11:$M$1010,"<>فارغ")>0,"✖ خطأ بالحساب",IF(ROUND(SUMIFS('قيود اليومية'!$G$11:$G$1010,'قيود اليومية'!$A$11:$A$1010,A46)-SUMIFS('قيود اليومية'!$H$11:$H$1010,'قيود اليومية'!$A$11:$A$1010,A46),2)<>0,"✖ غير متوازن","مرحل ✔"))) -> مرحل ✔ | J46: =IF(C46="","",IFERROR(INDEX('شجرة الحسابات'!$E$9:$E$208,MATCH(C46,'شجرة الحسابات'!$A$9:$A$208,0))&"","")) -> الأصول | K46: =IF(C46="","",IFERROR(INDEX('شجرة الحسابات'!$I$9:$I$208,MATCH(C46,'شجرة الحسابات'!$A$9:$A$208,0))&"","")) | L46: =IF(C46="","",IFERROR(INDEX('شجرة الحسابات'!$C$9:$C$208,MATCH(C46,'شجرة الحسابات'!$A$9:$A$208,0))&"","")) -> تحليلي | M46: =IF(AND(C46="",G46="",H46=""),"فارغ",IF(ISNA(MATCH(C46,'شجرة الحسابات'!$A$9:$A$208,0)),"حساب غير معرف",IF(L46<>"تحليلي","حساب تجميعي",IF(AND(N(G46)>0,N(H46)>0),"مدين ودائن معاً",IF(N(G46)+N(H46)=0,"بدون قيمة","OK"))))) -> OK | N46: =IF(AND(E46<>"",E46='كشف حساب مشروع'!$C$6,I46="مرحل ✔"),COUNTIFS($E$11:E46,'كشف حساب مشروع'!$C$6,$I$11:I46,"مرحل ✔"),"") -> 18 | O46: =IF(AND(C46<>"",C46='دفتر الأستاذ'!$C$6,I46="مرحل ✔"),COUNTIFS($C$11:C46,'دفتر الأستاذ'!$C$6,$I$11:I46,"مرحل ✔"),"") -> 9
A47: 13 | B47: 46086 | C47: 1103 | D47: =IF(C47="","",IFERROR(INDEX('شجرة الحسابات'!$B$9:$B$208,MATCH(C47,'شجرة الحسابات'!$A$9:$A$208,0)),"⚠ حساب غير معرف")) -> عملاء المقاولات | E47: برج الريان التجاري | F47: تحصيل صافي المستخلص رقم 1 | H47: 1125000 | I47: =IF(A47="",IF(M47="فارغ","","✖ بدون رقم قيد"),IF(COUNTIFS('قيود اليومية'!$A$11:$A$1010,A47,'قيود اليومية'!$M$11:$M$1010,"<>OK",'قيود اليومية'!$M$11:$M$1010,"<>فارغ")>0,"✖ خطأ بالحساب",IF(ROUND(SUMIFS('قيود اليومية'!$G$11:$G$1010,'قيود اليومية'!$A$11:$A$1010,A47)-SUMIFS('قيود اليومية'!$H$11:$H$1010,'قيود اليومية'!$A$11:$A$1010,A47),2)<>0,"✖ غير متوازن","مرحل ✔"))) -> مرحل ✔ | J47: =IF(C47="","",IFERROR(INDEX('شجرة الحسابات'!$E$9:$E$208,MATCH(C47,'شجرة الحسابات'!$A$9:$A$208,0))&"","")) -> الأصول | K47: =IF(C47="","",IFERROR(INDEX('شجرة الحسابات'!$I$9:$I$208,MATCH(C47,'شجرة الحسابات'!$A$9:$A$208,0))&"","")) | L47: =IF(C47="","",IFERROR(INDEX('شجرة الحسابات'!$C$9:$C$208,MATCH(C47,'شجرة الحسابات'!$A$9:$A$208,0))&"","")) -> تحليلي | M47: =IF(AND(C47="",G47="",H47=""),"فارغ",IF(ISNA(MATCH(C47,'شجرة الحسابات'!$A$9:$A$208,0)),"حساب غير معرف",IF(L47<>"تحليلي","حساب تجميعي",IF(AND(N(G47)>0,N(H47)>0),"مدين ودائن معاً",IF(N(G47)+N(H47)=0,"بدون قيمة","OK"))))) -> OK | N47: =IF(AND(E47<>"",E47='كشف حساب مشروع'!$C$6,I47="مرحل ✔"),COUNTIFS($E$11:E47,'كشف حساب مشروع'!$C$6,$I$11:I47,"مرحل ✔"),"") -> 19 | O47: =IF(AND(C47<>"",C47='دفتر الأستاذ'!$C$6,I47="مرحل ✔"),COUNTIFS($C$11:C47,'دفتر الأستاذ'!$C$6,$I$11:I47,"مرحل ✔"),"")
A48: 14 | B48: 46091 | C48: 1103 | D48: =IF(C48="","",IFERROR(INDEX('شجرة الحسابات'!$B$9:$B$208,MATCH(C48,'شجرة الحسابات'!$A$9:$A$208,0)),"⚠ حساب غير معرف")) -> عملاء المقاولات | E48: مجمع فلل النخيل السكني | F48: مستخلص رقم 1 - فلل النخيل (صافي المستحق) | G48: 765000 | I48: =IF(A48="",IF(M48="فارغ","","✖ بدون رقم قيد"),IF(COUNTIFS('قيود اليومية'!$A$11:$A$1010,A48,'قيود اليومية'!$M$11:$M$1010,"<>OK",'قيود اليومية'!$M$11:$M$1010,"<>فارغ")>0,"✖ خطأ بالحساب",IF(ROUND(SUMIFS('قيود اليومية'!$G$11:$G$1010,'قيود اليومية'!$A$11:$A$1010,A48)-SUMIFS('قيود اليومية'!$H$11:$H$1010,'قيود اليومية'!$A$11:$A$1010,A48),2)<>0,"✖ غير متوازن","مرحل ✔"))) -> مرحل ✔ | J48: =IF(C48="","",IFERROR(INDEX('شجرة الحسابات'!$E$9:$E$208,MATCH(C48,'شجرة الحسابات'!$A$9:$A$208,0))&"","")) -> الأصول | K48: =IF(C48="","",IFERROR(INDEX('شجرة الحسابات'!$I$9:$I$208,MATCH(C48,'شجرة الحسابات'!$A$9:$A$208,0))&"","")) | L48: =IF(C48="","",IFERROR(INDEX('شجرة الحسابات'!$C$9:$C$208,MATCH(C48,'شجرة الحسابات'!$A$9:$A$208,0))&"","")) -> تحليلي | M48: =IF(AND(C48="",G48="",H48=""),"فارغ",IF(ISNA(MATCH(C48,'شجرة الحسابات'!$A$9:$A$208,0)),"حساب غير معرف",IF(L48<>"تحليلي","حساب تجميعي",IF(AND(N(G48)>0,N(H48)>0),"مدين ودائن معاً",IF(N(G48)+N(H48)=0,"بدون قيمة","OK"))))) -> OK | N48: =IF(AND(E48<>"",E48='كشف حساب مشروع'!$C$6,I48="مرحل ✔"),COUNTIFS($E$11:E48,'كشف حساب مشروع'!$C$6,$I$11:I48,"مرحل ✔"),"") | O48: =IF(AND(C48<>"",C48='دفتر الأستاذ'!$C$6,I48="مرحل ✔"),COUNTIFS($C$11:C48,'دفتر الأستاذ'!$C$6,$I$11:I48,"مرحل ✔"),"")
A49: 14 | B49: 46091 | C49: 2104 | D49: =IF(C49="","",IFERROR(INDEX('شجرة الحسابات'!$B$9:$B$208,MATCH(C49,'شجرة الحسابات'!$A$9:$A$208,0)),"⚠ حساب غير معرف")) -> دفعات مقدمة من العملاء | E49: مجمع فلل النخيل السكني | F49: استقطاع 10% استرداد الدفعة المقدمة | G49: 90000 | I49: =IF(A49="",IF(M49="فارغ","","✖ بدون رقم قيد"),IF(COUNTIFS('قيود اليومية'!$A$11:$A$1010,A49,'قيود اليومية'!$M$11:$M$1010,"<>OK",'قيود اليومية'!$M$11:$M$1010,"<>فارغ")>0,"✖ خطأ بالحساب",IF(ROUND(SUMIFS('قيود اليومية'!$G$11:$G$1010,'قيود اليومية'!$A$11:$A$1010,A49)-SUMIFS('قيود اليومية'!$H$11:$H$1010,'قيود اليومية'!$A$11:$A$1010,A49),2)<>0,"✖ غير متوازن","مرحل ✔"))) -> مرحل ✔ | J49: =IF(C49="","",IFERROR(INDEX('شجرة الحسابات'!$E$9:$E$208,MATCH(C49,'شجرة الحسابات'!$A$9:$A$208,0))&"","")) -> الخصوم | K49: =IF(C49="","",IFERROR(INDEX('شجرة الحسابات'!$I$9:$I$208,MATCH(C49,'شجرة الحسابات'!$A$9:$A$208,0))&"","")) | L49: =IF(C49="","",IFERROR(INDEX('شجرة الحسابات'!$C$9:$C$208,MATCH(C49,'شجرة الحسابات'!$A$9:$A$208,0))&"","")) -> تحليلي | M49: =IF(AND(C49="",G49="",H49=""),"فارغ",IF(ISNA(MATCH(C49,'شجرة الحسابات'!$A$9:$A$208,0)),"حساب غير معرف",IF(L49<>"تحليلي","حساب تجميعي",IF(AND(N(G49)>0,N(H49)>0),"مدين ودائن معاً",IF(N(G49)+N(H49)=0,"بدون قيمة","OK"))))) -> OK | N49: =IF(AND(E49<>"",E49='كشف حساب مشروع'!$C$6,I49="مرحل ✔"),COUNTIFS($E$11:E49,'كشف حساب مشروع'!$C$6,$I$11:I49,"مرحل ✔"),"") | O49: =IF(AND(C49<>"",C49='دفتر الأستاذ'!$C$6,I49="مرحل ✔"),COUNTIFS($C$11:C49,'دفتر الأستاذ'!$C$6,$I$11:I49,"مرحل ✔"),"")
A50: 14 | B50: 46091 | C50: 1104 | D50: =IF(C50="","",IFERROR(INDEX('شجرة الحسابات'!$B$9:$B$208,MATCH(C50,'شجرة الحسابات'!$A$9:$A$208,0)),"⚠ حساب غير معرف")) -> محتجزات ضمان لدى العملاء | E50: مجمع فلل النخيل السكني | F50: احتجاز ضمان 5% لدى العميل | G50: 45000 | I50: =IF(A50="",IF(M50="فارغ","","✖ بدون رقم قيد"),IF(COUNTIFS('قيود اليومية'!$A$11:$A$1010,A50,'قيود اليومية'!$M$11:$M$1010,"<>OK",'قيود اليومية'!$M$11:$M$1010,"<>فارغ")>0,"✖ خطأ بالحساب",IF(ROUND(SUMIFS('قيود اليومية'!$G$11:$G$1010,'قيود اليومية'!$A$11:$A$1010,A50)-SUMIFS('قيود اليومية'!$H$11:$H$1010,'قيود اليومية'!$A$11:$A$1010,A50),2)<>0,"✖ غير متوازن","مرحل ✔"))) -> مرحل ✔ | J50: =IF(C50="","",IFERROR(INDEX('شجرة الحسابات'!$E$9:$E$208,MATCH(C50,'شجرة الحسابات'!$A$9:$A$208,0))&"","")) -> الأصول | K50: =IF(C50="","",IFERROR(INDEX('شجرة الحسابات'!$I$9:$I$208,MATCH(C50,'شجرة الحسابات'!$A$9:$A$208,0))&"","")) | L50: =IF(C50="","",IFERROR(INDEX('شجرة الحسابات'!$C$9:$C$208,MATCH(C50,'شجرة الحسابات'!$A$9:$A$208,0))&"","")) -> تحليلي | M50: =IF(AND(C50="",G50="",H50=""),"فارغ",IF(ISNA(MATCH(C50,'شجرة الحسابات'!$A$9:$A$208,0)),"حساب غير معرف",IF(L50<>"تحليلي","حساب تجميعي",IF(AND(N(G50)>0,N(H50)>0),"مدين ودائن معاً",IF(N(G50)+N(H50)=0,"بدون قيمة","OK"))))) -> OK | N50: =IF(AND(E50<>"",E50='كشف حساب مشروع'!$C$6,I50="مرحل ✔"),COUNTIFS($E$11:E50,'كشف حساب مشروع'!$C$6,$I$11:I50,"مرحل ✔"),"") | O50: =IF(AND(C50<>"",C50='دفتر الأستاذ'!$C$6,I50="مرحل ✔"),COUNTIFS($C$11:C50,'دفتر الأستاذ'!$C$6,$I$11:I50,"مرحل ✔"),"")
A51: 14 | B51: 46091 | C51: 4101 | D51: =IF(C51="","",IFERROR(INDEX('شجرة الحسابات'!$B$9:$B$208,MATCH(C51,'شجرة الحسابات'!$A$9:$A$208,0)),"⚠ حساب غير معرف")) -> إيرادات المستخلصات | E51: مجمع فلل النخيل السكني | F51: إجمالي مستخلص رقم 1 - فلل النخيل | H51: 900000 | I51: =IF(A51="",IF(M51="فارغ","","✖ بدون رقم قيد"),IF(COUNTIFS('قيود اليومية'!$A$11:$A$1010,A51,'قيود اليومية'!$M$11:$M$1010,"<>OK",'قيود اليومية'!$M$11:$M$1010,"<>فارغ")>0,"✖ خطأ بالحساب",IF(ROUND(SUMIFS('قيود اليومية'!$G$11:$G$1010,'قيود اليومية'!$A$11:$A$1010,A51)-SUMIFS('قيود اليومية'!$H$11:$H$1010,'قيود اليومية'!$A$11:$A$1010,A51),2)<>0,"✖ غير متوازن","مرحل ✔"))) -> مرحل ✔ | J51: =IF(C51="","",IFERROR(INDEX('شجرة الحسابات'!$E$9:$E$208,MATCH(C51,'شجرة الحسابات'!$A$9:$A$208,0))&"","")) -> الإيرادات | K51: =IF(C51="","",IFERROR(INDEX('شجرة الحسابات'!$I$9:$I$208,MATCH(C51,'شجرة الحسابات'!$A$9:$A$208,0))&"","")) | L51: =IF(C51="","",IFERROR(INDEX('شجرة الحسابات'!$C$9:$C$208,MATCH(C51,'شجرة الحسابات'!$A$9:$A$208,0))&"","")) -> تحليلي | M51: =IF(AND(C51="",G51="",H51=""),"فارغ",IF(ISNA(MATCH(C51,'شجرة الحسابات'!$A$9:$A$208,0)),"حساب غير معرف",IF(L51<>"تحليلي","حساب تجميعي",IF(AND(N(G51)>0,N(H51)>0),"مدين ودائن معاً",IF(N(G51)+N(H51)=0,"بدون قيمة","OK"))))) -> OK | N51: =IF(AND(E51<>"",E51='كشف حساب مشروع'!$C$6,I51="مرحل ✔"),COUNTIFS($E$11:E51,'كشف حساب مشروع'!$C$6,$I$11:I51,"مرحل ✔"),"") | O51: =IF(AND(C51<>"",C51='دفتر الأستاذ'!$C$6,I51="مرحل ✔"),COUNTIFS($C$11:C51,'دفتر الأستاذ'!$C$6,$I$11:I51,"مرحل ✔"),"")
A52: 15 | B52: 46096 | C52: 5101 | D52: =IF(C52="","",IFERROR(INDEX('شجرة الحسابات'!$B$9:$B$208,MATCH(C52,'شجرة الحسابات'!$A$9:$A$208,0)),"⚠ حساب غير معرف")) -> تكلفة المواد المستخدمة | E52: مجمع فلل النخيل السكني | F52: توريد طوب وأسمنت ومواد عزل | G52: 260000 | I52: =IF(A52="",IF(M52="فارغ","","✖ بدون رقم قيد"),IF(COUNTIFS('قيود اليومية'!$A$11:$A$1010,A52,'قيود اليومية'!$M$11:$M$1010,"<>OK",'قيود اليومية'!$M$11:$M$1010,"<>فارغ")>0,"✖ خطأ بالحساب",IF(ROUND(SUMIFS('قيود اليومية'!$G$11:$G$1010,'قيود اليومية'!$A$11:$A$1010,A52)-SUMIFS('قيود اليومية'!$H$11:$H$1010,'قيود اليومية'!$A$11:$A$1010,A52),2)<>0,"✖ غير متوازن","مرحل ✔"))) -> مرحل ✔ | J52: =IF(C52="","",IFERROR(INDEX('شجرة الحسابات'!$E$9:$E$208,MATCH(C52,'شجرة الحسابات'!$A$9:$A$208,0))&"","")) -> المصروفات | K52: =IF(C52="","",IFERROR(INDEX('شجرة الحسابات'!$I$9:$I$208,MATCH(C52,'شجرة الحسابات'!$A$9:$A$208,0))&"","")) -> مواد | L52: =IF(C52="","",IFERROR(INDEX('شجرة الحسابات'!$C$9:$C$208,MATCH(C52,'شجرة الحسابات'!$A$9:$A$208,0))&"","")) -> تحليلي | M52: =IF(AND(C52="",G52="",H52=""),"فارغ",IF(ISNA(MATCH(C52,'شجرة الحسابات'!$A$9:$A$208,0)),"حساب غير معرف",IF(L52<>"تحليلي","حساب تجميعي",IF(AND(N(G52)>0,N(H52)>0),"مدين ودائن معاً",IF(N(G52)+N(H52)=0,"بدون قيمة","OK"))))) -> OK | N52: =IF(AND(E52<>"",E52='كشف حساب مشروع'!$C$6,I52="مرحل ✔"),COUNTIFS($E$11:E52,'كشف حساب مشروع'!$C$6,$I$11:I52,"مرحل ✔"),"") | O52: =IF(AND(C52<>"",C52='دفتر الأستاذ'!$C$6,I52="مرحل ✔"),COUNTIFS($C$11:C52,'دفتر الأستاذ'!$C$6,$I$11:I52,"مرحل ✔"),"")
A53: 15 | B53: 46096 | C53: 2101 | D53: =IF(C53="","",IFERROR(INDEX('شجرة الحسابات'!$B$9:$B$208,MATCH(C53,'شجرة الحسابات'!$A$9:$A$208,0)),"⚠ حساب غير معرف")) -> الموردون | E53: مجمع فلل النخيل السكني | F53: مستحق للمورد - فاتورة مواد | H53: 260000 | I53: =IF(A53="",IF(M53="فارغ","","✖ بدون رقم قيد"),IF(COUNTIFS('قيود اليومية'!$A$11:$A$1010,A53,'قيود اليومية'!$M$11:$M$1010,"<>OK",'قيود اليومية'!$M$11:$M$1010,"<>فارغ")>0,"✖ خطأ بالحساب",IF(ROUND(SUMIFS('قيود اليومية'!$G$11:$G$1010,'قيود اليومية'!$A$11:$A$1010,A53)-SUMIFS('قيود اليومية'!$H$11:$H$1010,'قيود اليومية'!$A$11:$A$1010,A53),2)<>0,"✖ غير متوازن","مرحل ✔"))) -> مرحل ✔ | J53: =IF(C53="","",IFERROR(INDEX('شجرة الحسابات'!$E$9:$E$208,MATCH(C53,'شجرة الحسابات'!$A$9:$A$208,0))&"","")) -> الخصوم | K53: =IF(C53="","",IFERROR(INDEX('شجرة الحسابات'!$I$9:$I$208,MATCH(C53,'شجرة الحسابات'!$A$9:$A$208,0))&"","")) | L53: =IF(C53="","",IFERROR(INDEX('شجرة الحسابات'!$C$9:$C$208,MATCH(C53,'شجرة الحسابات'!$A$9:$A$208,0))&"","")) -> تحليلي | M53: =IF(AND(C53="",G53="",H53=""),"فارغ",IF(ISNA(MATCH(C53,'شجرة الحسابات'!$A$9:$A$208,0)),"حساب غير معرف",IF(L53<>"تحليلي","حساب تجميعي",IF(AND(N(G53)>0,N(H53)>0),"مدين ودائن معاً",IF(N(G53)+N(H53)=0,"بدون قيمة","OK"))))) -> OK | N53: =IF(AND(E53<>"",E53='كشف حساب مشروع'!$C$6,I53="مرحل ✔"),COUNTIFS($E$11:E53,'كشف حساب مشروع'!$C$6,$I$11:I53,"مرحل ✔"),"") | O53: =IF(AND(C53<>"",C53='دفتر الأستاذ'!$C$6,I53="مرحل ✔"),COUNTIFS($C$11:C53,'دفتر الأستاذ'!$C$6,$I$11:I53,"مرحل ✔"),"")
A54: 16 | B54: 46099 | C54: 2101 | D54: =IF(C54="","",IFERROR(INDEX('شجرة الحسابات'!$B$9:$B$208,MATCH(C54,'شجرة الحسابات'!$A$9:$A$208,0)),"⚠ حساب غير معرف")) -> الموردون | F54: سداد دفعة للموردين | G54: 500000 | I54: =IF(A54="",IF(M54="فارغ","","✖ بدون رقم قيد"),IF(COUNTIFS('قيود اليومية'!$A$11:$A$1010,A54,'قيود اليومية'!$M$11:$M$1010,"<>OK",'قيود اليومية'!$M$11:$M$1010,"<>فارغ")>0,"✖ خطأ بالحساب",IF(ROUND(SUMIFS('قيود اليومية'!$G$11:$G$1010,'قيود اليومية'!$A$11:$A$1010,A54)-SUMIFS('قيود اليومية'!$H$11:$H$1010,'قيود اليومية'!$A$11:$A$1010,A54),2)<>0,"✖ غير متوازن","مرحل ✔"))) -> مرحل ✔ | J54: =IF(C54="","",IFERROR(INDEX('شجرة الحسابات'!$E$9:$E$208,MATCH(C54,'شجرة الحسابات'!$A$9:$A$208,0))&"","")) -> الخصوم | K54: =IF(C54="","",IFERROR(INDEX('شجرة الحسابات'!$I$9:$I$208,MATCH(C54,'شجرة الحسابات'!$A$9:$A$208,0))&"","")) | L54: =IF(C54="","",IFERROR(INDEX('شجرة الحسابات'!$C$9:$C$208,MATCH(C54,'شجرة الحسابات'!$A$9:$A$208,0))&"","")) -> تحليلي | M54: =IF(AND(C54="",G54="",H54=""),"فارغ",IF(ISNA(MATCH(C54,'شجرة الحسابات'!$A$9:$A$208,0)),"حساب غير معرف",IF(L54<>"تحليلي","حساب تجميعي",IF(AND(N(G54)>0,N(H54)>0),"مدين ودائن معاً",IF(N(G54)+N(H54)=0,"بدون قيمة","OK"))))) -> OK | N54: =IF(AND(E54<>"",E54='كشف حساب مشروع'!$C$6,I54="مرحل ✔"),COUNTIFS($E$11:E54,'كشف حساب مشروع'!$C$6,$I$11:I54,"مرحل ✔"),"") | O54: =IF(AND(C54<>"",C54='دفتر الأستاذ'!$C$6,I54="مرحل ✔"),COUNTIFS($C$11:C54,'دفتر الأستاذ'!$C$6,$I$11:I54,"مرحل ✔"),"")
A55: 16 | B55: 46099 | C55: 1102 | D55: =IF(C55="","",IFERROR(INDEX('شجرة الحسابات'!$B$9:$B$208,MATCH(C55,'شجرة الحسابات'!$A$9:$A$208,0)),"⚠ حساب غير معرف")) -> البنك - الحساب الجاري | F55: سداد دفعة للموردين | H55: 500000 | I55: =IF(A55="",IF(M55="فارغ","","✖ بدون رقم قيد"),IF(COUNTIFS('قيود اليومية'!$A$11:$A$1010,A55,'قيود اليومية'!$M$11:$M$1010,"<>OK",'قيود اليومية'!$M$11:$M$1010,"<>فارغ")>0,"✖ خطأ بالحساب",IF(ROUND(SUMIFS('قيود اليومية'!$G$11:$G$1010,'قيود اليومية'!$A$11:$A$1010,A55)-SUMIFS('قيود اليومية'!$H$11:$H$1010,'قيود اليومية'!$A$11:$A$1010,A55),2)<>0,"✖ غير متوازن","مرحل ✔"))) -> مرحل ✔ | J55: =IF(C55="","",IFERROR(INDEX('شجرة الحسابات'!$E$9:$E$208,MATCH(C55,'شجرة الحسابات'!$A$9:$A$208,0))&"","")) -> الأصول | K55: =IF(C55="","",IFERROR(INDEX('شجرة الحسابات'!$I$9:$I$208,MATCH(C55,'شجرة الحسابات'!$A$9:$A$208,0))&"","")) | L55: =IF(C55="","",IFERROR(INDEX('شجرة الحسابات'!$C$9:$C$208,MATCH(C55,'شجرة الحسابات'!$A$9:$A$208,0))&"","")) -> تحليلي | M55: =IF(AND(C55="",G55="",H55=""),"فارغ",IF(ISNA(MATCH(C55,'شجرة الحسابات'!$A$9:$A$208,0)),"حساب غير معرف",IF(L55<>"تحليلي","حساب تجميعي",IF(AND(N(G55)>0,N(H55)>0),"مدين ودائن معاً",IF(N(G55)+N(H55)=0,"بدون قيمة","OK"))))) -> OK | N55: =IF(AND(E55<>"",E55='كشف حساب مشروع'!$C$6,I55="مرحل ✔"),COUNTIFS($E$11:E55,'كشف حساب مشروع'!$C$6,$I$11:I55,"مرحل ✔"),"") | O55: =IF(AND(C55<>"",C55='دفتر الأستاذ'!$C$6,I55="مرحل ✔"),COUNTIFS($C$11:C55,'دفتر الأستاذ'!$C$6,$I$11:I55,"مرحل ✔"),"") -> 10
A56: 17 | B56: 46101 | C56: 5103 | D56: =IF(C56="","",IFERROR(INDEX('شجرة الحسابات'!$B$9:$B$208,MATCH(C56,'شجرة الحسابات'!$A$9:$A$208,0)),"⚠ حساب غير معرف")) -> تكلفة مقاولي الباطن | E56: مجمع فلل النخيل السكني | F56: مستخلص مقاول باطن - أعمال السباكة | G56: 250000 | I56: =IF(A56="",IF(M56="فارغ","","✖ بدون رقم قيد"),IF(COUNTIFS('قيود اليومية'!$A$11:$A$1010,A56,'قيود اليومية'!$M$11:$M$1010,"<>OK",'قيود اليومية'!$M$11:$M$1010,"<>فارغ")>0,"✖ خطأ بالحساب",IF(ROUND(SUMIFS('قيود اليومية'!$G$11:$G$1010,'قيود اليومية'!$A$11:$A$1010,A56)-SUMIFS('قيود اليومية'!$H$11:$H$1010,'قيود اليومية'!$A$11:$A$1010,A56),2)<>0,"✖ غير متوازن","مرحل ✔"))) -> مرحل ✔ | J56: =IF(C56="","",IFERROR(INDEX('شجرة الحسابات'!$E$9:$E$208,MATCH(C56,'شجرة الحسابات'!$A$9:$A$208,0))&"","")) -> المصروفات | K56: =IF(C56="","",IFERROR(INDEX('شجرة الحسابات'!$I$9:$I$208,MATCH(C56,'شجرة الحسابات'!$A$9:$A$208,0))&"","")) -> مقاولو باطن | L56: =IF(C56="","",IFERROR(INDEX('شجرة الحسابات'!$C$9:$C$208,MATCH(C56,'شجرة الحسابات'!$A$9:$A$208,0))&"","")) -> تحليلي | M56: =IF(AND(C56="",G56="",H56=""),"فارغ",IF(ISNA(MATCH(C56,'شجرة الحسابات'!$A$9:$A$208,0)),"حساب غير معرف",IF(L56<>"تحليلي","حساب تجميعي",IF(AND(N(G56)>0,N(H56)>0),"مدين ودائن معاً",IF(N(G56)+N(H56)=0,"بدون قيمة","OK"))))) -> OK | N56: =IF(AND(E56<>"",E56='كشف حساب مشروع'!$C$6,I56="مرحل ✔"),COUNTIFS($E$11:E56,'كشف حساب مشروع'!$C$6,$I$11:I56,"مرحل ✔"),"") | O56: =IF(AND(C56<>"",C56='دفتر الأستاذ'!$C$6,I56="مرحل ✔"),COUNTIFS($C$11:C56,'دفتر الأستاذ'!$C$6,$I$11:I56,"مرحل ✔"),"")
A57: 17 | B57: 46101 | C57: 2103 | D57: =IF(C57="","",IFERROR(INDEX('شجرة الحسابات'!$B$9:$B$208,MATCH(C57,'شجرة الحسابات'!$A$9:$A$208,0)),"⚠ حساب غير معرف")) -> محتجزات ضمان مقاولي الباطن | E57: مجمع فلل النخيل السكني | F57: احتجاز ضمان 5% على مقاول الباطن | H57: 12500 | I57: =IF(A57="",IF(M57="فارغ","","✖ بدون رقم قيد"),IF(COUNTIFS('قيود اليومية'!$A$11:$A$1010,A57,'قيود اليومية'!$M$11:$M$1010,"<>OK",'قيود اليومية'!$M$11:$M$1010,"<>فارغ")>0,"✖ خطأ بالحساب",IF(ROUND(SUMIFS('قيود اليومية'!$G$11:$G$1010,'قيود اليومية'!$A$11:$A$1010,A57)-SUMIFS('قيود اليومية'!$H$11:$H$1010,'قيود اليومية'!$A$11:$A$1010,A57),2)<>0,"✖ غير متوازن","مرحل ✔"))) -> مرحل ✔ | J57: =IF(C57="","",IFERROR(INDEX('شجرة الحسابات'!$E$9:$E$208,MATCH(C57,'شجرة الحسابات'!$A$9:$A$208,0))&"","")) -> الخصوم | K57: =IF(C57="","",IFERROR(INDEX('شجرة الحسابات'!$I$9:$I$208,MATCH(C57,'شجرة الحسابات'!$A$9:$A$208,0))&"","")) | L57: =IF(C57="","",IFERROR(INDEX('شجرة الحسابات'!$C$9:$C$208,MATCH(C57,'شجرة الحسابات'!$A$9:$A$208,0))&"","")) -> تحليلي | M57: =IF(AND(C57="",G57="",H57=""),"فارغ",IF(ISNA(MATCH(C57,'شجرة الحسابات'!$A$9:$A$208,0)),"حساب غير معرف",IF(L57<>"تحليلي","حساب تجميعي",IF(AND(N(G57)>0,N(H57)>0),"مدين ودائن معاً",IF(N(G57)+N(H57)=0,"بدون قيمة","OK"))))) -> OK | N57: =IF(AND(E57<>"",E57='كشف حساب مشروع'!$C$6,I57="مرحل ✔"),COUNTIFS($E$11:E57,'كشف حساب مشروع'!$C$6,$I$11:I57,"مرحل ✔"),"") | O57: =IF(AND(C57<>"",C57='دفتر الأستاذ'!$C$6,I57="مرحل ✔"),COUNTIFS($C$11:C57,'دفتر الأستاذ'!$C$6,$I$11:I57,"مرحل ✔"),"")
A58: 17 | B58: 46101 | C58: 2102 | D58: =IF(C58="","",IFERROR(INDEX('شجرة الحسابات'!$B$9:$B$208,MATCH(C58,'شجرة الحسابات'!$A$9:$A$208,0)),"⚠ حساب غير معرف")) -> مقاولو الباطن | E58: مجمع فلل النخيل السكني | F58: صافي مستحق مقاول الباطن | H58: 237500 | I58: =IF(A58="",IF(M58="فارغ","","✖ بدون رقم قيد"),IF(COUNTIFS('قيود اليومية'!$A$11:$A$1010,A58,'قيود اليومية'!$M$11:$M$1010,"<>OK",'قيود اليومية'!$M$11:$M$1010,"<>فارغ")>0,"✖ خطأ بالحساب",IF(ROUND(SUMIFS('قيود اليومية'!$G$11:$G$1010,'قيود اليومية'!$A$11:$A$1010,A58)-SUMIFS('قيود اليومية'!$H$11:$H$1010,'قيود اليومية'!$A$11:$A$1010,A58),2)<>0,"✖ غير متوازن","مرحل ✔"))) -> مرحل ✔ | J58: =IF(C58="","",IFERROR(INDEX('شجرة الحسابات'!$E$9:$E$208,MATCH(C58,'شجرة الحسابات'!$A$9:$A$208,0))&"","")) -> الخصوم | K58: =IF(C58="","",IFERROR(INDEX('شجرة الحسابات'!$I$9:$I$208,MATCH(C58,'شجرة الحسابات'!$A$9:$A$208,0))&"","")) | L58: =IF(C58="","",IFERROR(INDEX('شجرة الحسابات'!$C$9:$C$208,MATCH(C58,'شجرة الحسابات'!$A$9:$A$208,0))&"","")) -> تحليلي | M58: =IF(AND(C58="",G58="",H58=""),"فارغ",IF(ISNA(MATCH(C58,'شجرة الحسابات'!$A$9:$A$208,0)),"حساب غير معرف",IF(L58<>"تحليلي","حساب تجميعي",IF(AND(N(G58)>0,N(H58)>0),"مدين ودائن معاً",IF(N(G58)+N(H58)=0,"بدون قيمة","OK"))))) -> OK | N58: =IF(AND(E58<>"",E58='كشف حساب مشروع'!$C$6,I58="مرحل ✔"),COUNTIFS($E$11:E58,'كشف حساب مشروع'!$C$6,$I$11:I58,"مرحل ✔"),"") | O58: =IF(AND(C58<>"",C58='دفتر الأستاذ'!$C$6,I58="مرحل ✔"),COUNTIFS($C$11:C58,'دفتر الأستاذ'!$C$6,$I$11:I58,"مرحل ✔"),"")
A59: 18 | B59: 46103 | C59: 2102 | D59: =IF(C59="","",IFERROR(INDEX('شجرة الحسابات'!$B$9:$B$208,MATCH(C59,'شجرة الحسابات'!$A$9:$A$208,0)),"⚠ حساب غير معرف")) -> مقاولو الباطن | F59: سداد دفعة لمقاولي الباطن | G59: 400000 | I59: =IF(A59="",IF(M59="فارغ","","✖ بدون رقم قيد"),IF(COUNTIFS('قيود اليومية'!$A$11:$A$1010,A59,'قيود اليومية'!$M$11:$M$1010,"<>OK",'قيود اليومية'!$M$11:$M$1010,"<>فارغ")>0,"✖ خطأ بالحساب",IF(ROUND(SUMIFS('قيود اليومية'!$G$11:$G$1010,'قيود اليومية'!$A$11:$A$1010,A59)-SUMIFS('قيود اليومية'!$H$11:$H$1010,'قيود اليومية'!$A$11:$A$1010,A59),2)<>0,"✖ غير متوازن","مرحل ✔"))) -> مرحل ✔ | J59: =IF(C59="","",IFERROR(INDEX('شجرة الحسابات'!$E$9:$E$208,MATCH(C59,'شجرة الحسابات'!$A$9:$A$208,0))&"","")) -> الخصوم | K59: =IF(C59="","",IFERROR(INDEX('شجرة الحسابات'!$I$9:$I$208,MATCH(C59,'شجرة الحسابات'!$A$9:$A$208,0))&"","")) | L59: =IF(C59="","",IFERROR(INDEX('شجرة الحسابات'!$C$9:$C$208,MATCH(C59,'شجرة الحسابات'!$A$9:$A$208,0))&"","")) -> تحليلي | M59: =IF(AND(C59="",G59="",H59=""),"فارغ",IF(ISNA(MATCH(C59,'شجرة الحسابات'!$A$9:$A$208,0)),"حساب غير معرف",IF(L59<>"تحليلي","حساب تجميعي",IF(AND(N(G59)>0,N(H59)>0),"مدين ودائن معاً",IF(N(G59)+N(H59)=0,"بدون قيمة","OK"))))) -> OK | N59: =IF(AND(E59<>"",E59='كشف حساب مشروع'!$C$6,I59="مرحل ✔"),COUNTIFS($E$11:E59,'كشف حساب مشروع'!$C$6,$I$11:I59,"مرحل ✔"),"") | O59: =IF(AND(C59<>"",C59='دفتر الأستاذ'!$C$6,I59="مرحل ✔"),COUNTIFS($C$11:C59,'دفتر الأستاذ'!$C$6,$I$11:I59,"مرحل ✔"),"")
A60: 18 | B60: 46103 | C60: 1102 | D60: =IF(C60="","",IFERROR(INDEX('شجرة الحسابات'!$B$9:$B$208,MATCH(C60,'شجرة الحسابات'!$A$9:$A$208,0)),"⚠ حساب غير معرف")) -> البنك - الحساب الجاري | F60: سداد دفعة لمقاولي الباطن | H60: 400000 | I60: =IF(A60="",IF(M60="فارغ","","✖ بدون رقم قيد"),IF(COUNTIFS('قيود اليومية'!$A$11:$A$1010,A60,'قيود اليومية'!$M$11:$M$1010,"<>OK",'قيود اليومية'!$M$11:$M$1010,"<>فارغ")>0,"✖ خطأ بالحساب",IF(ROUND(SUMIFS('قيود اليومية'!$G$11:$G$1010,'قيود اليومية'!$A$11:$A$1010,A60)-SUMIFS('قيود اليومية'!$H$11:$H$1010,'قيود اليومية'!$A$11:$A$1010,A60),2)<>0,"✖ غير متوازن","مرحل ✔"))) -> مرحل ✔ | J60: =IF(C60="","",IFERROR(INDEX('شجرة الحسابات'!$E$9:$E$208,MATCH(C60,'شجرة الحسابات'!$A$9:$A$208,0))&"","")) -> الأصول | K60: =IF(C60="","",IFERROR(INDEX('شجرة الحسابات'!$I$9:$I$208,MATCH(C60,'شجرة الحسابات'!$A$9:$A$208,0))&"","")) | L60: =IF(C60="","",IFERROR(INDEX('شجرة الحسابات'!$C$9:$C$208,MATCH(C60,'شجرة الحسابات'!$A$9:$A$208,0))&"","")) -> تحليلي | M60: =IF(AND(C60="",G60="",H60=""),"فارغ",IF(ISNA(MATCH(C60,'شجرة الحسابات'!$A$9:$A$208,0)),"حساب غير معرف",IF(L60<>"تحليلي","حساب تجميعي",IF(AND(N(G60)>0,N(H60)>0),"مدين ودائن معاً",IF(N(G60)+N(H60)=0,"بدون قيمة","OK"))))) -> OK | N60: =IF(AND(E60<>"",E60='كشف حساب مشروع'!$C$6,I60="مرحل ✔"),COUNTIFS($E$11:E60,'كشف حساب مشروع'!$C$6,$I$11:I60,"مرحل ✔"),"") | O60: =IF(AND(C60<>"",C60='دفتر الأستاذ'!$C$6,I60="مرحل ✔"),COUNTIFS($C$11:C60,'دفتر الأستاذ'!$C$6,$I$11:I60,"مرحل ✔"),"") -> 11
A61: 19 | B61: 46106 | C61: 1103 | D61: =IF(C61="","",IFERROR(INDEX('شجرة الحسابات'!$B$9:$B$208,MATCH(C61,'شجرة الحسابات'!$A$9:$A$208,0)),"⚠ حساب غير معرف")) -> عملاء المقاولات | E61: برج الريان التجاري | F61: أمر تغيير رقم 1 - أعمال إضافية بالواجهات | G61: 120000 | I61: =IF(A61="",IF(M61="فارغ","","✖ بدون رقم قيد"),IF(COUNTIFS('قيود اليومية'!$A$11:$A$1010,A61,'قيود اليومية'!$M$11:$M$1010,"<>OK",'قيود اليومية'!$M$11:$M$1010,"<>فارغ")>0,"✖ خطأ بالحساب",IF(ROUND(SUMIFS('قيود اليومية'!$G$11:$G$1010,'قيود اليومية'!$A$11:$A$1010,A61)-SUMIFS('قيود اليومية'!$H$11:$H$1010,'قيود اليومية'!$A$11:$A$1010,A61),2)<>0,"✖ غير متوازن","مرحل ✔"))) -> مرحل ✔ | J61: =IF(C61="","",IFERROR(INDEX('شجرة الحسابات'!$E$9:$E$208,MATCH(C61,'شجرة الحسابات'!$A$9:$A$208,0))&"","")) -> الأصول | K61: =IF(C61="","",IFERROR(INDEX('شجرة الحسابات'!$I$9:$I$208,MATCH(C61,'شجرة الحسابات'!$A$9:$A$208,0))&"","")) | L61: =IF(C61="","",IFERROR(INDEX('شجرة الحسابات'!$C$9:$C$208,MATCH(C61,'شجرة الحسابات'!$A$9:$A$208,0))&"","")) -> تحليلي | M61: =IF(AND(C61="",G61="",H61=""),"فارغ",IF(ISNA(MATCH(C61,'شجرة الحسابات'!$A$9:$A$208,0)),"حساب غير معرف",IF(L61<>"تحليلي","حساب تجميعي",IF(AND(N(G61)>0,N(H61)>0),"مدين ودائن معاً",IF(N(G61)+N(H61)=0,"بدون قيمة","OK"))))) -> OK | N61: =IF(AND(E61<>"",E61='كشف حساب مشروع'!$C$6,I61="مرحل ✔"),COUNTIFS($E$11:E61,'كشف حساب مشروع'!$C$6,$I$11:I61,"مرحل ✔"),"") -> 20 | O61: =IF(AND(C61<>"",C61='دفتر الأستاذ'!$C$6,I61="مرحل ✔"),COUNTIFS($C$11:C61,'دفتر الأستاذ'!$C$6,$I$11:I61,"مرحل ✔"),"")
A62: 19 | B62: 46106 | C62: 4102 | D62: =IF(C62="","",IFERROR(INDEX('شجرة الحسابات'!$B$9:$B$208,MATCH(C62,'شجرة الحسابات'!$A$9:$A$208,0)),"⚠ حساب غير معرف")) -> إيرادات أعمال إضافية وأوامر تغيير | E62: برج الريان التجاري | F62: أمر تغيير رقم 1 - أعمال إضافية بالواجهات | H62: 120000 | I62: =IF(A62="",IF(M62="فارغ","","✖ بدون رقم قيد"),IF(COUNTIFS('قيود اليومية'!$A$11:$A$1010,A62,'قيود اليومية'!$M$11:$M$1010,"<>OK",'قيود اليومية'!$M$11:$M$1010,"<>فارغ")>0,"✖ خطأ بالحساب",IF(ROUND(SUMIFS('قيود اليومية'!$G$11:$G$1010,'قيود اليومية'!$A$11:$A$1010,A62)-SUMIFS('قيود اليومية'!$H$11:$H$1010,'قيود اليومية'!$A$11:$A$1010,A62),2)<>0,"✖ غير متوازن","مرحل ✔"))) -> مرحل ✔ | J62: =IF(C62="","",IFERROR(INDEX('شجرة الحسابات'!$E$9:$E$208,MATCH(C62,'شجرة الحسابات'!$A$9:$A$208,0))&"","")) -> الإيرادات | K62: =IF(C62="","",IFERROR(INDEX('شجرة الحسابات'!$I$9:$I$208,MATCH(C62,'شجرة الحسابات'!$A$9:$A$208,0))&"","")) | L62: =IF(C62="","",IFERROR(INDEX('شجرة الحسابات'!$C$9:$C$208,MATCH(C62,'شجرة الحسابات'!$A$9:$A$208,0))&"","")) -> تحليلي | M62: =IF(AND(C62="",G62="",H62=""),"فارغ",IF(ISNA(MATCH(C62,'شجرة الحسابات'!$A$9:$A$208,0)),"حساب غير معرف",IF(L62<>"تحليلي","حساب تجميعي",IF(AND(N(G62)>0,N(H62)>0),"مدين ودائن معاً",IF(N(G62)+N(H62)=0,"بدون قيمة","OK"))))) -> OK | N62: =IF(AND(E62<>"",E62='كشف حساب مشروع'!$C$6,I62="مرحل ✔"),COUNTIFS($E$11:E62,'كشف حساب مشروع'!$C$6,$I$11:I62,"مرحل ✔"),"") -> 21 | O62: =IF(AND(C62<>"",C62='دفتر الأستاذ'!$C$6,I62="مرحل ✔"),COUNTIFS($C$11:C62,'دفتر الأستاذ'!$C$6,$I$11:I62,"مرحل ✔"),"")
A63: 20 | B63: 46107 | C63: 1102 | D63: =IF(C63="","",IFERROR(INDEX('شجرة الحسابات'!$B$9:$B$208,MATCH(C63,'شجرة الحسابات'!$A$9:$A$208,0)),"⚠ حساب غير معرف")) -> البنك - الحساب الجاري | E63: مجمع فلل النخيل السكني | F63: تحصيل جزئي من المستخلص رقم 1 | G63: 500000 | I63: =IF(A63="",IF(M63="فارغ","","✖ بدون رقم قيد"),IF(COUNTIFS('قيود اليومية'!$A$11:$A$1010,A63,'قيود اليومية'!$M$11:$M$1010,"<>OK",'قيود اليومية'!$M$11:$M$1010,"<>فارغ")>0,"✖ خطأ بالحساب",IF(ROUND(SUMIFS('قيود اليومية'!$G$11:$G$1010,'قيود اليومية'!$A$11:$A$1010,A63)-SUMIFS('قيود اليومية'!$H$11:$H$1010,'قيود اليومية'!$A$11:$A$1010,A63),2)<>0,"✖ غير متوازن","مرحل ✔"))) -> مرحل ✔ | J63: =IF(C63="","",IFERROR(INDEX('شجرة الحسابات'!$E$9:$E$208,MATCH(C63,'شجرة الحسابات'!$A$9:$A$208,0))&"","")) -> الأصول | K63: =IF(C63="","",IFERROR(INDEX('شجرة الحسابات'!$I$9:$I$208,MATCH(C63,'شجرة الحسابات'!$A$9:$A$208,0))&"","")) | L63: =IF(C63="","",IFERROR(INDEX('شجرة الحسابات'!$C$9:$C$208,MATCH(C63,'شجرة الحسابات'!$A$9:$A$208,0))&"","")) -> تحليلي | M63: =IF(AND(C63="",G63="",H63=""),"فارغ",IF(ISNA(MATCH(C63,'شجرة الحسابات'!$A$9:$A$208,0)),"حساب غير معرف",IF(L63<>"تحليلي","حساب تجميعي",IF(AND(N(G63)>0,N(H63)>0),"مدين ودائن معاً",IF(N(G63)+N(H63)=0,"بدون قيمة","OK"))))) -> OK | N63: =IF(AND(E63<>"",E63='كشف حساب مشروع'!$C$6,I63="مرحل ✔"),COUNTIFS($E$11:E63,'كشف حساب مشروع'!$C$6,$I$11:I63,"مرحل ✔"),"") | O63: =IF(AND(C63<>"",C63='دفتر الأستاذ'!$C$6,I63="مرحل ✔"),COUNTIFS($C$11:C63,'دفتر الأستاذ'!$C$6,$I$11:I63,"مرحل ✔"),"") -> 12
A64: 20 | B64: 46107 | C64: 1103 | D64: =IF(C64="","",IFERROR(INDEX('شجرة الحسابات'!$B$9:$B$208,MATCH(C64,'شجرة الحسابات'!$A$9:$A$208,0)),"⚠ حساب غير معرف")) -> عملاء المقاولات | E64: مجمع فلل النخيل السكني | F64: تحصيل جزئي من المستخلص رقم 1 | H64: 500000 | I64: =IF(A64="",IF(M64="فارغ","","✖ بدون رقم قيد"),IF(COUNTIFS('قيود اليومية'!$A$11:$A$1010,A64,'قيود اليومية'!$M$11:$M$1010,"<>OK",'قيود اليومية'!$M$11:$M$1010,"<>فارغ")>0,"✖ خطأ بالحساب",IF(ROUND(SUMIFS('قيود اليومية'!$G$11:$G$1010,'قيود اليومية'!$A$11:$A$1010,A64)-SUMIFS('قيود اليومية'!$H$11:$H$1010,'قيود اليومية'!$A$11:$A$1010,A64),2)<>0,"✖ غير متوازن","مرحل ✔"))) -> مرحل ✔ | J64: =IF(C64="","",IFERROR(INDEX('شجرة الحسابات'!$E$9:$E$208,MATCH(C64,'شجرة الحسابات'!$A$9:$A$208,0))&"","")) -> الأصول | K64: =IF(C64="","",IFERROR(INDEX('شجرة الحسابات'!$I$9:$I$208,MATCH(C64,'شجرة الحسابات'!$A$9:$A$208,0))&"","")) | L64: =IF(C64="","",IFERROR(INDEX('شجرة الحسابات'!$C$9:$C$208,MATCH(C64,'شجرة الحسابات'!$A$9:$A$208,0))&"","")) -> تحليلي | M64: =IF(AND(C64="",G64="",H64=""),"فارغ",IF(ISNA(MATCH(C64,'شجرة الحسابات'!$A$9:$A$208,0)),"حساب غير معرف",IF(L64<>"تحليلي","حساب تجميعي",IF(AND(N(G64)>0,N(H64)>0),"مدين ودائن معاً",IF(N(G64)+N(H64)=0,"بدون قيمة","OK"))))) -> OK | N64: =IF(AND(E64<>"",E64='كشف حساب مشروع'!$C$6,I64="مرحل ✔"),COUNTIFS($E$11:E64,'كشف حساب مشروع'!$C$6,$I$11:I64,"مرحل ✔"),"") | O64: =IF(AND(C64<>"",C64='دفتر الأستاذ'!$C$6,I64="مرحل ✔"),COUNTIFS($C$11:C64,'دفتر الأستاذ'!$C$6,$I$11:I64,"مرحل ✔"),"")
A65: 21 | B65: 46109 | C65: 1108 | D65: =IF(C65="","",IFERROR(INDEX('شجرة الحسابات'!$B$9:$B$208,MATCH(C65,'شجرة الحسابات'!$A$9:$A$208,0)),"⚠ حساب غير معرف")) -> مشروعات تحت التنفيذ | E65: توسعة مستشفى الشفاء | F65: تكاليف تجهيز الموقع قبل بدء الاعتراف بالإيراد | G65: 95000 | I65: =IF(A65="",IF(M65="فارغ","","✖ بدون رقم قيد"),IF(COUNTIFS('قيود اليومية'!$A$11:$A$1010,A65,'قيود اليومية'!$M$11:$M$1010,"<>OK",'قيود اليومية'!$M$11:$M$1010,"<>فارغ")>0,"✖ خطأ بالحساب",IF(ROUND(SUMIFS('قيود اليومية'!$G$11:$G$1010,'قيود اليومية'!$A$11:$A$1010,A65)-SUMIFS('قيود اليومية'!$H$11:$H$1010,'قيود اليومية'!$A$11:$A$1010,A65),2)<>0,"✖ غير متوازن","مرحل ✔"))) -> مرحل ✔ | J65: =IF(C65="","",IFERROR(INDEX('شجرة الحسابات'!$E$9:$E$208,MATCH(C65,'شجرة الحسابات'!$A$9:$A$208,0))&"","")) -> الأصول | K65: =IF(C65="","",IFERROR(INDEX('شجرة الحسابات'!$I$9:$I$208,MATCH(C65,'شجرة الحسابات'!$A$9:$A$208,0))&"","")) | L65: =IF(C65="","",IFERROR(INDEX('شجرة الحسابات'!$C$9:$C$208,MATCH(C65,'شجرة الحسابات'!$A$9:$A$208,0))&"","")) -> تحليلي | M65: =IF(AND(C65="",G65="",H65=""),"فارغ",IF(ISNA(MATCH(C65,'شجرة الحسابات'!$A$9:$A$208,0)),"حساب غير معرف",IF(L65<>"تحليلي","حساب تجميعي",IF(AND(N(G65)>0,N(H65)>0),"مدين ودائن معاً",IF(N(G65)+N(H65)=0,"بدون قيمة","OK"))))) -> OK | N65: =IF(AND(E65<>"",E65='كشف حساب مشروع'!$C$6,I65="مرحل ✔"),COUNTIFS($E$11:E65,'كشف حساب مشروع'!$C$6,$I$11:I65,"مرحل ✔"),"") | O65: =IF(AND(C65<>"",C65='دفتر الأستاذ'!$C$6,I65="مرحل ✔"),COUNTIFS($C$11:C65,'دفتر الأستاذ'!$C$6,$I$11:I65,"مرحل ✔"),"")
A66: 21 | B66: 46109 | C66: 1102 | D66: =IF(C66="","",IFERROR(INDEX('شجرة الحسابات'!$B$9:$B$208,MATCH(C66,'شجرة الحسابات'!$A$9:$A$208,0)),"⚠ حساب غير معرف")) -> البنك - الحساب الجاري | E66: توسعة مستشفى الشفاء | F66: تكاليف تجهيز الموقع قبل بدء الاعتراف بالإيراد | H66: 95000 | I66: =IF(A66="",IF(M66="فارغ","","✖ بدون رقم قيد"),IF(COUNTIFS('قيود اليومية'!$A$11:$A$1010,A66,'قيود اليومية'!$M$11:$M$1010,"<>OK",'قيود اليومية'!$M$11:$M$1010,"<>فارغ")>0,"✖ خطأ بالحساب",IF(ROUND(SUMIFS('قيود اليومية'!$G$11:$G$1010,'قيود اليومية'!$A$11:$A$1010,A66)-SUMIFS('قيود اليومية'!$H$11:$H$1010,'قيود اليومية'!$A$11:$A$1010,A66),2)<>0,"✖ غير متوازن","مرحل ✔"))) -> مرحل ✔ | J66: =IF(C66="","",IFERROR(INDEX('شجرة الحسابات'!$E$9:$E$208,MATCH(C66,'شجرة الحسابات'!$A$9:$A$208,0))&"","")) -> الأصول | K66: =IF(C66="","",IFERROR(INDEX('شجرة الحسابات'!$I$9:$I$208,MATCH(C66,'شجرة الحسابات'!$A$9:$A$208,0))&"","")) | L66: =IF(C66="","",IFERROR(INDEX('شجرة الحسابات'!$C$9:$C$208,MATCH(C66,'شجرة الحسابات'!$A$9:$A$208,0))&"","")) -> تحليلي | M66: =IF(AND(C66="",G66="",H66=""),"فارغ",IF(ISNA(MATCH(C66,'شجرة الحسابات'!$A$9:$A$208,0)),"حساب غير معرف",IF(L66<>"تحليلي","حساب تجميعي",IF(AND(N(G66)>0,N(H66)>0),"مدين ودائن معاً",IF(N(G66)+N(H66)=0,"بدون قيمة","OK"))))) -> OK | N66: =IF(AND(E66<>"",E66='كشف حساب مشروع'!$C$6,I66="مرحل ✔"),COUNTIFS($E$11:E66,'كشف حساب مشروع'!$C$6,$I$11:I66,"مرحل ✔"),"") | O66: =IF(AND(C66<>"",C66='دفتر الأستاذ'!$C$6,I66="مرحل ✔"),COUNTIFS($C$11:C66,'دفتر الأستاذ'!$C$6,$I$11:I66,"مرحل ✔"),"") -> 13
A67: 22 | B67: 46110 | C67: 1101 | D67: =IF(C67="","",IFERROR(INDEX('شجرة الحسابات'!$B$9:$B$208,MATCH(C67,'شجرة الحسابات'!$A$9:$A$208,0)),"⚠ حساب غير معرف")) -> الصندوق (النقدية بالخزينة) | E67: برج الريان التجاري | F67: بيع خردة حديد من الموقع | G67: 8000 | I67: =IF(A67="",IF(M67="فارغ","","✖ بدون رقم قيد"),IF(COUNTIFS('قيود اليومية'!$A$11:$A$1010,A67,'قيود اليومية'!$M$11:$M$1010,"<>OK",'قيود اليومية'!$M$11:$M$1010,"<>فارغ")>0,"✖ خطأ بالحساب",IF(ROUND(SUMIFS('قيود اليومية'!$G$11:$G$1010,'قيود اليومية'!$A$11:$A$1010,A67)-SUMIFS('قيود اليومية'!$H$11:$H$1010,'قيود اليومية'!$A$11:$A$1010,A67),2)<>0,"✖ غير متوازن","مرحل ✔"))) -> مرحل ✔ | J67: =IF(C67="","",IFERROR(INDEX('شجرة الحسابات'!$E$9:$E$208,MATCH(C67,'شجرة الحسابات'!$A$9:$A$208,0))&"","")) -> الأصول | K67: =IF(C67="","",IFERROR(INDEX('شجرة الحسابات'!$I$9:$I$208,MATCH(C67,'شجرة الحسابات'!$A$9:$A$208,0))&"","")) | L67: =IF(C67="","",IFERROR(INDEX('شجرة الحسابات'!$C$9:$C$208,MATCH(C67,'شجرة الحسابات'!$A$9:$A$208,0))&"","")) -> تحليلي | M67: =IF(AND(C67="",G67="",H67=""),"فارغ",IF(ISNA(MATCH(C67,'شجرة الحسابات'!$A$9:$A$208,0)),"حساب غير معرف",IF(L67<>"تحليلي","حساب تجميعي",IF(AND(N(G67)>0,N(H67)>0),"مدين ودائن معاً",IF(N(G67)+N(H67)=0,"بدون قيمة","OK"))))) -> OK | N67: =IF(AND(E67<>"",E67='كشف حساب مشروع'!$C$6,I67="مرحل ✔"),COUNTIFS($E$11:E67,'كشف حساب مشروع'!$C$6,$I$11:I67,"مرحل ✔"),"") -> 22 | O67: =IF(AND(C67<>"",C67='دفتر الأستاذ'!$C$6,I67="مرحل ✔"),COUNTIFS($C$11:C67,'دفتر الأستاذ'!$C$6,$I$11:I67,"مرحل ✔"),"")
A68: 22 | B68: 46110 | C68: 4201 | D68: =IF(C68="","",IFERROR(INDEX('شجرة الحسابات'!$B$9:$B$208,MATCH(C68,'شجرة الحسابات'!$A$9:$A$208,0)),"⚠ حساب غير معرف")) -> إيرادات متنوعة (بيع خردة ومخلفات) | E68: برج الريان التجاري | F68: بيع خردة حديد من الموقع | H68: 8000 | I68: =IF(A68="",IF(M68="فارغ","","✖ بدون رقم قيد"),IF(COUNTIFS('قيود اليومية'!$A$11:$A$1010,A68,'قيود اليومية'!$M$11:$M$1010,"<>OK",'قيود اليومية'!$M$11:$M$1010,"<>فارغ")>0,"✖ خطأ بالحساب",IF(ROUND(SUMIFS('قيود اليومية'!$G$11:$G$1010,'قيود اليومية'!$A$11:$A$1010,A68)-SUMIFS('قيود اليومية'!$H$11:$H$1010,'قيود اليومية'!$A$11:$A$1010,A68),2)<>0,"✖ غير متوازن","مرحل ✔"))) -> مرحل ✔ | J68: =IF(C68="","",IFERROR(INDEX('شجرة الحسابات'!$E$9:$E$208,MATCH(C68,'شجرة الحسابات'!$A$9:$A$208,0))&"","")) -> الإيرادات | K68: =IF(C68="","",IFERROR(INDEX('شجرة الحسابات'!$I$9:$I$208,MATCH(C68,'شجرة الحسابات'!$A$9:$A$208,0))&"","")) | L68: =IF(C68="","",IFERROR(INDEX('شجرة الحسابات'!$C$9:$C$208,MATCH(C68,'شجرة الحسابات'!$A$9:$A$208,0))&"","")) -> تحليلي | M68: =IF(AND(C68="",G68="",H68=""),"فارغ",IF(ISNA(MATCH(C68,'شجرة الحسابات'!$A$9:$A$208,0)),"حساب غير معرف",IF(L68<>"تحليلي","حساب تجميعي",IF(AND(N(G68)>0,N(H68)>0),"مدين ودائن معاً",IF(N(G68)+N(H68)=0,"بدون قيمة","OK"))))) -> OK | N68: =IF(AND(E68<>"",E68='كشف حساب مشروع'!$C$6,I68="مرحل ✔"),COUNTIFS($E$11:E68,'كشف حساب مشروع'!$C$6,$I$11:I68,"مرحل ✔"),"") -> 23 | O68: =IF(AND(C68<>"",C68='دفتر الأستاذ'!$C$6,I68="مرحل ✔"),COUNTIFS($C$11:C68,'دفتر الأستاذ'!$C$6,$I$11:I68,"مرحل ✔"),"")
A69: 23 | B69: 46112 | C69: 6102 | D69: =IF(C69="","",IFERROR(INDEX('شجرة الحسابات'!$B$9:$B$208,MATCH(C69,'شجرة الحسابات'!$A$9:$A$208,0)),"⚠ حساب غير معرف")) -> إيجار المكتب الرئيسي | F69: إيجار المكتب الرئيسي - الربع الأول | G69: 45000 | I69: =IF(A69="",IF(M69="فارغ","","✖ بدون رقم قيد"),IF(COUNTIFS('قيود اليومية'!$A$11:$A$1010,A69,'قيود اليومية'!$M$11:$M$1010,"<>OK",'قيود اليومية'!$M$11:$M$1010,"<>فارغ")>0,"✖ خطأ بالحساب",IF(ROUND(SUMIFS('قيود اليومية'!$G$11:$G$1010,'قيود اليومية'!$A$11:$A$1010,A69)-SUMIFS('قيود اليومية'!$H$11:$H$1010,'قيود اليومية'!$A$11:$A$1010,A69),2)<>0,"✖ غير متوازن","مرحل ✔"))) -> مرحل ✔ | J69: =IF(C69="","",IFERROR(INDEX('شجرة الحسابات'!$E$9:$E$208,MATCH(C69,'شجرة الحسابات'!$A$9:$A$208,0))&"","")) -> المصروفات | K69: =IF(C69="","",IFERROR(INDEX('شجرة الحسابات'!$I$9:$I$208,MATCH(C69,'شجرة الحسابات'!$A$9:$A$208,0))&"","")) | L69: =IF(C69="","",IFERROR(INDEX('شجرة الحسابات'!$C$9:$C$208,MATCH(C69,'شجرة الحسابات'!$A$9:$A$208,0))&"","")) -> تحليلي | M69: =IF(AND(C69="",G69="",H69=""),"فارغ",IF(ISNA(MATCH(C69,'شجرة الحسابات'!$A$9:$A$208,0)),"حساب غير معرف",IF(L69<>"تحليلي","حساب تجميعي",IF(AND(N(G69)>0,N(H69)>0),"مدين ودائن معاً",IF(N(G69)+N(H69)=0,"بدون قيمة","OK"))))) -> OK | N69: =IF(AND(E69<>"",E69='كشف حساب مشروع'!$C$6,I69="مرحل ✔"),COUNTIFS($E$11:E69,'كشف حساب مشروع'!$C$6,$I$11:I69,"مرحل ✔"),"") | O69: =IF(AND(C69<>"",C69='دفتر الأستاذ'!$C$6,I69="مرحل ✔"),COUNTIFS($C$11:C69,'دفتر الأستاذ'!$C$6,$I$11:I69,"مرحل ✔"),"")
A70: 23 | B70: 46112 | C70: 6103 | D70: =IF(C70="","",IFERROR(INDEX('شجرة الحسابات'!$B$9:$B$208,MATCH(C70,'شجرة الحسابات'!$A$9:$A$208,0)),"⚠ حساب غير معرف")) -> كهرباء ومياه واتصالات | F70: فواتير كهرباء ومياه واتصالات | G70: 12500 | I70: =IF(A70="",IF(M70="فارغ","","✖ بدون رقم قيد"),IF(COUNTIFS('قيود اليومية'!$A$11:$A$1010,A70,'قيود اليومية'!$M$11:$M$1010,"<>OK",'قيود اليومية'!$M$11:$M$1010,"<>فارغ")>0,"✖ خطأ بالحساب",IF(ROUND(SUMIFS('قيود اليومية'!$G$11:$G$1010,'قيود اليومية'!$A$11:$A$1010,A70)-SUMIFS('قيود اليومية'!$H$11:$H$1010,'قيود اليومية'!$A$11:$A$1010,A70),2)<>0,"✖ غير متوازن","مرحل ✔"))) -> مرحل ✔ | J70: =IF(C70="","",IFERROR(INDEX('شجرة الحسابات'!$E$9:$E$208,MATCH(C70,'شجرة الحسابات'!$A$9:$A$208,0))&"","")) -> المصروفات | K70: =IF(C70="","",IFERROR(INDEX('شجرة الحسابات'!$I$9:$I$208,MATCH(C70,'شجرة الحسابات'!$A$9:$A$208,0))&"","")) | L70: =IF(C70="","",IFERROR(INDEX('شجرة الحسابات'!$C$9:$C$208,MATCH(C70,'شجرة الحسابات'!$A$9:$A$208,0))&"","")) -> تحليلي | M70: =IF(AND(C70="",G70="",H70=""),"فارغ",IF(ISNA(MATCH(C70,'شجرة الحسابات'!$A$9:$A$208,0)),"حساب غير معرف",IF(L70<>"تحليلي","حساب تجميعي",IF(AND(N(G70)>0,N(H70)>0),"مدين ودائن معاً",IF(N(G70)+N(H70)=0,"بدون قيمة","OK"))))) -> OK | N70: =IF(AND(E70<>"",E70='كشف حساب مشروع'!$C$6,I70="مرحل ✔"),COUNTIFS($E$11:E70,'كشف حساب مشروع'!$C$6,$I$11:I70,"مرحل ✔"),"") | O70: =IF(AND(C70<>"",C70='دفتر الأستاذ'!$C$6,I70="مرحل ✔"),COUNTIFS($C$11:C70,'دفتر الأستاذ'!$C$6,$I$11:I70,"مرحل ✔"),"")
A71: 23 | B71: 46112 | C71: 6105 | D71: =IF(C71="","",IFERROR(INDEX('شجرة الحسابات'!$B$9:$B$208,MATCH(C71,'شجرة الحسابات'!$A$9:$A$208,0)),"⚠ حساب غير معرف")) -> مصاريف وعمولات بنكية | F71: عمولات ومصاريف بنكية | G71: 3200 | I71: =IF(A71="",IF(M71="فارغ","","✖ بدون رقم قيد"),IF(COUNTIFS('قيود اليومية'!$A$11:$A$1010,A71,'قيود اليومية'!$M$11:$M$1010,"<>OK",'قيود اليومية'!$M$11:$M$1010,"<>فارغ")>0,"✖ خطأ بالحساب",IF(ROUND(SUMIFS('قيود اليومية'!$G$11:$G$1010,'قيود اليومية'!$A$11:$A$1010,A71)-SUMIFS('قيود اليومية'!$H$11:$H$1010,'قيود اليومية'!$A$11:$A$1010,A71),2)<>0,"✖ غير متوازن","مرحل ✔"))) -> مرحل ✔ | J71: =IF(C71="","",IFERROR(INDEX('شجرة الحسابات'!$E$9:$E$208,MATCH(C71,'شجرة الحسابات'!$A$9:$A$208,0))&"","")) -> المصروفات | K71: =IF(C71="","",IFERROR(INDEX('شجرة الحسابات'!$I$9:$I$208,MATCH(C71,'شجرة الحسابات'!$A$9:$A$208,0))&"","")) | L71: =IF(C71="","",IFERROR(INDEX('شجرة الحسابات'!$C$9:$C$208,MATCH(C71,'شجرة الحسابات'!$A$9:$A$208,0))&"","")) -> تحليلي | M71: =IF(AND(C71="",G71="",H71=""),"فارغ",IF(ISNA(MATCH(C71,'شجرة الحسابات'!$A$9:$A$208,0)),"حساب غير معرف",IF(L71<>"تحليلي","حساب تجميعي",IF(AND(N(G71)>0,N(H71)>0),"مدين ودائن معاً",IF(N(G71)+N(H71)=0,"بدون قيمة","OK"))))) -> OK | N71: =IF(AND(E71<>"",E71='كشف حساب مشروع'!$C$6,I71="مرحل ✔"),COUNTIFS($E$11:E71,'كشف حساب مشروع'!$C$6,$I$11:I71,"مرحل ✔"),"") | O71: =IF(AND(C71<>"",C71='دفتر الأستاذ'!$C$6,I71="مرحل ✔"),COUNTIFS($C$11:C71,'دفتر الأستاذ'!$C$6,$I$11:I71,"مرحل ✔"),"")
A72: 23 | B72: 46112 | C72: 1102 | D72: =IF(C72="","",IFERROR(INDEX('شجرة الحسابات'!$B$9:$B$208,MATCH(C72,'شجرة الحسابات'!$A$9:$A$208,0)),"⚠ حساب غير معرف")) -> البنك - الحساب الجاري | F72: سداد مصاريف إدارية | H72: 48200 | I72: =IF(A72="",IF(M72="فارغ","","✖ بدون رقم قيد"),IF(COUNTIFS('قيود اليومية'!$A$11:$A$1010,A72,'قيود اليومية'!$M$11:$M$1010,"<>OK",'قيود اليومية'!$M$11:$M$1010,"<>فارغ")>0,"✖ خطأ بالحساب",IF(ROUND(SUMIFS('قيود اليومية'!$G$11:$G$1010,'قيود اليومية'!$A$11:$A$1010,A72)-SUMIFS('قيود اليومية'!$H$11:$H$1010,'قيود اليومية'!$A$11:$A$1010,A72),2)<>0,"✖ غير متوازن","مرحل ✔"))) -> مرحل ✔ | J72: =IF(C72="","",IFERROR(INDEX('شجرة الحسابات'!$E$9:$E$208,MATCH(C72,'شجرة الحسابات'!$A$9:$A$208,0))&"","")) -> الأصول | K72: =IF(C72="","",IFERROR(INDEX('شجرة الحسابات'!$I$9:$I$208,MATCH(C72,'شجرة الحسابات'!$A$9:$A$208,0))&"","")) | L72: =IF(C72="","",IFERROR(INDEX('شجرة الحسابات'!$C$9:$C$208,MATCH(C72,'شجرة الحسابات'!$A$9:$A$208,0))&"","")) -> تحليلي | M72: =IF(AND(C72="",G72="",H72=""),"فارغ",IF(ISNA(MATCH(C72,'شجرة الحسابات'!$A$9:$A$208,0)),"حساب غير معرف",IF(L72<>"تحليلي","حساب تجميعي",IF(AND(N(G72)>0,N(H72)>0),"مدين ودائن معاً",IF(N(G72)+N(H72)=0,"بدون قيمة","OK"))))) -> OK | N72: =IF(AND(E72<>"",E72='كشف حساب مشروع'!$C$6,I72="مرحل ✔"),COUNTIFS($E$11:E72,'كشف حساب مشروع'!$C$6,$I$11:I72,"مرحل ✔"),"") | O72: =IF(AND(C72<>"",C72='دفتر الأستاذ'!$C$6,I72="مرحل ✔"),COUNTIFS($C$11:C72,'دفتر الأستاذ'!$C$6,$I$11:I72,"مرحل ✔"),"") -> 14
A73: 23 | B73: 46112 | C73: 1101 | D73: =IF(C73="","",IFERROR(INDEX('شجرة الحسابات'!$B$9:$B$208,MATCH(C73,'شجرة الحسابات'!$A$9:$A$208,0)),"⚠ حساب غير معرف")) -> الصندوق (النقدية بالخزينة) | F73: سداد مصاريف إدارية | H73: 12500 | I73: =IF(A73="",IF(M73="فارغ","","✖ بدون رقم قيد"),IF(COUNTIFS('قيود اليومية'!$A$11:$A$1010,A73,'قيود اليومية'!$M$11:$M$1010,"<>OK",'قيود اليومية'!$M$11:$M$1010,"<>فارغ")>0,"✖ خطأ بالحساب",IF(ROUND(SUMIFS('قيود اليومية'!$G$11:$G$1010,'قيود اليومية'!$A$11:$A$1010,A73)-SUMIFS('قيود اليومية'!$H$11:$H$1010,'قيود اليومية'!$A$11:$A$1010,A73),2)<>0,"✖ غير متوازن","مرحل ✔"))) -> مرحل ✔ | J73: =IF(C73="","",IFERROR(INDEX('شجرة الحسابات'!$E$9:$E$208,MATCH(C73,'شجرة الحسابات'!$A$9:$A$208,0))&"","")) -> الأصول | K73: =IF(C73="","",IFERROR(INDEX('شجرة الحسابات'!$I$9:$I$208,MATCH(C73,'شجرة الحسابات'!$A$9:$A$208,0))&"","")) | L73: =IF(C73="","",IFERROR(INDEX('شجرة الحسابات'!$C$9:$C$208,MATCH(C73,'شجرة الحسابات'!$A$9:$A$208,0))&"","")) -> تحليلي | M73: =IF(AND(C73="",G73="",H73=""),"فارغ",IF(ISNA(MATCH(C73,'شجرة الحسابات'!$A$9:$A$208,0)),"حساب غير معرف",IF(L73<>"تحليلي","حساب تجميعي",IF(AND(N(G73)>0,N(H73)>0),"مدين ودائن معاً",IF(N(G73)+N(H73)=0,"بدون قيمة","OK"))))) -> OK | N73: =IF(AND(E73<>"",E73='كشف حساب مشروع'!$C$6,I73="مرحل ✔"),COUNTIFS($E$11:E73,'كشف حساب مشروع'!$C$6,$I$11:I73,"مرحل ✔"),"") | O73: =IF(AND(C73<>"",C73='دفتر الأستاذ'!$C$6,I73="مرحل ✔"),COUNTIFS($C$11:C73,'دفتر الأستاذ'!$C$6,$I$11:I73,"مرحل ✔"),"")
A74: 24 | B74: 46112 | C74: 5106 | D74: =IF(C74="","",IFERROR(INDEX('شجرة الحسابات'!$B$9:$B$208,MATCH(C74,'شجرة الحسابات'!$A$9:$A$208,0)),"⚠ حساب غير معرف")) -> إهلاك معدات المشروعات | E74: برج الريان التجاري | F74: إهلاك معدات مخصصة للمشروع | G74: 20000 | I74: =IF(A74="",IF(M74="فارغ","","✖ بدون رقم قيد"),IF(COUNTIFS('قيود اليومية'!$A$11:$A$1010,A74,'قيود اليومية'!$M$11:$M$1010,"<>OK",'قيود اليومية'!$M$11:$M$1010,"<>فارغ")>0,"✖ خطأ بالحساب",IF(ROUND(SUMIFS('قيود اليومية'!$G$11:$G$1010,'قيود اليومية'!$A$11:$A$1010,A74)-SUMIFS('قيود اليومية'!$H$11:$H$1010,'قيود اليومية'!$A$11:$A$1010,A74),2)<>0,"✖ غير متوازن","مرحل ✔"))) -> مرحل ✔ | J74: =IF(C74="","",IFERROR(INDEX('شجرة الحسابات'!$E$9:$E$208,MATCH(C74,'شجرة الحسابات'!$A$9:$A$208,0))&"","")) -> المصروفات | K74: =IF(C74="","",IFERROR(INDEX('شجرة الحسابات'!$I$9:$I$208,MATCH(C74,'شجرة الحسابات'!$A$9:$A$208,0))&"","")) -> معدات | L74: =IF(C74="","",IFERROR(INDEX('شجرة الحسابات'!$C$9:$C$208,MATCH(C74,'شجرة الحسابات'!$A$9:$A$208,0))&"","")) -> تحليلي | M74: =IF(AND(C74="",G74="",H74=""),"فارغ",IF(ISNA(MATCH(C74,'شجرة الحسابات'!$A$9:$A$208,0)),"حساب غير معرف",IF(L74<>"تحليلي","حساب تجميعي",IF(AND(N(G74)>0,N(H74)>0),"مدين ودائن معاً",IF(N(G74)+N(H74)=0,"بدون قيمة","OK"))))) -> OK | N74: =IF(AND(E74<>"",E74='كشف حساب مشروع'!$C$6,I74="مرحل ✔"),COUNTIFS($E$11:E74,'كشف حساب مشروع'!$C$6,$I$11:I74,"مرحل ✔"),"") -> 24 | O74: =IF(AND(C74<>"",C74='دفتر الأستاذ'!$C$6,I74="مرحل ✔"),COUNTIFS($C$11:C74,'دفتر الأستاذ'!$C$6,$I$11:I74,"مرحل ✔"),"")
A75: 24 | B75: 46112 | C75: 5106 | D75: =IF(C75="","",IFERROR(INDEX('شجرة الحسابات'!$B$9:$B$208,MATCH(C75,'شجرة الحسابات'!$A$9:$A$208,0)),"⚠ حساب غير معرف")) -> إهلاك معدات المشروعات | E75: مجمع فلل النخيل السكني | F75: إهلاك معدات مخصصة للمشروع | G75: 10000 | I75: =IF(A75="",IF(M75="فارغ","","✖ بدون رقم قيد"),IF(COUNTIFS('قيود اليومية'!$A$11:$A$1010,A75,'قيود اليومية'!$M$11:$M$1010,"<>OK",'قيود اليومية'!$M$11:$M$1010,"<>فارغ")>0,"✖ خطأ بالحساب",IF(ROUND(SUMIFS('قيود اليومية'!$G$11:$G$1010,'قيود اليومية'!$A$11:$A$1010,A75)-SUMIFS('قيود اليومية'!$H$11:$H$1010,'قيود اليومية'!$A$11:$A$1010,A75),2)<>0,"✖ غير متوازن","مرحل ✔"))) -> مرحل ✔ | J75: =IF(C75="","",IFERROR(INDEX('شجرة الحسابات'!$E$9:$E$208,MATCH(C75,'شجرة الحسابات'!$A$9:$A$208,0))&"","")) -> المصروفات | K75: =IF(C75="","",IFERROR(INDEX('شجرة الحسابات'!$I$9:$I$208,MATCH(C75,'شجرة الحسابات'!$A$9:$A$208,0))&"","")) -> معدات | L75: =IF(C75="","",IFERROR(INDEX('شجرة الحسابات'!$C$9:$C$208,MATCH(C75,'شجرة الحسابات'!$A$9:$A$208,0))&"","")) -> تحليلي | M75: =IF(AND(C75="",G75="",H75=""),"فارغ",IF(ISNA(MATCH(C75,'شجرة الحسابات'!$A$9:$A$208,0)),"حساب غير معرف",IF(L75<>"تحليلي","حساب تجميعي",IF(AND(N(G75)>0,N(H75)>0),"مدين ودائن معاً",IF(N(G75)+N(H75)=0,"بدون قيمة","OK"))))) -> OK | N75: =IF(AND(E75<>"",E75='كشف حساب مشروع'!$C$6,I75="مرحل ✔"),COUNTIFS($E$11:E75,'كشف حساب مشروع'!$C$6,$I$11:I75,"مرحل ✔"),"") | O75: =IF(AND(C75<>"",C75='دفتر الأستاذ'!$C$6,I75="مرحل ✔"),COUNTIFS($C$11:C75,'دفتر الأستاذ'!$C$6,$I$11:I75,"مرحل ✔"),"")
A76: 24 | B76: 46112 | C76: 6104 | D76: =IF(C76="","",IFERROR(INDEX('شجرة الحسابات'!$B$9:$B$208,MATCH(C76,'شجرة الحسابات'!$A$9:$A$208,0)),"⚠ حساب غير معرف")) -> إهلاك الأصول الإدارية | F76: إهلاك أثاث وسيارات الإدارة | G76: 5000 | I76: =IF(A76="",IF(M76="فارغ","","✖ بدون رقم قيد"),IF(COUNTIFS('قيود اليومية'!$A$11:$A$1010,A76,'قيود اليومية'!$M$11:$M$1010,"<>OK",'قيود اليومية'!$M$11:$M$1010,"<>فارغ")>0,"✖ خطأ بالحساب",IF(ROUND(SUMIFS('قيود اليومية'!$G$11:$G$1010,'قيود اليومية'!$A$11:$A$1010,A76)-SUMIFS('قيود اليومية'!$H$11:$H$1010,'قيود اليومية'!$A$11:$A$1010,A76),2)<>0,"✖ غير متوازن","مرحل ✔"))) -> مرحل ✔ | J76: =IF(C76="","",IFERROR(INDEX('شجرة الحسابات'!$E$9:$E$208,MATCH(C76,'شجرة الحسابات'!$A$9:$A$208,0))&"","")) -> المصروفات | K76: =IF(C76="","",IFERROR(INDEX('شجرة الحسابات'!$I$9:$I$208,MATCH(C76,'شجرة الحسابات'!$A$9:$A$208,0))&"","")) | L76: =IF(C76="","",IFERROR(INDEX('شجرة الحسابات'!$C$9:$C$208,MATCH(C76,'شجرة الحسابات'!$A$9:$A$208,0))&"","")) -> تحليلي | M76: =IF(AND(C76="",G76="",H76=""),"فارغ",IF(ISNA(MATCH(C76,'شجرة الحسابات'!$A$9:$A$208,0)),"حساب غير معرف",IF(L76<>"تحليلي","حساب تجميعي",IF(AND(N(G76)>0,N(H76)>0),"مدين ودائن معاً",IF(N(G76)+N(H76)=0,"بدون قيمة","OK"))))) -> OK | N76: =IF(AND(E76<>"",E76='كشف حساب مشروع'!$C$6,I76="مرحل ✔"),COUNTIFS($E$11:E76,'كشف حساب مشروع'!$C$6,$I$11:I76,"مرحل ✔"),"") | O76: =IF(AND(C76<>"",C76='دفتر الأستاذ'!$C$6,I76="مرحل ✔"),COUNTIFS($C$11:C76,'دفتر الأستاذ'!$C$6,$I$11:I76,"مرحل ✔"),"")
A77: 24 | B77: 46112 | C77: 1204 | D77: =IF(C77="","",IFERROR(INDEX('شجرة الحسابات'!$B$9:$B$208,MATCH(C77,'شجرة الحسابات'!$A$9:$A$208,0)),"⚠ حساب غير معرف")) -> مجمع إهلاك الأصول الثابتة | F77: إهلاك الربع الأول | H77: 35000 | I77: =IF(A77="",IF(M77="فارغ","","✖ بدون رقم قيد"),IF(COUNTIFS('قيود اليومية'!$A$11:$A$1010,A77,'قيود اليومية'!$M$11:$M$1010,"<>OK",'قيود اليومية'!$M$11:$M$1010,"<>فارغ")>0,"✖ خطأ بالحساب",IF(ROUND(SUMIFS('قيود اليومية'!$G$11:$G$1010,'قيود اليومية'!$A$11:$A$1010,A77)-SUMIFS('قيود اليومية'!$H$11:$H$1010,'قيود اليومية'!$A$11:$A$1010,A77),2)<>0,"✖ غير متوازن","مرحل ✔"))) -> مرحل ✔ | J77: =IF(C77="","",IFERROR(INDEX('شجرة الحسابات'!$E$9:$E$208,MATCH(C77,'شجرة الحسابات'!$A$9:$A$208,0))&"","")) -> الأصول | K77: =IF(C77="","",IFERROR(INDEX('شجرة الحسابات'!$I$9:$I$208,MATCH(C77,'شجرة الحسابات'!$A$9:$A$208,0))&"","")) | L77: =IF(C77="","",IFERROR(INDEX('شجرة الحسابات'!$C$9:$C$208,MATCH(C77,'شجرة الحسابات'!$A$9:$A$208,0))&"","")) -> تحليلي | M77: =IF(AND(C77="",G77="",H77=""),"فارغ",IF(ISNA(MATCH(C77,'شجرة الحسابات'!$A$9:$A$208,0)),"حساب غير معرف",IF(L77<>"تحليلي","حساب تجميعي",IF(AND(N(G77)>0,N(H77)>0),"مدين ودائن معاً",IF(N(G77)+N(H77)=0,"بدون قيمة","OK"))))) -> OK | N77: =IF(AND(E77<>"",E77='كشف حساب مشروع'!$C$6,I77="مرحل ✔"),COUNTIFS($E$11:E77,'كشف حساب مشروع'!$C$6,$I$11:I77,"مرحل ✔"),"") | O77: =IF(AND(C77<>"",C77='دفتر الأستاذ'!$C$6,I77="مرحل ✔"),COUNTIFS($C$11:C77,'دفتر الأستاذ'!$C$6,$I$11:I77,"مرحل ✔"),"")
A78: 25 | B78: 46112 | C78: 5102 | D78: =IF(C78="","",IFERROR(INDEX('شجرة الحسابات'!$B$9:$B$208,MATCH(C78,'شجرة الحسابات'!$A$9:$A$208,0)),"⚠ حساب غير معرف")) -> أجور العمالة المباشرة | E78: مجمع فلل النخيل السكني | F78: أجور عمالة مستحقة غير مدفوعة | G78: 40000 | I78: =IF(A78="",IF(M78="فارغ","","✖ بدون رقم قيد"),IF(COUNTIFS('قيود اليومية'!$A$11:$A$1010,A78,'قيود اليومية'!$M$11:$M$1010,"<>OK",'قيود اليومية'!$M$11:$M$1010,"<>فارغ")>0,"✖ خطأ بالحساب",IF(ROUND(SUMIFS('قيود اليومية'!$G$11:$G$1010,'قيود اليومية'!$A$11:$A$1010,A78)-SUMIFS('قيود اليومية'!$H$11:$H$1010,'قيود اليومية'!$A$11:$A$1010,A78),2)<>0,"✖ غير متوازن","مرحل ✔"))) -> مرحل ✔ | J78: =IF(C78="","",IFERROR(INDEX('شجرة الحسابات'!$E$9:$E$208,MATCH(C78,'شجرة الحسابات'!$A$9:$A$208,0))&"","")) -> المصروفات | K78: =IF(C78="","",IFERROR(INDEX('شجرة الحسابات'!$I$9:$I$208,MATCH(C78,'شجرة الحسابات'!$A$9:$A$208,0))&"","")) -> أجور عمال | L78: =IF(C78="","",IFERROR(INDEX('شجرة الحسابات'!$C$9:$C$208,MATCH(C78,'شجرة الحسابات'!$A$9:$A$208,0))&"","")) -> تحليلي | M78: =IF(AND(C78="",G78="",H78=""),"فارغ",IF(ISNA(MATCH(C78,'شجرة الحسابات'!$A$9:$A$208,0)),"حساب غير معرف",IF(L78<>"تحليلي","حساب تجميعي",IF(AND(N(G78)>0,N(H78)>0),"مدين ودائن معاً",IF(N(G78)+N(H78)=0,"بدون قيمة","OK"))))) -> OK | N78: =IF(AND(E78<>"",E78='كشف حساب مشروع'!$C$6,I78="مرحل ✔"),COUNTIFS($E$11:E78,'كشف حساب مشروع'!$C$6,$I$11:I78,"مرحل ✔"),"") | O78: =IF(AND(C78<>"",C78='دفتر الأستاذ'!$C$6,I78="مرحل ✔"),COUNTIFS($C$11:C78,'دفتر الأستاذ'!$C$6,$I$11:I78,"مرحل ✔"),"")
A79: 25 | B79: 46112 | C79: 2106 | D79: =IF(C79="","",IFERROR(INDEX('شجرة الحسابات'!$B$9:$B$208,MATCH(C79,'شجرة الحسابات'!$A$9:$A$208,0)),"⚠ حساب غير معرف")) -> رواتب وأجور مستحقة | E79: مجمع فلل النخيل السكني | F79: أجور عمالة مستحقة غير مدفوعة | H79: 40000 | I79: =IF(A79="",IF(M79="فارغ","","✖ بدون رقم قيد"),IF(COUNTIFS('قيود اليومية'!$A$11:$A$1010,A79,'قيود اليومية'!$M$11:$M$1010,"<>OK",'قيود اليومية'!$M$11:$M$1010,"<>فارغ")>0,"✖ خطأ بالحساب",IF(ROUND(SUMIFS('قيود اليومية'!$G$11:$G$1010,'قيود اليومية'!$A$11:$A$1010,A79)-SUMIFS('قيود اليومية'!$H$11:$H$1010,'قيود اليومية'!$A$11:$A$1010,A79),2)<>0,"✖ غير متوازن","مرحل ✔"))) -> مرحل ✔ | J79: =IF(C79="","",IFERROR(INDEX('شجرة الحسابات'!$E$9:$E$208,MATCH(C79,'شجرة الحسابات'!$A$9:$A$208,0))&"","")) -> الخصوم | K79: =IF(C79="","",IFERROR(INDEX('شجرة الحسابات'!$I$9:$I$208,MATCH(C79,'شجرة الحسابات'!$A$9:$A$208,0))&"","")) | L79: =IF(C79="","",IFERROR(INDEX('شجرة الحسابات'!$C$9:$C$208,MATCH(C79,'شجرة الحسابات'!$A$9:$A$208,0))&"","")) -> تحليلي | M79: =IF(AND(C79="",G79="",H79=""),"فارغ",IF(ISNA(MATCH(C79,'شجرة الحسابات'!$A$9:$A$208,0)),"حساب غير معرف",IF(L79<>"تحليلي","حساب تجميعي",IF(AND(N(G79)>0,N(H79)>0),"مدين ودائن معاً",IF(N(G79)+N(H79)=0,"بدون قيمة","OK"))))) -> OK | N79: =IF(AND(E79<>"",E79='كشف حساب مشروع'!$C$6,I79="مرحل ✔"),COUNTIFS($E$11:E79,'كشف حساب مشروع'!$C$6,$I$11:I79,"مرحل ✔"),"") | O79: =IF(AND(C79<>"",C79='دفتر الأستاذ'!$C$6,I79="مرحل ✔"),COUNTIFS($C$11:C79,'دفتر الأستاذ'!$C$6,$I$11:I79,"مرحل ✔"),"")
A80: 26 | B80: 46112 | C80: 1105 | D80: =IF(C80="","",IFERROR(INDEX('شجرة الحسابات'!$B$9:$B$208,MATCH(C80,'شجرة الحسابات'!$A$9:$A$208,0)),"⚠ حساب غير معرف")) -> إيرادات مستحقة - أعمال منفذة غير مفوترة | E80: مجمع فلل النخيل السكني | F80: أعمال منفذة لم يصدر بها مستخلص (نسبة إنجاز) | G80: 180000 | I80: =IF(A80="",IF(M80="فارغ","","✖ بدون رقم قيد"),IF(COUNTIFS('قيود اليومية'!$A$11:$A$1010,A80,'قيود اليومية'!$M$11:$M$1010,"<>OK",'قيود اليومية'!$M$11:$M$1010,"<>فارغ")>0,"✖ خطأ بالحساب",IF(ROUND(SUMIFS('قيود اليومية'!$G$11:$G$1010,'قيود اليومية'!$A$11:$A$1010,A80)-SUMIFS('قيود اليومية'!$H$11:$H$1010,'قيود اليومية'!$A$11:$A$1010,A80),2)<>0,"✖ غير متوازن","مرحل ✔"))) -> مرحل ✔ | J80: =IF(C80="","",IFERROR(INDEX('شجرة الحسابات'!$E$9:$E$208,MATCH(C80,'شجرة الحسابات'!$A$9:$A$208,0))&"","")) -> الأصول | K80: =IF(C80="","",IFERROR(INDEX('شجرة الحسابات'!$I$9:$I$208,MATCH(C80,'شجرة الحسابات'!$A$9:$A$208,0))&"","")) | L80: =IF(C80="","",IFERROR(INDEX('شجرة الحسابات'!$C$9:$C$208,MATCH(C80,'شجرة الحسابات'!$A$9:$A$208,0))&"","")) -> تحليلي | M80: =IF(AND(C80="",G80="",H80=""),"فارغ",IF(ISNA(MATCH(C80,'شجرة الحسابات'!$A$9:$A$208,0)),"حساب غير معرف",IF(L80<>"تحليلي","حساب تجميعي",IF(AND(N(G80)>0,N(H80)>0),"مدين ودائن معاً",IF(N(G80)+N(H80)=0,"بدون قيمة","OK"))))) -> OK | N80: =IF(AND(E80<>"",E80='كشف حساب مشروع'!$C$6,I80="مرحل ✔"),COUNTIFS($E$11:E80,'كشف حساب مشروع'!$C$6,$I$11:I80,"مرحل ✔"),"") | O80: =IF(AND(C80<>"",C80='دفتر الأستاذ'!$C$6,I80="مرحل ✔"),COUNTIFS($C$11:C80,'دفتر الأستاذ'!$C$6,$I$11:I80,"مرحل ✔"),"")
A81: 26 | B81: 46112 | C81: 4101 | D81: =IF(C81="","",IFERROR(INDEX('شجرة الحسابات'!$B$9:$B$208,MATCH(C81,'شجرة الحسابات'!$A$9:$A$208,0)),"⚠ حساب غير معرف")) -> إيرادات المستخلصات | E81: مجمع فلل النخيل السكني | F81: إيراد مستحق - أعمال منفذة غير مفوترة | H81: 180000 | I81: =IF(A81="",IF(M81="فارغ","","✖ بدون رقم قيد"),IF(COUNTIFS('قيود اليومية'!$A$11:$A$1010,A81,'قيود اليومية'!$M$11:$M$1010,"<>OK",'قيود اليومية'!$M$11:$M$1010,"<>فارغ")>0,"✖ خطأ بالحساب",IF(ROUND(SUMIFS('قيود اليومية'!$G$11:$G$1010,'قيود اليومية'!$A$11:$A$1010,A81)-SUMIFS('قيود اليومية'!$H$11:$H$1010,'قيود اليومية'!$A$11:$A$1010,A81),2)<>0,"✖ غير متوازن","مرحل ✔"))) -> مرحل ✔ | J81: =IF(C81="","",IFERROR(INDEX('شجرة الحسابات'!$E$9:$E$208,MATCH(C81,'شجرة الحسابات'!$A$9:$A$208,0))&"","")) -> الإيرادات | K81: =IF(C81="","",IFERROR(INDEX('شجرة الحسابات'!$I$9:$I$208,MATCH(C81,'شجرة الحسابات'!$A$9:$A$208,0))&"","")) | L81: =IF(C81="","",IFERROR(INDEX('شجرة الحسابات'!$C$9:$C$208,MATCH(C81,'شجرة الحسابات'!$A$9:$A$208,0))&"","")) -> تحليلي | M81: =IF(AND(C81="",G81="",H81=""),"فارغ",IF(ISNA(MATCH(C81,'شجرة الحسابات'!$A$9:$A$208,0)),"حساب غير معرف",IF(L81<>"تحليلي","حساب تجميعي",IF(AND(N(G81)>0,N(H81)>0),"مدين ودائن معاً",IF(N(G81)+N(H81)=0,"بدون قيمة","OK"))))) -> OK | N81: =IF(AND(E81<>"",E81='كشف حساب مشروع'!$C$6,I81="مرحل ✔"),COUNTIFS($E$11:E81,'كشف حساب مشروع'!$C$6,$I$11:I81,"مرحل ✔"),"") | O81: =IF(AND(C81<>"",C81='دفتر الأستاذ'!$C$6,I81="مرحل ✔"),COUNTIFS($C$11:C81,'دفتر الأستاذ'!$C$6,$I$11:I81,"مرحل ✔"),"")
A82: 27 | B82: 46112 | C82: 3104 | D82: =IF(C82="","",IFERROR(INDEX('شجرة الحسابات'!$B$9:$B$208,MATCH(C82,'شجرة الحسابات'!$A$9:$A$208,0)),"⚠ حساب غير معرف")) -> جاري الشركاء (مسحوبات) | F82: مسحوبات الشركاء | G82: 40000 | I82: =IF(A82="",IF(M82="فارغ","","✖ بدون رقم قيد"),IF(COUNTIFS('قيود اليومية'!$A$11:$A$1010,A82,'قيود اليومية'!$M$11:$M$1010,"<>OK",'قيود اليومية'!$M$11:$M$1010,"<>فارغ")>0,"✖ خطأ بالحساب",IF(ROUND(SUMIFS('قيود اليومية'!$G$11:$G$1010,'قيود اليومية'!$A$11:$A$1010,A82)-SUMIFS('قيود اليومية'!$H$11:$H$1010,'قيود اليومية'!$A$11:$A$1010,A82),2)<>0,"✖ غير متوازن","مرحل ✔"))) -> مرحل ✔ | J82: =IF(C82="","",IFERROR(INDEX('شجرة الحسابات'!$E$9:$E$208,MATCH(C82,'شجرة الحسابات'!$A$9:$A$208,0))&"","")) -> حقوق الملكية | K82: =IF(C82="","",IFERROR(INDEX('شجرة الحسابات'!$I$9:$I$208,MATCH(C82,'شجرة الحسابات'!$A$9:$A$208,0))&"","")) | L82: =IF(C82="","",IFERROR(INDEX('شجرة الحسابات'!$C$9:$C$208,MATCH(C82,'شجرة الحسابات'!$A$9:$A$208,0))&"","")) -> تحليلي | M82: =IF(AND(C82="",G82="",H82=""),"فارغ",IF(ISNA(MATCH(C82,'شجرة الحسابات'!$A$9:$A$208,0)),"حساب غير معرف",IF(L82<>"تحليلي","حساب تجميعي",IF(AND(N(G82)>0,N(H82)>0),"مدين ودائن معاً",IF(N(G82)+N(H82)=0,"بدون قيمة","OK"))))) -> OK | N82: =IF(AND(E82<>"",E82='كشف حساب مشروع'!$C$6,I82="مرحل ✔"),COUNTIFS($E$11:E82,'كشف حساب مشروع'!$C$6,$I$11:I82,"مرحل ✔"),"") | O82: =IF(AND(C82<>"",C82='دفتر الأستاذ'!$C$6,I82="مرحل ✔"),COUNTIFS($C$11:C82,'دفتر الأستاذ'!$C$6,$I$11:I82,"مرحل ✔"),"")
A83: 27 | B83: 46112 | C83: 1102 | D83: =IF(C83="","",IFERROR(INDEX('شجرة الحسابات'!$B$9:$B$208,MATCH(C83,'شجرة الحسابات'!$A$9:$A$208,0)),"⚠ حساب غير معرف")) -> البنك - الحساب الجاري | F83: مسحوبات الشركاء | H83: 40000 | I83: =IF(A83="",IF(M83="فارغ","","✖ بدون رقم قيد"),IF(COUNTIFS('قيود اليومية'!$A$11:$A$1010,A83,'قيود اليومية'!$M$11:$M$1010,"<>OK",'قيود اليومية'!$M$11:$M$1010,"<>فارغ")>0,"✖ خطأ بالحساب",IF(ROUND(SUMIFS('قيود اليومية'!$G$11:$G$1010,'قيود اليومية'!$A$11:$A$1010,A83)-SUMIFS('قيود اليومية'!$H$11:$H$1010,'قيود اليومية'!$A$11:$A$1010,A83),2)<>0,"✖ غير متوازن","مرحل ✔"))) -> مرحل ✔ | J83: =IF(C83="","",IFERROR(INDEX('شجرة الحسابات'!$E$9:$E$208,MATCH(C83,'شجرة الحسابات'!$A$9:$A$208,0))&"","")) -> الأصول | K83: =IF(C83="","",IFERROR(INDEX('شجرة الحسابات'!$I$9:$I$208,MATCH(C83,'شجرة الحسابات'!$A$9:$A$208,0))&"","")) | L83: =IF(C83="","",IFERROR(INDEX('شجرة الحسابات'!$C$9:$C$208,MATCH(C83,'شجرة الحسابات'!$A$9:$A$208,0))&"","")) -> تحليلي | M83: =IF(AND(C83="",G83="",H83=""),"فارغ",IF(ISNA(MATCH(C83,'شجرة الحسابات'!$A$9:$A$208,0)),"حساب غير معرف",IF(L83<>"تحليلي","حساب تجميعي",IF(AND(N(G83)>0,N(H83)>0),"مدين ودائن معاً",IF(N(G83)+N(H83)=0,"بدون قيمة","OK"))))) -> OK | N83: =IF(AND(E83<>"",E83='كشف حساب مشروع'!$C$6,I83="مرحل ✔"),COUNTIFS($E$11:E83,'كشف حساب مشروع'!$C$6,$I$11:I83,"مرحل ✔"),"") | O83: =IF(AND(C83<>"",C83='دفتر الأستاذ'!$C$6,I83="مرحل ✔"),COUNTIFS($C$11:C83,'دفتر الأستاذ'!$C$6,$I$11:I83,"مرحل ✔"),"") -> 15
A84: 28 | B84: 46112 | C84: 5101 | D84: =IF(C84="","",IFERROR(INDEX('شجرة الحسابات'!$B$9:$B$208,MATCH(C84,'شجرة الحسابات'!$A$9:$A$208,0)),"⚠ حساب غير معرف")) -> تكلفة المواد المستخدمة | E84: برج الريان التجاري | F84: مسودة: فاتورة مواد قيد المراجعة (مثال على قيد غير متوازن) | G84: 15000 | I84: =IF(A84="",IF(M84="فارغ","","✖ بدون رقم قيد"),IF(COUNTIFS('قيود اليومية'!$A$11:$A$1010,A84,'قيود اليومية'!$M$11:$M$1010,"<>OK",'قيود اليومية'!$M$11:$M$1010,"<>فارغ")>0,"✖ خطأ بالحساب",IF(ROUND(SUMIFS('قيود اليومية'!$G$11:$G$1010,'قيود اليومية'!$A$11:$A$1010,A84)-SUMIFS('قيود اليومية'!$H$11:$H$1010,'قيود اليومية'!$A$11:$A$1010,A84),2)<>0,"✖ غير متوازن","مرحل ✔"))) -> ✖ غير متوازن | J84: =IF(C84="","",IFERROR(INDEX('شجرة الحسابات'!$E$9:$E$208,MATCH(C84,'شجرة الحسابات'!$A$9:$A$208,0))&"","")) -> المصروفات | K84: =IF(C84="","",IFERROR(INDEX('شجرة الحسابات'!$I$9:$I$208,MATCH(C84,'شجرة الحسابات'!$A$9:$A$208,0))&"","")) -> مواد | L84: =IF(C84="","",IFERROR(INDEX('شجرة الحسابات'!$C$9:$C$208,MATCH(C84,'شجرة الحسابات'!$A$9:$A$208,0))&"","")) -> تحليلي | M84: =IF(AND(C84="",G84="",H84=""),"فارغ",IF(ISNA(MATCH(C84,'شجرة الحسابات'!$A$9:$A$208,0)),"حساب غير معرف",IF(L84<>"تحليلي","حساب تجميعي",IF(AND(N(G84)>0,N(H84)>0),"مدين ودائن معاً",IF(N(G84)+N(H84)=0,"بدون قيمة","OK"))))) -> OK | N84: =IF(AND(E84<>"",E84='كشف حساب مشروع'!$C$6,I84="مرحل ✔"),COUNTIFS($E$11:E84,'كشف حساب مشروع'!$C$6,$I$11:I84,"مرحل ✔"),"") | O84: =IF(AND(C84<>"",C84='دفتر الأستاذ'!$C$6,I84="مرحل ✔"),COUNTIFS($C$11:C84,'دفتر الأستاذ'!$C$6,$I$11:I84,"مرحل ✔"),"")
A85: 28 | B85: 46112 | C85: 2101 | D85: =IF(C85="","",IFERROR(INDEX('شجرة الحسابات'!$B$9:$B$208,MATCH(C85,'شجرة الحسابات'!$A$9:$A$208,0)),"⚠ حساب غير معرف")) -> الموردون | E85: برج الريان التجاري | F85: مسودة: فاتورة مواد قيد المراجعة (مثال على قيد غير متوازن) | H85: 12000 | I85: =IF(A85="",IF(M85="فارغ","","✖ بدون رقم قيد"),IF(COUNTIFS('قيود اليومية'!$A$11:$A$1010,A85,'قيود اليومية'!$M$11:$M$1010,"<>OK",'قيود اليومية'!$M$11:$M$1010,"<>فارغ")>0,"✖ خطأ بالحساب",IF(ROUND(SUMIFS('قيود اليومية'!$G$11:$G$1010,'قيود اليومية'!$A$11:$A$1010,A85)-SUMIFS('قيود اليومية'!$H$11:$H$1010,'قيود اليومية'!$A$11:$A$1010,A85),2)<>0,"✖ غير متوازن","مرحل ✔"))) -> ✖ غير متوازن | J85: =IF(C85="","",IFERROR(INDEX('شجرة الحسابات'!$E$9:$E$208,MATCH(C85,'شجرة الحسابات'!$A$9:$A$208,0))&"","")) -> الخصوم | K85: =IF(C85="","",IFERROR(INDEX('شجرة الحسابات'!$I$9:$I$208,MATCH(C85,'شجرة الحسابات'!$A$9:$A$208,0))&"","")) | L85: =IF(C85="","",IFERROR(INDEX('شجرة الحسابات'!$C$9:$C$208,MATCH(C85,'شجرة الحسابات'!$A$9:$A$208,0))&"","")) -> تحليلي | M85: =IF(AND(C85="",G85="",H85=""),"فارغ",IF(ISNA(MATCH(C85,'شجرة الحسابات'!$A$9:$A$208,0)),"حساب غير معرف",IF(L85<>"تحليلي","حساب تجميعي",IF(AND(N(G85)>0,N(H85)>0),"مدين ودائن معاً",IF(N(G85)+N(H85)=0,"بدون قيمة","OK"))))) -> OK | N85: =IF(AND(E85<>"",E85='كشف حساب مشروع'!$C$6,I85="مرحل ✔"),COUNTIFS($E$11:E85,'كشف حساب مشروع'!$C$6,$I$11:I85,"مرحل ✔"),"") | O85: =IF(AND(C85<>"",C85='دفتر الأستاذ'!$C$6,I85="مرحل ✔"),COUNTIFS($C$11:C85,'دفتر الأستاذ'!$C$6,$I$11:I85,"مرحل ✔"),"")
D86: =IF(C86="","",IFERROR(INDEX('شجرة الحسابات'!$B$9:$B$208,MATCH(C86,'شجرة الحسابات'!$A$9:$A$208,0)),"⚠ حساب غير معرف")) | I86: =IF(A86="",IF(M86="فارغ","","✖ بدون رقم قيد"),IF(COUNTIFS('قيود اليومية'!$A$11:$A$1010,A86,'قيود اليومية'!$M$11:$M$1010,"<>OK",'قيود اليومية'!$M$11:$M$1010,"<>فارغ")>0,"✖ خطأ بالحساب",IF(ROUND(SUMIFS('قيود اليومية'!$G$11:$G$1010,'قيود اليومية'!$A$11:$A$1010,A86)-SUMIFS('قيود اليومية'!$H$11:$H$1010,'قيود اليومية'!$A$11:$A$1010,A86),2)<>0,"✖ غير متوازن","مرحل ✔"))) | J86: =IF(C86="","",IFERROR(INDEX('شجرة الحسابات'!$E$9:$E$208,MATCH(C86,'شجرة الحسابات'!$A$9:$A$208,0))&"","")) | K86: =IF(C86="","",IFERROR(INDEX('شجرة الحسابات'!$I$9:$I$208,MATCH(C86,'شجرة الحسابات'!$A$9:$A$208,0))&"","")) | L86: =IF(C86="","",IFERROR(INDEX('شجرة الحسابات'!$C$9:$C$208,MATCH(C86,'شجرة الحسابات'!$A$9:$A$208,0))&"","")) | M86: =IF(AND(C86="",G86="",H86=""),"فارغ",IF(ISNA(MATCH(C86,'شجرة الحسابات'!$A$9:$A$208,0)),"حساب غير معرف",IF(L86<>"تحليلي","حساب تجميعي",IF(AND(N(G86)>0,N(H86)>0),"مدين ودائن معاً",IF(N(G86)+N(H86)=0,"بدون قيمة","OK"))))) -> فارغ | N86: =IF(AND(E86<>"",E86='كشف حساب مشروع'!$C$6,I86="مرحل ✔"),COUNTIFS($E$11:E86,'كشف حساب مشروع'!$C$6,$I$11:I86,"مرحل ✔"),"") | O86: =IF(AND(C86<>"",C86='دفتر الأستاذ'!$C$6,I86="مرحل ✔"),COUNTIFS($C$11:C86,'دفتر الأستاذ'!$C$6,$I$11:I86,"مرحل ✔"),"")
D87: =IF(C87="","",IFERROR(INDEX('شجرة الحسابات'!$B$9:$B$208,MATCH(C87,'شجرة الحسابات'!$A$9:$A$208,0)),"⚠ حساب غير معرف")) | I87: =IF(A87="",IF(M87="فارغ","","✖ بدون رقم قيد"),IF(COUNTIFS('قيود اليومية'!$A$11:$A$1010,A87,'قيود اليومية'!$M$11:$M$1010,"<>OK",'قيود اليومية'!$M$11:$M$1010,"<>فارغ")>0,"✖ خطأ بالحساب",IF(ROUND(SUMIFS('قيود اليومية'!$G$11:$G$1010,'قيود اليومية'!$A$11:$A$1010,A87)-SUMIFS('قيود اليومية'!$H$11:$H$1010,'قيود اليومية'!$A$11:$A$1010,A87),2)<>0,"✖ غير متوازن","مرحل ✔"))) | J87: =IF(C87="","",IFERROR(INDEX('شجرة الحسابات'!$E$9:$E$208,MATCH(C87,'شجرة الحسابات'!$A$9:$A$208,0))&"","")) | K87: =IF(C87="","",IFERROR(INDEX('شجرة الحسابات'!$I$9:$I$208,MATCH(C87,'شجرة الحسابات'!$A$9:$A$208,0))&"","")) | L87: =IF(C87="","",IFERROR(INDEX('شجرة الحسابات'!$C$9:$C$208,MATCH(C87,'شجرة الحسابات'!$A$9:$A$208,0))&"","")) | M87: =IF(AND(C87="",G87="",H87=""),"فارغ",IF(ISNA(MATCH(C87,'شجرة الحسابات'!$A$9:$A$208,0)),"حساب غير معرف",IF(L87<>"تحليلي","حساب تجميعي",IF(AND(N(G87)>0,N(H87)>0),"مدين ودائن معاً",IF(N(G87)+N(H87)=0,"بدون قيمة","OK"))))) -> فارغ | N87: =IF(AND(E87<>"",E87='كشف حساب مشروع'!$C$6,I87="مرحل ✔"),COUNTIFS($E$11:E87,'كشف حساب مشروع'!$C$6,$I$11:I87,"مرحل ✔"),"") | O87: =IF(AND(C87<>"",C87='دفتر الأستاذ'!$C$6,I87="مرحل ✔"),COUNTIFS($C$11:C87,'دفتر الأستاذ'!$C$6,$I$11:I87,"مرحل ✔"),"")
D88: =IF(C88="","",IFERROR(INDEX('شجرة الحسابات'!$B$9:$B$208,MATCH(C88,'شجرة الحسابات'!$A$9:$A$208,0)),"⚠ حساب غير معرف")) | I88: =IF(A88="",IF(M88="فارغ","","✖ بدون رقم قيد"),IF(COUNTIFS('قيود اليومية'!$A$11:$A$1010,A88,'قيود اليومية'!$M$11:$M$1010,"<>OK",'قيود اليومية'!$M$11:$M$1010,"<>فارغ")>0,"✖ خطأ بالحساب",IF(ROUND(SUMIFS('قيود اليومية'!$G$11:$G$1010,'قيود اليومية'!$A$11:$A$1010,A88)-SUMIFS('قيود اليومية'!$H$11:$H$1010,'قيود اليومية'!$A$11:$A$1010,A88),2)<>0,"✖ غير متوازن","مرحل ✔"))) | J88: =IF(C88="","",IFERROR(INDEX('شجرة الحسابات'!$E$9:$E$208,MATCH(C88,'شجرة الحسابات'!$A$9:$A$208,0))&"","")) | K88: =IF(C88="","",IFERROR(INDEX('شجرة الحسابات'!$I$9:$I$208,MATCH(C88,'شجرة الحسابات'!$A$9:$A$208,0))&"","")) | L88: =IF(C88="","",IFERROR(INDEX('شجرة الحسابات'!$C$9:$C$208,MATCH(C88,'شجرة الحسابات'!$A$9:$A$208,0))&"","")) | M88: =IF(AND(C88="",G88="",H88=""),"فارغ",IF(ISNA(MATCH(C88,'شجرة الحسابات'!$A$9:$A$208,0)),"حساب غير معرف",IF(L88<>"تحليلي","حساب تجميعي",IF(AND(N(G88)>0,N(H88)>0),"مدين ودائن معاً",IF(N(G88)+N(H88)=0,"بدون قيمة","OK"))))) -> فارغ | N88: =IF(AND(E88<>"",E88='كشف حساب مشروع'!$C$6,I88="مرحل ✔"),COUNTIFS($E$11:E88,'كشف حساب مشروع'!$C$6,$I$11:I88,"مرحل ✔"),"") | O88: =IF(AND(C88<>"",C88='دفتر الأستاذ'!$C$6,I88="مرحل ✔"),COUNTIFS($C$11:C88,'دفتر الأستاذ'!$C$6,$I$11:I88,"مرحل ✔"),"")
D89: =IF(C89="","",IFERROR(INDEX('شجرة الحسابات'!$B$9:$B$208,MATCH(C89,'شجرة الحسابات'!$A$9:$A$208,0)),"⚠ حساب غير معرف")) | I89: =IF(A89="",IF(M89="فارغ","","✖ بدون رقم قيد"),IF(COUNTIFS('قيود اليومية'!$A$11:$A$1010,A89,'قيود اليومية'!$M$11:$M$1010,"<>OK",'قيود اليومية'!$M$11:$M$1010,"<>فارغ")>0,"✖ خطأ بالحساب",IF(ROUND(SUMIFS('قيود اليومية'!$G$11:$G$1010,'قيود اليومية'!$A$11:$A$1010,A89)-SUMIFS('قيود اليومية'!$H$11:$H$1010,'قيود اليومية'!$A$11:$A$1010,A89),2)<>0,"✖ غير متوازن","مرحل ✔"))) | J89: =IF(C89="","",IFERROR(INDEX('شجرة الحسابات'!$E$9:$E$208,MATCH(C89,'شجرة الحسابات'!$A$9:$A$208,0))&"","")) | K89: =IF(C89="","",IFERROR(INDEX('شجرة الحسابات'!$I$9:$I$208,MATCH(C89,'شجرة الحسابات'!$A$9:$A$208,0))&"","")) | L89: =IF(C89="","",IFERROR(INDEX('شجرة الحسابات'!$C$9:$C$208,MATCH(C89,'شجرة الحسابات'!$A$9:$A$208,0))&"","")) | M89: =IF(AND(C89="",G89="",H89=""),"فارغ",IF(ISNA(MATCH(C89,'شجرة الحسابات'!$A$9:$A$208,0)),"حساب غير معرف",IF(L89<>"تحليلي","حساب تجميعي",IF(AND(N(G89)>0,N(H89)>0),"مدين ودائن معاً",IF(N(G89)+N(H89)=0,"بدون قيمة","OK"))))) -> فارغ | N89: =IF(AND(E89<>"",E89='كشف حساب مشروع'!$C$6,I89="مرحل ✔"),COUNTIFS($E$11:E89,'كشف حساب مشروع'!$C$6,$I$11:I89,"مرحل ✔"),"") | O89: =IF(AND(C89<>"",C89='دفتر الأستاذ'!$C$6,I89="مرحل ✔"),COUNTIFS($C$11:C89,'دفتر الأستاذ'!$C$6,$I$11:I89,"مرحل ✔"),"")
D90: =IF(C90="","",IFERROR(INDEX('شجرة الحسابات'!$B$9:$B$208,MATCH(C90,'شجرة الحسابات'!$A$9:$A$208,0)),"⚠ حساب غير معرف")) | I90: =IF(A90="",IF(M90="فارغ","","✖ بدون رقم قيد"),IF(COUNTIFS('قيود اليومية'!$A$11:$A$1010,A90,'قيود اليومية'!$M$11:$M$1010,"<>OK",'قيود اليومية'!$M$11:$M$1010,"<>فارغ")>0,"✖ خطأ بالحساب",IF(ROUND(SUMIFS('قيود اليومية'!$G$11:$G$1010,'قيود اليومية'!$A$11:$A$1010,A90)-SUMIFS('قيود اليومية'!$H$11:$H$1010,'قيود اليومية'!$A$11:$A$1010,A90),2)<>0,"✖ غير متوازن","مرحل ✔"))) | J90: =IF(C90="","",IFERROR(INDEX('شجرة الحسابات'!$E$9:$E$208,MATCH(C90,'شجرة الحسابات'!$A$9:$A$208,0))&"","")) | K90: =IF(C90="","",IFERROR(INDEX('شجرة الحسابات'!$I$9:$I$208,MATCH(C90,'شجرة الحسابات'!$A$9:$A$208,0))&"","")) | L90: =IF(C90="","",IFERROR(INDEX('شجرة الحسابات'!$C$9:$C$208,MATCH(C90,'شجرة الحسابات'!$A$9:$A$208,0))&"","")) | M90: =IF(AND(C90="",G90="",H90=""),"فارغ",IF(ISNA(MATCH(C90,'شجرة الحسابات'!$A$9:$A$208,0)),"حساب غير معرف",IF(L90<>"تحليلي","حساب تجميعي",IF(AND(N(G90)>0,N(H90)>0),"مدين ودائن معاً",IF(N(G90)+N(H90)=0,"بدون قيمة","OK"))))) -> فارغ | N90: =IF(AND(E90<>"",E90='كشف حساب مشروع'!$C$6,I90="مرحل ✔"),COUNTIFS($E$11:E90,'كشف حساب مشروع'!$C$6,$I$11:I90,"مرحل ✔"),"") | O90: =IF(AND(C90<>"",C90='دفتر الأستاذ'!$C$6,I90="مرحل ✔"),COUNTIFS($C$11:C90,'دفتر الأستاذ'!$C$6,$I$11:I90,"مرحل ✔"),"")
D91: =IF(C91="","",IFERROR(INDEX('شجرة الحسابات'!$B$9:$B$208,MATCH(C91,'شجرة الحسابات'!$A$9:$A$208,0)),"⚠ حساب غير معرف")) | I91: =IF(A91="",IF(M91="فارغ","","✖ بدون رقم قيد"),IF(COUNTIFS('قيود اليومية'!$A$11:$A$1010,A91,'قيود اليومية'!$M$11:$M$1010,"<>OK",'قيود اليومية'!$M$11:$M$1010,"<>فارغ")>0,"✖ خطأ بالحساب",IF(ROUND(SUMIFS('قيود اليومية'!$G$11:$G$1010,'قيود اليومية'!$A$11:$A$1010,A91)-SUMIFS('قيود اليومية'!$H$11:$H$1010,'قيود اليومية'!$A$11:$A$1010,A91),2)<>0,"✖ غير متوازن","مرحل ✔"))) | J91: =IF(C91="","",IFERROR(INDEX('شجرة الحسابات'!$E$9:$E$208,MATCH(C91,'شجرة الحسابات'!$A$9:$A$208,0))&"","")) | K91: =IF(C91="","",IFERROR(INDEX('شجرة الحسابات'!$I$9:$I$208,MATCH(C91,'شجرة الحسابات'!$A$9:$A$208,0))&"","")) | L91: =IF(C91="","",IFERROR(INDEX('شجرة الحسابات'!$C$9:$C$208,MATCH(C91,'شجرة الحسابات'!$A$9:$A$208,0))&"","")) | M91: =IF(AND(C91="",G91="",H91=""),"فارغ",IF(ISNA(MATCH(C91,'شجرة الحسابات'!$A$9:$A$208,0)),"حساب غير معرف",IF(L91<>"تحليلي","حساب تجميعي",IF(AND(N(G91)>0,N(H91)>0),"مدين ودائن معاً",IF(N(G91)+N(H91)=0,"بدون قيمة","OK"))))) -> فارغ | N91: =IF(AND(E91<>"",E91='كشف حساب مشروع'!$C$6,I91="مرحل ✔"),COUNTIFS($E$11:E91,'كشف حساب مشروع'!$C$6,$I$11:I91,"مرحل ✔"),"") | O91: =IF(AND(C91<>"",C91='دفتر الأستاذ'!$C$6,I91="مرحل ✔"),COUNTIFS($C$11:C91,'دفتر الأستاذ'!$C$6,$I$11:I91,"مرحل ✔"),"")
D92: =IF(C92="","",IFERROR(INDEX('شجرة الحسابات'!$B$9:$B$208,MATCH(C92,'شجرة الحسابات'!$A$9:$A$208,0)),"⚠ حساب غير معرف")) | I92: =IF(A92="",IF(M92="فارغ","","✖ بدون رقم قيد"),IF(COUNTIFS('قيود اليومية'!$A$11:$A$1010,A92,'قيود اليومية'!$M$11:$M$1010,"<>OK",'قيود اليومية'!$M$11:$M$1010,"<>فارغ")>0,"✖ خطأ بالحساب",IF(ROUND(SUMIFS('قيود اليومية'!$G$11:$G$1010,'قيود اليومية'!$A$11:$A$1010,A92)-SUMIFS('قيود اليومية'!$H$11:$H$1010,'قيود اليومية'!$A$11:$A$1010,A92),2)<>0,"✖ غير متوازن","مرحل ✔"))) | J92: =IF(C92="","",IFERROR(INDEX('شجرة الحسابات'!$E$9:$E$208,MATCH(C92,'شجرة الحسابات'!$A$9:$A$208,0))&"","")) | K92: =IF(C92="","",IFERROR(INDEX('شجرة الحسابات'!$I$9:$I$208,MATCH(C92,'شجرة الحسابات'!$A$9:$A$208,0))&"","")) | L92: =IF(C92="","",IFERROR(INDEX('شجرة الحسابات'!$C$9:$C$208,MATCH(C92,'شجرة الحسابات'!$A$9:$A$208,0))&"","")) | M92: =IF(AND(C92="",G92="",H92=""),"فارغ",IF(ISNA(MATCH(C92,'شجرة الحسابات'!$A$9:$A$208,0)),"حساب غير معرف",IF(L92<>"تحليلي","حساب تجميعي",IF(AND(N(G92)>0,N(H92)>0),"مدين ودائن معاً",IF(N(G92)+N(H92)=0,"بدون قيمة","OK"))))) -> فارغ | N92: =IF(AND(E92<>"",E92='كشف حساب مشروع'!$C$6,I92="مرحل ✔"),COUNTIFS($E$11:E92,'كشف حساب مشروع'!$C$6,$I$11:I92,"مرحل ✔"),"") | O92: =IF(AND(C92<>"",C92='دفتر الأستاذ'!$C$6,I92="مرحل ✔"),COUNTIFS($C$11:C92,'دفتر الأستاذ'!$C$6,$I$11:I92,"مرحل ✔"),"")
D93: =IF(C93="","",IFERROR(INDEX('شجرة الحسابات'!$B$9:$B$208,MATCH(C93,'شجرة الحسابات'!$A$9:$A$208,0)),"⚠ حساب غير معرف")) | I93: =IF(A93="",IF(M93="فارغ","","✖ بدون رقم قيد"),IF(COUNTIFS('قيود اليومية'!$A$11:$A$1010,A93,'قيود اليومية'!$M$11:$M$1010,"<>OK",'قيود اليومية'!$M$11:$M$1010,"<>فارغ")>0,"✖ خطأ بالحساب",IF(ROUND(SUMIFS('قيود اليومية'!$G$11:$G$1010,'قيود اليومية'!$A$11:$A$1010,A93)-SUMIFS('قيود اليومية'!$H$11:$H$1010,'قيود اليومية'!$A$11:$A$1010,A93),2)<>0,"✖ غير متوازن","مرحل ✔"))) | J93: =IF(C93="","",IFERROR(INDEX('شجرة الحسابات'!$E$9:$E$208,MATCH(C93,'شجرة الحسابات'!$A$9:$A$208,0))&"","")) | K93: =IF(C93="","",IFERROR(INDEX('شجرة الحسابات'!$I$9:$I$208,MATCH(C93,'شجرة الحسابات'!$A$9:$A$208,0))&"","")) | L93: =IF(C93="","",IFERROR(INDEX('شجرة الحسابات'!$C$9:$C$208,MATCH(C93,'شجرة الحسابات'!$A$9:$A$208,0))&"","")) | M93: =IF(AND(C93="",G93="",H93=""),"فارغ",IF(ISNA(MATCH(C93,'شجرة الحسابات'!$A$9:$A$208,0)),"حساب غير معرف",IF(L93<>"تحليلي","حساب تجميعي",IF(AND(N(G93)>0,N(H93)>0),"مدين ودائن معاً",IF(N(G93)+N(H93)=0,"بدون قيمة","OK"))))) -> فارغ | N93: =IF(AND(E93<>"",E93='كشف حساب مشروع'!$C$6,I93="مرحل ✔"),COUNTIFS($E$11:E93,'كشف حساب مشروع'!$C$6,$I$11:I93,"مرحل ✔"),"") | O93: =IF(AND(C93<>"",C93='دفتر الأستاذ'!$C$6,I93="مرحل ✔"),COUNTIFS($C$11:C93,'دفتر الأستاذ'!$C$6,$I$11:I93,"مرحل ✔"),"")
D94: =IF(C94="","",IFERROR(INDEX('شجرة الحسابات'!$B$9:$B$208,MATCH(C94,'شجرة الحسابات'!$A$9:$A$208,0)),"⚠ حساب غير معرف")) | I94: =IF(A94="",IF(M94="فارغ","","✖ بدون رقم قيد"),IF(COUNTIFS('قيود اليومية'!$A$11:$A$1010,A94,'قيود اليومية'!$M$11:$M$1010,"<>OK",'قيود اليومية'!$M$11:$M$1010,"<>فارغ")>0,"✖ خطأ بالحساب",IF(ROUND(SUMIFS('قيود اليومية'!$G$11:$G$1010,'قيود اليومية'!$A$11:$A$1010,A94)-SUMIFS('قيود اليومية'!$H$11:$H$1010,'قيود اليومية'!$A$11:$A$1010,A94),2)<>0,"✖ غير متوازن","مرحل ✔"))) | J94: =IF(C94="","",IFERROR(INDEX('شجرة الحسابات'!$E$9:$E$208,MATCH(C94,'شجرة الحسابات'!$A$9:$A$208,0))&"","")) | K94: =IF(C94="","",IFERROR(INDEX('شجرة الحسابات'!$I$9:$I$208,MATCH(C94,'شجرة الحسابات'!$A$9:$A$208,0))&"","")) | L94: =IF(C94="","",IFERROR(INDEX('شجرة الحسابات'!$C$9:$C$208,MATCH(C94,'شجرة الحسابات'!$A$9:$A$208,0))&"","")) | M94: =IF(AND(C94="",G94="",H94=""),"فارغ",IF(ISNA(MATCH(C94,'شجرة الحسابات'!$A$9:$A$208,0)),"حساب غير معرف",IF(L94<>"تحليلي","حساب تجميعي",IF(AND(N(G94)>0,N(H94)>0),"مدين ودائن معاً",IF(N(G94)+N(H94)=0,"بدون قيمة","OK"))))) -> فارغ | N94: =IF(AND(E94<>"",E94='كشف حساب مشروع'!$C$6,I94="مرحل ✔"),COUNTIFS($E$11:E94,'كشف حساب مشروع'!$C$6,$I$11:I94,"مرحل ✔"),"") | O94: =IF(AND(C94<>"",C94='دفتر الأستاذ'!$C$6,I94="مرحل ✔"),COUNTIFS($C$11:C94,'دفتر الأستاذ'!$C$6,$I$11:I94,"مرحل ✔"),"")
D95: =IF(C95="","",IFERROR(INDEX('شجرة الحسابات'!$B$9:$B$208,MATCH(C95,'شجرة الحسابات'!$A$9:$A$208,0)),"⚠ حساب غير معرف")) | I95: =IF(A95="",IF(M95="فارغ","","✖ بدون رقم قيد"),IF(COUNTIFS('قيود اليومية'!$A$11:$A$1010,A95,'قيود اليومية'!$M$11:$M$1010,"<>OK",'قيود اليومية'!$M$11:$M$1010,"<>فارغ")>0,"✖ خطأ بالحساب",IF(ROUND(SUMIFS('قيود اليومية'!$G$11:$G$1010,'قيود اليومية'!$A$11:$A$1010,A95)-SUMIFS('قيود اليومية'!$H$11:$H$1010,'قيود اليومية'!$A$11:$A$1010,A95),2)<>0,"✖ غير متوازن","مرحل ✔"))) | J95: =IF(C95="","",IFERROR(INDEX('شجرة الحسابات'!$E$9:$E$208,MATCH(C95,'شجرة الحسابات'!$A$9:$A$208,0))&"","")) | K95: =IF(C95="","",IFERROR(INDEX('شجرة الحسابات'!$I$9:$I$208,MATCH(C95,'شجرة الحسابات'!$A$9:$A$208,0))&"","")) | L95: =IF(C95="","",IFERROR(INDEX('شجرة الحسابات'!$C$9:$C$208,MATCH(C95,'شجرة الحسابات'!$A$9:$A$208,0))&"","")) | M95: =IF(AND(C95="",G95="",H95=""),"فارغ",IF(ISNA(MATCH(C95,'شجرة الحسابات'!$A$9:$A$208,0)),"حساب غير معرف",IF(L95<>"تحليلي","حساب تجميعي",IF(AND(N(G95)>0,N(H95)>0),"مدين ودائن معاً",IF(N(G95)+N(H95)=0,"بدون قيمة","OK"))))) -> فارغ | N95: =IF(AND(E95<>"",E95='كشف حساب مشروع'!$C$6,I95="مرحل ✔"),COUNTIFS($E$11:E95,'كشف حساب مشروع'!$C$6,$I$11:I95,"مرحل ✔"),"") | O95: =IF(AND(C95<>"",C95='دفتر الأستاذ'!$C$6,I95="مرحل ✔"),COUNTIFS($C$11:C95,'دفتر الأستاذ'!$C$6,$I$11:I95,"مرحل ✔"),"")
D96: =IF(C96="","",IFERROR(INDEX('شجرة الحسابات'!$B$9:$B$208,MATCH(C96,'شجرة الحسابات'!$A$9:$A$208,0)),"⚠ حساب غير معرف")) | I96: =IF(A96="",IF(M96="فارغ","","✖ بدون رقم قيد"),IF(COUNTIFS('قيود اليومية'!$A$11:$A$1010,A96,'قيود اليومية'!$M$11:$M$1010,"<>OK",'قيود اليومية'!$M$11:$M$1010,"<>فارغ")>0,"✖ خطأ بالحساب",IF(ROUND(SUMIFS('قيود اليومية'!$G$11:$G$1010,'قيود اليومية'!$A$11:$A$1010,A96)-SUMIFS('قيود اليومية'!$H$11:$H$1010,'قيود اليومية'!$A$11:$A$1010,A96),2)<>0,"✖ غير متوازن","مرحل ✔"))) | J96: =IF(C96="","",IFERROR(INDEX('شجرة الحسابات'!$E$9:$E$208,MATCH(C96,'شجرة الحسابات'!$A$9:$A$208,0))&"","")) | K96: =IF(C96="","",IFERROR(INDEX('شجرة الحسابات'!$I$9:$I$208,MATCH(C96,'شجرة الحسابات'!$A$9:$A$208,0))&"","")) | L96: =IF(C96="","",IFERROR(INDEX('شجرة الحسابات'!$C$9:$C$208,MATCH(C96,'شجرة الحسابات'!$A$9:$A$208,0))&"","")) | M96: =IF(AND(C96="",G96="",H96=""),"فارغ",IF(ISNA(MATCH(C96,'شجرة الحسابات'!$A$9:$A$208,0)),"حساب غير معرف",IF(L96<>"تحليلي","حساب تجميعي",IF(AND(N(G96)>0,N(H96)>0),"مدين ودائن معاً",IF(N(G96)+N(H96)=0,"بدون قيمة","OK"))))) -> فارغ | N96: =IF(AND(E96<>"",E96='كشف حساب مشروع'!$C$6,I96="مرحل ✔"),COUNTIFS($E$11:E96,'كشف حساب مشروع'!$C$6,$I$11:I96,"مرحل ✔"),"") | O96: =IF(AND(C96<>"",C96='دفتر الأستاذ'!$C$6,I96="مرحل ✔"),COUNTIFS($C$11:C96,'دفتر الأستاذ'!$C$6,$I$11:I96,"مرحل ✔"),"")
D97: =IF(C97="","",IFERROR(INDEX('شجرة الحسابات'!$B$9:$B$208,MATCH(C97,'شجرة الحسابات'!$A$9:$A$208,0)),"⚠ حساب غير معرف")) | I97: =IF(A97="",IF(M97="فارغ","","✖ بدون رقم قيد"),IF(COUNTIFS('قيود اليومية'!$A$11:$A$1010,A97,'قيود اليومية'!$M$11:$M$1010,"<>OK",'قيود اليومية'!$M$11:$M$1010,"<>فارغ")>0,"✖ خطأ بالحساب",IF(ROUND(SUMIFS('قيود اليومية'!$G$11:$G$1010,'قيود اليومية'!$A$11:$A$1010,A97)-SUMIFS('قيود اليومية'!$H$11:$H$1010,'قيود اليومية'!$A$11:$A$1010,A97),2)<>0,"✖ غير متوازن","مرحل ✔"))) | J97: =IF(C97="","",IFERROR(INDEX('شجرة الحسابات'!$E$9:$E$208,MATCH(C97,'شجرة الحسابات'!$A$9:$A$208,0))&"","")) | K97: =IF(C97="","",IFERROR(INDEX('شجرة الحسابات'!$I$9:$I$208,MATCH(C97,'شجرة الحسابات'!$A$9:$A$208,0))&"","")) | L97: =IF(C97="","",IFERROR(INDEX('شجرة الحسابات'!$C$9:$C$208,MATCH(C97,'شجرة الحسابات'!$A$9:$A$208,0))&"","")) | M97: =IF(AND(C97="",G97="",H97=""),"فارغ",IF(ISNA(MATCH(C97,'شجرة الحسابات'!$A$9:$A$208,0)),"حساب غير معرف",IF(L97<>"تحليلي","حساب تجميعي",IF(AND(N(G97)>0,N(H97)>0),"مدين ودائن معاً",IF(N(G97)+N(H97)=0,"بدون قيمة","OK"))))) -> فارغ | N97: =IF(AND(E97<>"",E97='كشف حساب مشروع'!$C$6,I97="مرحل ✔"),COUNTIFS($E$11:E97,'كشف حساب مشروع'!$C$6,$I$11:I97,"مرحل ✔"),"") | O97: =IF(AND(C97<>"",C97='دفتر الأستاذ'!$C$6,I97="مرحل ✔"),COUNTIFS($C$11:C97,'دفتر الأستاذ'!$C$6,$I$11:I97,"مرحل ✔"),"")
... D1010: =IF(C1010="","",IFERROR(INDEX('شجرة الحسابات'!$B$9:$B$208,MATCH(C1010,'شجرة الحسابات'!$A$9:$A$208,0)),"⚠ حساب غير معرف")) | I1010: =IF(A1010="",IF(M1010="فارغ","","✖ بدون رقم قيد"),IF(COUNTIFS('قيود اليومية'!$A$11:$A$1010,A1010,'قيود اليومية'!$M$11:$M$1010,"<>OK",'قيود اليومية'!$M$11:$M$1010,"<>فارغ")>0,"✖ خطأ بالحساب",IF(ROUND(SUMIFS('قيود اليومية'!$G$11:$G$1010,'قيود اليومية'!$A$11:$A$1010,A1010)-SUMIFS('قيود اليومية'!$H$11:$H$1010,'قيود اليومية'!$A$11:$A$1010,A1010),2)<>0,"✖ غير متوازن","مرحل ✔"))) | J1010: =IF(C1010="","",IFERROR(INDEX('شجرة الحسابات'!$E$9:$E$208,MATCH(C1010,'شجرة الحسابات'!$A$9:$A$208,0))&"","")) | K1010: =IF(C1010="","",IFERROR(INDEX('شجرة الحسابات'!$I$9:$I$208,MATCH(C1010,'شجرة الحسابات'!$A$9:$A$208,0))&"","")) | L1010: =IF(C1010="","",IFERROR(INDEX('شجرة الحسابات'!$C$9:$C$208,MATCH(C1010,'شجرة الحسابات'!$A$9:$A$208,0))&"","")) | M1010: =IF(AND(C1010="",G1010="",H1010=""),"فارغ",IF(ISNA(MATCH(C1010,'شجرة الحسابات'!$A$9:$A$208,0)),"حساب غير معرف",IF(L1010<>"تحليلي","حساب تجميعي",IF(AND(N(G1010)>0,N(H1010)>0),"مدين ودائن معاً",IF(N(G1010)+N(H1010)=0,"بدون قيمة","OK"))))) -> فارغ | N1010: =IF(AND(E1010<>"",E1010='كشف حساب مشروع'!$C$6,I1010="مرحل ✔"),COUNTIFS($E$11:E1010,'كشف حساب مشروع'!$C$6,$I$11:I1010,"مرحل ✔"),"") | O1010: =IF(AND(C1010<>"",C1010='دفتر الأستاذ'!$C$6,I1010="مرحل ✔"),COUNTIFS($C$11:C1010,'دفتر الأستاذ'!$C$6,$I$11:I1010,"مرحل ✔"),"")

Sheet تجميع المشروعات
A1: دفتر أستاذ وتجميع تكاليف المشروعات
A2: =الرئيسية!$C$6&" | الفترة المنتهية في: "&TEXT(الرئيسية!$C$7,"yyyy/mm/dd")&" | المبالغ بـ "&الرئيسية!$G$7 -> شركة الإعمار الحديثة للمقاولات العامة | الفترة المنتهية في: 2026/03/31 | المبالغ بـ ريال
A3: 🏠 الرئيسية | B3: 🌳 الشجرة | C3: ✍ القيود | D3: 📄 كشف مشروع | E3: 📒 الأستاذ | F3: ⚖ الميزان | G3: 📈 الدخل | H3: 🏦 المركز المالي
A5: عدد المشروعات | C5: إجمالي قيم العقود | D5: إجمالي إيرادات المستخلصات | F5: إجمالي تكاليف المشروعات | I5: مجمل ربح المشروعات | L5: متوسط هامش الربح | N5: محتجزات ضمان لدى العملاء
A6: =COUNTA(B9:B28) -> 3 | C6: =D29 -> 10000000 | D6: =O29 -> 2700000 | F6: =M29 -> 2075000 | I6: =P29 -> 625000 | L6: =IFERROR(P29/O29,0) -> 0.23148148 | N6: =T29 -> 195000
A8: كود المشروع | B8: اسم المشروع | C8: العميل | D8: قيمة العقد | E8: التكلفة التقديرية | F8: تاريخ البدء | G8: الحالة | H8: مواد | I8: أجور عمال | J8: مقاولو باطن | K8: معدات | L8: مصاريف موقع | M8: إجمالي التكلفة المحملة | N8: تكاليف تحت التنفيذ (مرسملة) | O8: إيرادات المستخلصات | P8: مجمل الربح | Q8: هامش الربح | R8: نسبة الإنجاز (تكلفة) | S8: نسبة الفوترة | T8: محتجزات لدى العميل | U8: رصيد الدفعة المقدمة
A9: P-001 | B9: برج الريان التجاري | C9: شركة الريان للاستثمار العقاري | D9: 5000000 | E9: 4100000 | F9: 46023 | G9: قيد التنفيذ | H9: =IF($B9="","",SUMIFS('قيود اليومية'!$G$11:$G$1010,'قيود اليومية'!$E$11:$E$1010,$B9,'قيود اليومية'!$K$11:$K$1010,"مواد",'قيود اليومية'!$I$11:$I$1010,"مرحل ✔")-SUMIFS('قيود اليومية'!$H$11:$H$1010,'قيود اليومية'!$E$11:$E$1010,$B9,'قيود اليومية'!$K$11:$K$1010,"مواد",'قيود اليومية'!$I$11:$I$1010,"مرحل ✔")) -> 420000 | I9: =IF($B9="","",SUMIFS('قيود اليومية'!$G$11:$G$1010,'قيود اليومية'!$E$11:$E$1010,$B9,'قيود اليومية'!$K$11:$K$1010,"أجور عمال",'قيود اليومية'!$I$11:$I$1010,"مرحل ✔")-SUMIFS('قيود اليومية'!$H$11:$H$1010,'قيود اليومية'!$E$11:$E$1010,$B9,'قيود اليومية'!$K$11:$K$1010,"أجور عمال",'قيود اليومية'!$I$11:$I$1010,"مرحل ✔")) -> 180000 | J9: =IF($B9="","",SUMIFS('قيود اليومية'!$G$11:$G$1010,'قيود اليومية'!$E$11:$E$1010,$B9,'قيود اليومية'!$K$11:$K$1010,"مقاولو باطن",'قيود اليومية'!$I$11:$I$1010,"مرحل ✔")-SUMIFS('قيود اليومية'!$H$11:$H$1010,'قيود اليومية'!$E$11:$E$1010,$B9,'قيود اليومية'!$K$11:$K$1010,"مقاولو باطن",'قيود اليومية'!$I$11:$I$1010,"مرحل ✔")) -> 600000 | K9: =IF($B9="","",SUMIFS('قيود اليومية'!$G$11:$G$1010,'قيود اليومية'!$E$11:$E$1010,$B9,'قيود اليومية'!$K$11:$K$1010,"معدات",'قيود اليومية'!$I$11:$I$1010,"مرحل ✔")-SUMIFS('قيود اليومية'!$H$11:$H$1010,'قيود اليومية'!$E$11:$E$1010,$B9,'قيود اليومية'!$K$11:$K$1010,"معدات",'قيود اليومية'!$I$11:$I$1010,"مرحل ✔")) -> 60000 | L9: =IF($B9="","",SUMIFS('قيود اليومية'!$G$11:$G$1010,'قيود اليومية'!$E$11:$E$1010,$B9,'قيود اليومية'!$K$11:$K$1010,"مصاريف موقع",'قيود اليومية'!$I$11:$I$1010,"مرحل ✔")-SUMIFS('قيود اليومية'!$H$11:$H$1010,'قيود اليومية'!$E$11:$E$1010,$B9,'قيود اليومية'!$K$11:$K$1010,"مصاريف موقع",'قيود اليومية'!$I$11:$I$1010,"مرحل ✔")) -> 32000 | M9: =IF($B9="","",SUM(H9:L9)) -> 1292000 | N9: =IF($B9="","",SUMIFS('قيود اليومية'!$G$11:$G$1010,'قيود اليومية'!$E$11:$E$1010,$B9,'قيود اليومية'!$C$11:$C$1010,1108,'قيود اليومية'!$I$11:$I$1010,"مرحل ✔")-SUMIFS('قيود اليومية'!$H$11:$H$1010,'قيود اليومية'!$E$11:$E$1010,$B9,'قيود اليومية'!$C$11:$C$1010,1108,'قيود اليومية'!$I$11:$I$1010,"مرحل ✔")) -> 0 | O9: =IF($B9="","",SUMIFS('قيود اليومية'!$H$11:$H$1010,'قيود اليومية'!$E$11:$E$1010,$B9,'قيود اليومية'!$J$11:$J$1010,"الإيرادات",'قيود اليومية'!$C$11:$C$1010,"<4200",'قيود اليومية'!$I$11:$I$1010,"مرحل ✔")-SUMIFS('قيود اليومية'!$G$11:$G$1010,'قيود اليومية'!$E$11:$E$1010,$B9,'قيود اليومية'!$J$11:$J$1010,"الإيرادات",'قيود اليومية'!$C$11:$C$1010,"<4200",'قيود اليومية'!$I$11:$I$1010,"مرحل ✔")) -> 1620000 | P9: =IF($B9="","",O9-M9) -> 328000 | Q9: =IF($B9="","",IFERROR(P9/O9,0)) -> 0.20246914 | R9: =IF($B9="","",IFERROR((M9+N9)/E9,0)) -> 0.31512195 | S9: =IF($B9="","",IFERROR(O9/D9,0)) -> 0.324 | T9: =IF($B9="","",SUMIFS('قيود اليومية'!$G$11:$G$1010,'قيود اليومية'!$E$11:$E$1010,$B9,'قيود اليومية'!$C$11:$C$1010,1104,'قيود اليومية'!$I$11:$I$1010,"مرحل ✔")-SUMIFS('قيود اليومية'!$H$11:$H$1010,'قيود اليومية'!$E$11:$E$1010,$B9,'قيود اليومية'!$C$11:$C$1010,1104,'قيود اليومية'!$I$11:$I$1010,"مرحل ✔")) -> 150000 | U9: =IF($B9="","",SUMIFS('قيود اليومية'!$H$11:$H$1010,'قيود اليومية'!$E$11:$E$1010,$B9,'قيود اليومية'!$C$11:$C$1010,2104,'قيود اليومية'!$I$11:$I$1010,"مرحل ✔")-SUMIFS('قيود اليومية'!$G$11:$G$1010,'قيود اليومية'!$E$11:$E$1010,$B9,'قيود اليومية'!$C$11:$C$1010,2104,'قيود اليومية'!$I$11:$I$1010,"مرحل ✔")) -> 525000
A10: P-002 | B10: مجمع فلل النخيل السكني | C10: مؤسسة النخيل للتطوير | D10: 3200000 | E10: 2650000 | F10: 46032 | G10: قيد التنفيذ | H10: =IF($B10="","",SUMIFS('قيود اليومية'!$G$11:$G$1010,'قيود اليومية'!$E$11:$E$1010,$B10,'قيود اليومية'!$K$11:$K$1010,"مواد",'قيود اليومية'!$I$11:$I$1010,"مرحل ✔")-SUMIFS('قيود اليومية'!$H$11:$H$1010,'قيود اليومية'!$E$11:$E$1010,$B10,'قيود اليومية'!$K$11:$K$1010,"مواد",'قيود اليومية'!$I$11:$I$1010,"مرحل ✔")) -> 260000 | I10: =IF($B10="","",SUMIFS('قيود اليومية'!$G$11:$G$1010,'قيود اليومية'!$E$11:$E$1010,$B10,'قيود اليومية'!$K$11:$K$1010,"أجور عمال",'قيود اليومية'!$I$11:$I$1010,"مرحل ✔")-SUMIFS('قيود اليومية'!$H$11:$H$1010,'قيود اليومية'!$E$11:$E$1010,$B10,'قيود اليومية'!$K$11:$K$1010,"أجور عمال",'قيود اليومية'!$I$11:$I$1010,"مرحل ✔")) -> 160000 | J10: =IF($B10="","",SUMIFS('قيود اليومية'!$G$11:$G$1010,'قيود اليومية'!$E$11:$E$1010,$B10,'قيود اليومية'!$K$11:$K$1010,"مقاولو باطن",'قيود اليومية'!$I$11:$I$1010,"مرحل ✔")-SUMIFS('قيود اليومية'!$H$11:$H$1010,'قيود اليومية'!$E$11:$E$1010,$B10,'قيود اليومية'!$K$11:$K$1010,"مقاولو باطن",'قيود اليومية'!$I$11:$I$1010,"مرحل ✔")) -> 250000 | K10: =IF($B10="","",SUMIFS('قيود اليومية'!$G$11:$G$1010,'قيود اليومية'!$E$11:$E$1010,$B10,'قيود اليومية'!$K$11:$K$1010,"معدات",'قيود اليومية'!$I$11:$I$1010,"مرحل ✔")-SUMIFS('قيود اليومية'!$H$11:$H$1010,'قيود اليومية'!$E$11:$E$1010,$B10,'قيود اليومية'!$K$11:$K$1010,"معدات",'قيود اليومية'!$I$11:$I$1010,"مرحل ✔")) -> 95000 | L10: =IF($B10="","",SUMIFS('قيود اليومية'!$G$11:$G$1010,'قيود اليومية'!$E$11:$E$1010,$B10,'قيود اليومية'!$K$11:$K$1010,"مصاريف موقع",'قيود اليومية'!$I$11:$I$1010,"مرحل ✔")-SUMIFS('قيود اليومية'!$H$11:$H$1010,'قيود اليومية'!$E$11:$E$1010,$B10,'قيود اليومية'!$K$11:$K$1010,"مصاريف موقع",'قيود اليومية'!$I$11:$I$1010,"مرحل ✔")) -> 18000 | M10: =IF($B10="","",SUM(H10:L10)) -> 783000 | N10: =IF($B10="","",SUMIFS('قيود اليومية'!$G$11:$G$1010,'قيود اليومية'!$E$11:$E$1010,$B10,'قيود اليومية'!$C$11:$C$1010,1108,'قيود اليومية'!$I$11:$I$1010,"مرحل ✔")-SUMIFS('قيود اليومية'!$H$11:$H$1010,'قيود اليومية'!$E$11:$E$1010,$B10,'قيود اليومية'!$C$11:$C$1010,1108,'قيود اليومية'!$I$11:$I$1010,"مرحل ✔")) -> 0 | O10: =IF($B10="","",SUMIFS('قيود اليومية'!$H$11:$H$1010,'قيود اليومية'!$E$11:$E$1010,$B10,'قيود اليومية'!$J$11:$J$1010,"الإيرادات",'قيود اليومية'!$C$11:$C$1010,"<4200",'قيود اليومية'!$I$11:$I$1010,"مرحل ✔")-SUMIFS('قيود اليومية'!$G$11:$G$1010,'قيود اليومية'!$E$11:$E$1010,$B10,'قيود اليومية'!$J$11:$J$1010,"الإيرادات",'قيود اليومية'!$C$11:$C$1010,"<4200",'قيود اليومية'!$I$11:$I$1010,"مرحل ✔")) -> 1080000 | P10: =IF($B10="","",O10-M10) -> 297000 | Q10: =IF($B10="","",IFERROR(P10/O10,0)) -> 0.275 | R10: =IF($B10="","",IFERROR((M10+N10)/E10,0)) -> 0.2954717 | S10: =IF($B10="","",IFERROR(O10/D10,0)) -> 0.3375 | T10: =IF($B10="","",SUMIFS('قيود اليومية'!$G$11:$G$1010,'قيود اليومية'!$E$11:$E$1010,$B10,'قيود اليومية'!$C$11:$C$1010,1104,'قيود اليومية'!$I$11:$I$1010,"مرحل ✔")-SUMIFS('قيود اليومية'!$H$11:$H$1010,'قيود اليومية'!$E$11:$E$1010,$B10,'قيود اليومية'!$C$11:$C$1010,1104,'قيود اليومية'!$I$11:$I$1010,"مرحل ✔")) -> 45000 | U10: =IF($B10="","",SUMIFS('قيود اليومية'!$H$11:$H$1010,'قيود اليومية'!$E$11:$E$1010,$B10,'قيود اليومية'!$C$11:$C$1010,2104,'قيود اليومية'!$I$11:$I$1010,"مرحل ✔")-SUMIFS('قيود اليومية'!$G$11:$G$1010,'قيود اليومية'!$E$11:$E$1010,$B10,'قيود اليومية'!$C$11:$C$1010,2104,'قيود اليومية'!$I$11:$I$1010,"مرحل ✔")) -> 230000
A11: P-003 | B11: توسعة مستشفى الشفاء | C11: الهيئة الصحية الإقليمية | D11: 1800000 | E11: 1500000 | F11: 46106 | G11: لم يبدأ | H11: =IF($B11="","",SUMIFS('قيود اليومية'!$G$11:$G$1010,'قيود اليومية'!$E$11:$E$1010,$B11,'قيود اليومية'!$K$11:$K$1010,"مواد",'قيود اليومية'!$I$11:$I$1010,"مرحل ✔")-SUMIFS('قيود اليومية'!$H$11:$H$1010,'قيود اليومية'!$E$11:$E$1010,$B11,'قيود اليومية'!$K$11:$K$1010,"مواد",'قيود اليومية'!$I$11:$I$1010,"مرحل ✔")) -> 0 | I11: =IF($B11="","",SUMIFS('قيود اليومية'!$G$11:$G$1010,'قيود اليومية'!$E$11:$E$1010,$B11,'قيود اليومية'!$K$11:$K$1010,"أجور عمال",'قيود اليومية'!$I$11:$I$1010,"مرحل ✔")-SUMIFS('قيود اليومية'!$H$11:$H$1010,'قيود اليومية'!$E$11:$E$1010,$B11,'قيود اليومية'!$K$11:$K$1010,"أجور عمال",'قيود اليومية'!$I$11:$I$1010,"مرحل ✔")) -> 0 | J11: =IF($B11="","",SUMIFS('قيود اليومية'!$G$11:$G$1010,'قيود اليومية'!$E$11:$E$1010,$B11,'قيود اليومية'!$K$11:$K$1010,"مقاولو باطن",'قيود اليومية'!$I$11:$I$1010,"مرحل ✔")-SUMIFS('قيود اليومية'!$H$11:$H$1010,'قيود اليومية'!$E$11:$E$1010,$B11,'قيود اليومية'!$K$11:$K$1010,"مقاولو باطن",'قيود اليومية'!$I$11:$I$1010,"مرحل ✔")) -> 0 | K11: =IF($B11="","",SUMIFS('قيود اليومية'!$G$11:$G$1010,'قيود اليومية'!$E$11:$E$1010,$B11,'قيود اليومية'!$K$11:$K$1010,"معدات",'قيود اليومية'!$I$11:$I$1010,"مرحل ✔")-SUMIFS('قيود اليومية'!$H$11:$H$1010,'قيود اليومية'!$E$11:$E$1010,$B11,'قيود اليومية'!$K$11:$K$1010,"معدات",'قيود اليومية'!$I$11:$I$1010,"مرحل ✔")) -> 0 | L11: =IF($B11="","",SUMIFS('قيود اليومية'!$G$11:$G$1010,'قيود اليومية'!$E$11:$E$1010,$B11,'قيود اليومية'!$K$11:$K$1010,"مصاريف موقع",'قيود اليومية'!$I$11:$I$1010,"مرحل ✔")-SUMIFS('قيود اليومية'!$H$11:$H$1010,'قيود اليومية'!$E$11:$E$1010,$B11,'قيود اليومية'!$K$11:$K$1010,"مصاريف موقع",'قيود اليومية'!$I$11:$I$1010,"مرحل ✔")) -> 0 | M11: =IF($B11="","",SUM(H11:L11)) -> 0 | N11: =IF($B11="","",SUMIFS('قيود اليومية'!$G$11:$G$1010,'قيود اليومية'!$E$11:$E$1010,$B11,'قيود اليومية'!$C$11:$C$1010,1108,'قيود اليومية'!$I$11:$I$1010,"مرحل ✔")-SUMIFS('قيود اليومية'!$H$11:$H$1010,'قيود اليومية'!$E$11:$E$1010,$B11,'قيود اليومية'!$C$11:$C$1010,1108,'قيود اليومية'!$I$11:$I$1010,"مرحل ✔")) -> 95000 | O11: =IF($B11="","",SUMIFS('قيود اليومية'!$H$11:$H$1010,'قيود اليومية'!$E$11:$E$1010,$B11,'قيود اليومية'!$J$11:$J$1010,"الإيرادات",'قيود اليومية'!$C$11:$C$1010,"<4200",'قيود اليومية'!$I$11:$I$1010,"مرحل ✔")-SUMIFS('قيود اليومية'!$G$11:$G$1010,'قيود اليومية'!$E$11:$E$1010,$B11,'قيود اليومية'!$J$11:$J$1010,"الإيرادات",'قيود اليومية'!$C$11:$C$1010,"<4200",'قيود اليومية'!$I$11:$I$1010,"مرحل ✔")) -> 0 | P11: =IF($B11="","",O11-M11) -> 0 | Q11: =IF($B11="","",IFERROR(P11/O11,0)) -> 0 | R11: =IF($B11="","",IFERROR((M11+N11)/E11,0)) -> 0.063333333 | S11: =IF($B11="","",IFERROR(O11/D11,0)) -> 0 | T11: =IF($B11="","",SUMIFS('قيود اليومية'!$G$11:$G$1010,'قيود اليومية'!$E$11:$E$1010,$B11,'قيود اليومية'!$C$11:$C$1010,1104,'قيود اليومية'!$I$11:$I$1010,"مرحل ✔")-SUMIFS('قيود اليومية'!$H$11:$H$1010,'قيود اليومية'!$E$11:$E$1010,$B11,'قيود اليومية'!$C$11:$C$1010,1104,'قيود اليومية'!$I$11:$I$1010,"مرحل ✔")) -> 0 | U11: =IF($B11="","",SUMIFS('قيود اليومية'!$H$11:$H$1010,'قيود اليومية'!$E$11:$E$1010,$B11,'قيود اليومية'!$C$11:$C$1010,2104,'قيود اليومية'!$I$11:$I$1010,"مرحل ✔")-SUMIFS('قيود اليومية'!$G$11:$G$1010,'قيود اليومية'!$E$11:$E$1010,$B11,'قيود اليومية'!$C$11:$C$1010,2104,'قيود اليومية'!$I$11:$I$1010,"مرحل ✔")) -> 0
H12: =IF($B12="","",SUMIFS('قيود اليومية'!$G$11:$G$1010,'قيود اليومية'!$E$11:$E$1010,$B12,'قيود اليومية'!$K$11:$K$1010,"مواد",'قيود اليومية'!$I$11:$I$1010,"مرحل ✔")-SUMIFS('قيود اليومية'!$H$11:$H$1010,'قيود اليومية'!$E$11:$E$1010,$B12,'قيود اليومية'!$K$11:$K$1010,"مواد",'قيود اليومية'!$I$11:$I$1010,"مرحل ✔")) | I12: =IF($B12="","",SUMIFS('قيود اليومية'!$G$11:$G$1010,'قيود اليومية'!$E$11:$E$1010,$B12,'قيود اليومية'!$K$11:$K$1010,"أجور عمال",'قيود اليومية'!$I$11:$I$1010,"مرحل ✔")-SUMIFS('قيود اليومية'!$H$11:$H$1010,'قيود اليومية'!$E$11:$E$1010,$B12,'قيود اليومية'!$K$11:$K$1010,"أجور عمال",'قيود اليومية'!$I$11:$I$1010,"مرحل ✔")) | J12: =IF($B12="","",SUMIFS('قيود اليومية'!$G$11:$G$1010,'قيود اليومية'!$E$11:$E$1010,$B12,'قيود اليومية'!$K$11:$K$1010,"مقاولو باطن",'قيود اليومية'!$I$11:$I$1010,"مرحل ✔")-SUMIFS('قيود اليومية'!$H$11:$H$1010,'قيود اليومية'!$E$11:$E$1010,$B12,'قيود اليومية'!$K$11:$K$1010,"مقاولو باطن",'قيود اليومية'!$I$11:$I$1010,"مرحل ✔")) | K12: =IF($B12="","",SUMIFS('قيود اليومية'!$G$11:$G$1010,'قيود اليومية'!$E$11:$E$1010,$B12,'قيود اليومية'!$K$11:$K$1010,"معدات",'قيود اليومية'!$I$11:$I$1010,"مرحل ✔")-SUMIFS('قيود اليومية'!$H$11:$H$1010,'قيود اليومية'!$E$11:$E$1010,$B12,'قيود اليومية'!$K$11:$K$1010,"معدات",'قيود اليومية'!$I$11:$I$1010,"مرحل ✔")) | L12: =IF($B12="","",SUMIFS('قيود اليومية'!$G$11:$G$1010,'قيود اليومية'!$E$11:$E$1010,$B12,'قيود اليومية'!$K$11:$K$1010,"مصاريف موقع",'قيود اليومية'!$I$11:$I$1010,"مرحل ✔")-SUMIFS('قيود اليومية'!$H$11:$H$1010,'قيود اليومية'!$E$11:$E$1010,$B12,'قيود اليومية'!$K$11:$K$1010,"مصاريف موقع",'قيود اليومية'!$I$11:$I$1010,"مرحل ✔")) | M12: =IF($B12="","",SUM(H12:L12)) | N12: =IF($B12="","",SUMIFS('قيود اليومية'!$G$11:$G$1010,'قيود اليومية'!$E$11:$E$1010,$B12,'قيود اليومية'!$C$11:$C$1010,1108,'قيود اليومية'!$I$11:$I$1010,"مرحل ✔")-SUMIFS('قيود اليومية'!$H$11:$H$1010,'قيود اليومية'!$E$11:$E$1010,$B12,'قيود اليومية'!$C$11:$C$1010,1108,'قيود اليومية'!$I$11:$I$1010,"مرحل ✔")) | O12: =IF($B12="","",SUMIFS('قيود اليومية'!$H$11:$H$1010,'قيود اليومية'!$E$11:$E$1010,$B12,'قيود اليومية'!$J$11:$J$1010,"الإيرادات",'قيود اليومية'!$C$11:$C$1010,"<4200",'قيود اليومية'!$I$11:$I$1010,"مرحل ✔")-SUMIFS('قيود اليومية'!$G$11:$G$1010,'قيود اليومية'!$E$11:$E$1010,$B12,'قيود اليومية'!$J$11:$J$1010,"الإيرادات",'قيود اليومية'!$C$11:$C$1010,"<4200",'قيود اليومية'!$I$11:$I$1010,"مرحل ✔")) | P12: =IF($B12="","",O12-M12) | Q12: =IF($B12="","",IFERROR(P12/O12,0)) | R12: =IF($B12="","",IFERROR((M12+N12)/E12,0)) | S12: =IF($B12="","",IFERROR(O12/D12,0)) | T12: =IF($B12="","",SUMIFS('قيود اليومية'!$G$11:$G$1010,'قيود اليومية'!$E$11:$E$1010,$B12,'قيود اليومية'!$C$11:$C$1010,1104,'قيود اليومية'!$I$11:$I$1010,"مرحل ✔")-SUMIFS('قيود اليومية'!$H$11:$H$1010,'قيود اليومية'!$E$11:$E$1010,$B12,'قيود اليومية'!$C$11:$C$1010,1104,'قيود اليومية'!$I$11:$I$1010,"مرحل ✔")) | U12: =IF($B12="","",SUMIFS('قيود اليومية'!$H$11:$H$1010,'قيود اليومية'!$E$11:$E$1010,$B12,'قيود اليومية'!$C$11:$C$1010,2104,'قيود اليومية'!$I$11:$I$1010,"مرحل ✔")-SUMIFS('قيود اليومية'!$G$11:$G$1010,'قيود اليومية'!$E$11:$E$1010,$B12,'قيود اليومية'!$C$11:$C$1010,2104,'قيود اليومية'!$I$11:$I$1010,"مرحل ✔"))
H13: =IF($B13="","",SUMIFS('قيود اليومية'!$G$11:$G$1010,'قيود اليومية'!$E$11:$E$1010,$B13,'قيود اليومية'!$K$11:$K$1010,"مواد",'قيود اليومية'!$I$11:$I$1010,"مرحل ✔")-SUMIFS('قيود اليومية'!$H$11:$H$1010,'قيود اليومية'!$E$11:$E$1010,$B13,'قيود اليومية'!$K$11:$K$1010,"مواد",'قيود اليومية'!$I$11:$I$1010,"مرحل ✔")) | I13: =IF($B13="","",SUMIFS('قيود اليومية'!$G$11:$G$1010,'قيود اليومية'!$E$11:$E$1010,$B13,'قيود اليومية'!$K$11:$K$1010,"أجور عمال",'قيود اليومية'!$I$11:$I$1010,"مرحل ✔")-SUMIFS('قيود اليومية'!$H$11:$H$1010,'قيود اليومية'!$E$11:$E$1010,$B13,'قيود اليومية'!$K$11:$K$1010,"أجور عمال",'قيود اليومية'!$I$11:$I$1010,"مرحل ✔")) | J13: =IF($B13="","",SUMIFS('قيود اليومية'!$G$11:$G$1010,'قيود اليومية'!$E$11:$E$1010,$B13,'قيود اليومية'!$K$11:$K$1010,"مقاولو باطن",'قيود اليومية'!$I$11:$I$1010,"مرحل ✔")-SUMIFS('قيود اليومية'!$H$11:$H$1010,'قيود اليومية'!$E$11:$E$1010,$B13,'قيود اليومية'!$K$11:$K$1010,"مقاولو باطن",'قيود اليومية'!$I$11:$I$1010,"مرحل ✔")) | K13: =IF($B13="","",SUMIFS('قيود اليومية'!$G$11:$G$1010,'قيود اليومية'!$E$11:$E$1010,$B13,'قيود اليومية'!$K$11:$K$1010,"معدات",'قيود اليومية'!$I$11:$I$1010,"مرحل ✔")-SUMIFS('قيود اليومية'!$H$11:$H$1010,'قيود اليومية'!$E$11:$E$1010,$B13,'قيود اليومية'!$K$11:$K$1010,"معدات",'قيود اليومية'!$I$11:$I$1010,"مرحل ✔")) | L13: =IF($B13="","",SUMIFS('قيود اليومية'!$G$11:$G$1010,'قيود اليومية'!$E$11:$E$1010,$B13,'قيود اليومية'!$K$11:$K$1010,"مصاريف موقع",'قيود اليومية'!$I$11:$I$1010,"مرحل ✔")-SUMIFS('قيود اليومية'!$H$11:$H$1010,'قيود اليومية'!$E$11:$E$1010,$B13,'قيود اليومية'!$K$11:$K$1010,"مصاريف موقع",'قيود اليومية'!$I$11:$I$1010,"مرحل ✔")) | M13: =IF($B13="","",SUM(H13:L13)) | N13: =IF($B13="","",SUMIFS('قيود اليومية'!$G$11:$G$1010,'قيود اليومية'!$E$11:$E$1010,$B13,'قيود اليومية'!$C$11:$C$1010,1108,'قيود اليومية'!$I$11:$I$1010,"مرحل ✔")-SUMIFS('قيود اليومية'!$H$11:$H$1010,'قيود اليومية'!$E$11:$E$1010,$B13,'قيود اليومية'!$C$11:$C$1010,1108,'قيود اليومية'!$I$11:$I$1010,"مرحل ✔")) | O13: =IF($B13="","",SUMIFS('قيود اليومية'!$H$11:$H$1010,'قيود اليومية'!$E$11:$E$1010,$B13,'قيود اليومية'!$J$11:$J$1010,"الإيرادات",'قيود اليومية'!$C$11:$C$1010,"<4200",'قيود اليومية'!$I$11:$I$1010,"مرحل ✔")-SUMIFS('قيود اليومية'!$G$11:$G$1010,'قيود اليومية'!$E$11:$E$1010,$B13,'قيود اليومية'!$J$11:$J$1010,"الإيرادات",'قيود اليومية'!$C$11:$C$1010,"<4200",'قيود اليومية'!$I$11:$I$1010,"مرحل ✔")) | P13: =IF($B13="","",O13-M13) | Q13: =IF($B13="","",IFERROR(P13/O13,0)) | R13: =IF($B13="","",IFERROR((M13+N13)/E13,0)) | S13: =IF($B13="","",IFERROR(O13/D13,0)) | T13: =IF($B13="","",SUMIFS('قيود اليومية'!$G$11:$G$1010,'قيود اليومية'!$E$11:$E$1010,$B13,'قيود اليومية'!$C$11:$C$1010,1104,'قيود اليومية'!$I$11:$I$1010,"مرحل ✔")-SUMIFS('قيود اليومية'!$H$11:$H$1010,'قيود اليومية'!$E$11:$E$1010,$B13,'قيود اليومية'!$C$11:$C$1010,1104,'قيود اليومية'!$I$11:$I$1010,"مرحل ✔")) | U13: =IF($B13="","",SUMIFS('قيود اليومية'!$H$11:$H$1010,'قيود اليومية'!$E$11:$E$1010,$B13,'قيود اليومية'!$C$11:$C$1010,2104,'قيود اليومية'!$I$11:$I$1010,"مرحل ✔")-SUMIFS('قيود اليومية'!$G$11:$G$1010,'قيود اليومية'!$E$11:$E$1010,$B13,'قيود اليومية'!$C$11:$C$1010,2104,'قيود اليومية'!$I$11:$I$1010,"مرحل ✔"))
H14: =IF($B14="","",SUMIFS('قيود اليومية'!$G$11:$G$1010,'قيود اليومية'!$E$11:$E$1010,$B14,'قيود اليومية'!$K$11:$K$1010,"مواد",'قيود اليومية'!$I$11:$I$1010,"مرحل ✔")-SUMIFS('قيود اليومية'!$H$11:$H$1010,'قيود اليومية'!$E$11:$E$1010,$B14,'قيود اليومية'!$K$11:$K$1010,"مواد",'قيود اليومية'!$I$11:$I$1010,"مرحل ✔")) | I14: =IF($B14="","",SUMIFS('قيود اليومية'!$G$11:$G$1010,'قيود اليومية'!$E$11:$E$1010,$B14,'قيود اليومية'!$K$11:$K$1010,"أجور عمال",'قيود اليومية'!$I$11:$I$1010,"مرحل ✔")-SUMIFS('قيود اليومية'!$H$11:$H$1010,'قيود اليومية'!$E$11:$E$1010,$B14,'قيود اليومية'!$K$11:$K$1010,"أجور عمال",'قيود اليومية'!$I$11:$I$1010,"مرحل ✔")) | J14: =IF($B14="","",SUMIFS('قيود اليومية'!$G$11:$G$1010,'قيود اليومية'!$E$11:$E$1010,$B14,'قيود اليومية'!$K$11:$K$1010,"مقاولو باطن",'قيود اليومية'!$I$11:$I$1010,"مرحل ✔")-SUMIFS('قيود اليومية'!$H$11:$H$1010,'قيود اليومية'!$E$11:$E$1010,$B14,'قيود اليومية'!$K$11:$K$1010,"مقاولو باطن",'قيود اليومية'!$I$11:$I$1010,"مرحل ✔")) | K14: =IF($B14="","",SUMIFS('قيود اليومية'!$G$11:$G$1010,'قيود اليومية'!$E$11:$E$1010,$B14,'قيود اليومية'!$K$11:$K$1010,"معدات",'قيود اليومية'!$I$11:$I$1010,"مرحل ✔")-SUMIFS('قيود اليومية'!$H$11:$H$1010,'قيود اليومية'!$E$11:$E$1010,$B14,'قيود اليومية'!$K$11:$K$1010,"معدات",'قيود اليومية'!$I$11:$I$1010,"مرحل ✔")) | L14: =IF($B14="","",SUMIFS('قيود اليومية'!$G$11:$G$1010,'قيود اليومية'!$E$11:$E$1010,$B14,'قيود اليومية'!$K$11:$K$1010,"مصاريف موقع",'قيود اليومية'!$I$11:$I$1010,"مرحل ✔")-SUMIFS('قيود اليومية'!$H$11:$H$1010,'قيود اليومية'!$E$11:$E$1010,$B14,'قيود اليومية'!$K$11:$K$1010,"مصاريف موقع",'قيود اليومية'!$I$11:$I$1010,"مرحل ✔")) | M14: =IF($B14="","",SUM(H14:L14)) | N14: =IF($B14="","",SUMIFS('قيود اليومية'!$G$11:$G$1010,'قيود اليومية'!$E$11:$E$1010,$B14,'قيود اليومية'!$C$11:$C$1010,1108,'قيود اليومية'!$I$11:$I$1010,"مرحل ✔")-SUMIFS('قيود اليومية'!$H$11:$H$1010,'قيود اليومية'!$E$11:$E$1010,$B14,'قيود اليومية'!$C$11:$C$1010,1108,'قيود اليومية'!$I$11:$I$1010,"مرحل ✔")) | O14: =IF($B14="","",SUMIFS('قيود اليومية'!$H$11:$H$1010,'قيود اليومية'!$E$11:$E$1010,$B14,'قيود اليومية'!$J$11:$J$1010,"الإيرادات",'قيود اليومية'!$C$11:$C$1010,"<4200",'قيود اليومية'!$I$11:$I$1010,"مرحل ✔")-SUMIFS('قيود اليومية'!$G$11:$G$1010,'قيود اليومية'!$E$11:$E$1010,$B14,'قيود اليومية'!$J$11:$J$1010,"الإيرادات",'قيود اليومية'!$C$11:$C$1010,"<4200",'قيود اليومية'!$I$11:$I$1010,"مرحل ✔")) | P14: =IF($B14="","",O14-M14) | Q14: =IF($B14="","",IFERROR(P14/O14,0)) | R14: =IF($B14="","",IFERROR((M14+N14)/E14,0)) | S14: =IF($B14="","",IFERROR(O14/D14,0)) | T14: =IF($B14="","",SUMIFS('قيود اليومية'!$G$11:$G$1010,'قيود اليومية'!$E$11:$E$1010,$B14,'قيود اليومية'!$C$11:$C$1010,1104,'قيود اليومية'!$I$11:$I$1010,"مرحل ✔")-SUMIFS('قيود اليومية'!$H$11:$H$1010,'قيود اليومية'!$E$11:$E$1010,$B14,'قيود اليومية'!$C$11:$C$1010,1104,'قيود اليومية'!$I$11:$I$1010,"مرحل ✔")) | U14: =IF($B14="","",SUMIFS('قيود اليومية'!$H$11:$H$1010,'قيود اليومية'!$E$11:$E$1010,$B14,'قيود اليومية'!$C$11:$C$1010,2104,'قيود اليومية'!$I$11:$I$1010,"مرحل ✔")-SUMIFS('قيود اليومية'!$G$11:$G$1010,'قيود اليومية'!$E$11:$E$1010,$B14,'قيود اليومية'!$C$11:$C$1010,2104,'قيود اليومية'!$I$11:$I$1010,"مرحل ✔"))
H15: =IF($B15="","",SUMIFS('قيود اليومية'!$G$11:$G$1010,'قيود اليومية'!$E$11:$E$1010,$B15,'قيود اليومية'!$K$11:$K$1010,"مواد",'قيود اليومية'!$I$11:$I$1010,"مرحل ✔")-SUMIFS('قيود اليومية'!$H$11:$H$1010,'قيود اليومية'!$E$11:$E$1010,$B15,'قيود اليومية'!$K$11:$K$1010,"مواد",'قيود اليومية'!$I$11:$I$1010,"مرحل ✔")) | I15: =IF($B15="","",SUMIFS('قيود اليومية'!$G$11:$G$1010,'قيود اليومية'!$E$11:$E$1010,$B15,'قيود اليومية'!$K$11:$K$1010,"أجور عمال",'قيود اليومية'!$I$11:$I$1010,"مرحل ✔")-SUMIFS('قيود اليومية'!$H$11:$H$1010,'قيود اليومية'!$E$11:$E$1010,$B15,'قيود اليومية'!$K$11:$K$1010,"أجور عمال",'قيود اليومية'!$I$11:$I$1010,"مرحل ✔")) | J15: =IF($B15="","",SUMIFS('قيود اليومية'!$G$11:$G$1010,'قيود اليومية'!$E$11:$E$1010,$B15,'قيود اليومية'!$K$11:$K$1010,"مقاولو باطن",'قيود اليومية'!$I$11:$I$1010,"مرحل ✔")-SUMIFS('قيود اليومية'!$H$11:$H$1010,'قيود اليومية'!$E$11:$E$1010,$B15,'قيود اليومية'!$K$11:$K$1010,"مقاولو باطن",'قيود اليومية'!$I$11:$I$1010,"مرحل ✔")) | K15: =IF($B15="","",SUMIFS('قيود اليومية'!$G$11:$G$1010,'قيود اليومية'!$E$11:$E$1010,$B15,'قيود اليومية'!$K$11:$K$1010,"معدات",'قيود اليومية'!$I$11:$I$1010,"مرحل ✔")-SUMIFS('قيود اليومية'!$H$11:$H$1010,'قيود اليومية'!$E$11:$E$1010,$B15,'قيود اليومية'!$K$11:$K$1010,"معدات",'قيود اليومية'!$I$11:$I$1010,"مرحل ✔")) | L15: =IF($B15="","",SUMIFS('قيود اليومية'!$G$11:$G$1010,'قيود اليومية'!$E$11:$E$1010,$B15,'قيود اليومية'!$K$11:$K$1010,"مصاريف موقع",'قيود اليومية'!$I$11:$I$1010,"مرحل ✔")-SUMIFS('قيود اليومية'!$H$11:$H$1010,'قيود اليومية'!$E$11:$E$1010,$B15,'قيود اليومية'!$K$11:$K$1010,"مصاريف موقع",'قيود اليومية'!$I$11:$I$1010,"مرحل ✔")) | M15: =IF($B15="","",SUM(H15:L15)) | N15: =IF($B15="","",SUMIFS('قيود اليومية'!$G$11:$G$1010,'قيود اليومية'!$E$11:$E$1010,$B15,'قيود اليومية'!$C$11:$C$1010,1108,'قيود اليومية'!$I$11:$I$1010,"مرحل ✔")-SUMIFS('قيود اليومية'!$H$11:$H$1010,'قيود اليومية'!$E$11:$E$1010,$B15,'قيود اليومية'!$C$11:$C$1010,1108,'قيود اليومية'!$I$11:$I$1010,"مرحل ✔")) | O15: =IF($B15="","",SUMIFS('قيود اليومية'!$H$11:$H$1010,'قيود اليومية'!$E$11:$E$1010,$B15,'قيود اليومية'!$J$11:$J$1010,"الإيرادات",'قيود اليومية'!$C$11:$C$1010,"<4200",'قيود اليومية'!$I$11:$I$1010,"مرحل ✔")-SUMIFS('قيود اليومية'!$G$11:$G$1010,'قيود اليومية'!$E$11:$E$1010,$B15,'قيود اليومية'!$J$11:$J$1010,"الإيرادات",'قيود اليومية'!$C$11:$C$1010,"<4200",'قيود اليومية'!$I$11:$I$1010,"مرحل ✔")) | P15: =IF($B15="","",O15-M15) | Q15: =IF($B15="","",IFERROR(P15/O15,0)) | R15: =IF($B15="","",IFERROR((M15+N15)/E15,0)) | S15: =IF($B15="","",IFERROR(O15/D15,0)) | T15: =IF($B15="","",SUMIFS('قيود اليومية'!$G$11:$G$1010,'قيود اليومية'!$E$11:$E$1010,$B15,'قيود اليومية'!$C$11:$C$1010,1104,'قيود اليومية'!$I$11:$I$1010,"مرحل ✔")-SUMIFS('قيود اليومية'!$H$11:$H$1010,'قيود اليومية'!$E$11:$E$1010,$B15,'قيود اليومية'!$C$11:$C$1010,1104,'قيود اليومية'!$I$11:$I$1010,"مرحل ✔")) | U15: =IF($B15="","",SUMIFS('قيود اليومية'!$H$11:$H$1010,'قيود اليومية'!$E$11:$E$1010,$B15,'قيود اليومية'!$C$11:$C$1010,2104,'قيود اليومية'!$I$11:$I$1010,"مرحل ✔")-SUMIFS('قيود اليومية'!$G$11:$G$1010,'قيود اليومية'!$E$11:$E$1010,$B15,'قيود اليومية'!$C$11:$C$1010,2104,'قيود اليومية'!$I$11:$I$1010,"مرحل ✔"))
